State_Country_Triage_Category,Failed_Field,PersonMailingState,PersonMailingCountry,Suggested_PersonMailingCountryCode,Suggested_PersonMailingStateCode,Record_Count,State_Country_Triage_Detail
Fixable by Code Update,PersonMailingState,SP,Brazil,BR,SP,456,Script can normalize state 'SP' with country 'Brazil' to PersonMailingCountryCode 'BR' and PersonMailingStateCode 'SP'.
Fixable by Code Update,PersonMailingState,ON,Canada,CA,ON,279,Script can normalize state 'ON' with country 'Canada' to PersonMailingCountryCode 'CA' and PersonMailingStateCode 'ON'.
Fixable by Code Update,PersonMailingState,BC,Canada,CA,BC,201,Script can normalize state 'BC' with country 'Canada' to PersonMailingCountryCode 'CA' and PersonMailingStateCode 'BC'.
Needs Client Clarification,PersonMailingState,California,China,CN,,198,"State cannot be deterministically mapped for the current row. It may conflict with the country, be a city/county/country value in the state field, or require Salesforce metadata expansion. Client/source-data owner must confirm the intended address."
Fixable by Code Update,PersonMailingState,SAO PAULO,Brazil,BR,SP,188,Script can normalize state 'SAO PAULO' with country 'Brazil' to PersonMailingCountryCode 'BR' and PersonMailingStateCode 'SP'.
Needs Client Clarification,PersonMailingState,SINGAPORE,Singapore,SG,,184,"State cannot be deterministically mapped for the current row. It may conflict with the country, be a city/county/country value in the state field, or require Salesforce metadata expansion. Client/source-data owner must confirm the intended address."
Needs Client Clarification,PersonMailingState,LONDON,United Kingdom,GB,,181,"State cannot be deterministically mapped for the current row. It may conflict with the country, be a city/county/country value in the state field, or require Salesforce metadata expansion. Client/source-data owner must confirm the intended address."
Needs Client Clarification,PersonMailingState,DUBAI,United Arab Emirates,AE,,117,"State cannot be deterministically mapped for the current row. It may conflict with the country, be a city/county/country value in the state field, or require Salesforce metadata expansion. Client/source-data owner must confirm the intended address."
Needs Client Clarification,PersonMailingState,California,Canada,CA,,115,"State cannot be deterministically mapped for the current row. It may conflict with the country, be a city/county/country value in the state field, or require Salesforce metadata expansion. Client/source-data owner must confirm the intended address."
Fixable by Code Update,PersonMailingState,NSW,Australia,AU,NSW,115,Script can normalize state 'NSW' with country 'Australia' to PersonMailingCountryCode 'AU' and PersonMailingStateCode 'NSW'.
Fixable by Code Update,PersonMailingCountry,MOSCOW,Russia,RU,,106,Script can normalize country value 'Russia' to PersonMailingCountryCode 'RU'.
Fixable by Code Update,PersonMailingState,RJ,Brazil,BR,RJ,97,Script can normalize state 'RJ' with country 'Brazil' to PersonMailingCountryCode 'BR' and PersonMailingStateCode 'RJ'.
Needs Client Clarification,PersonMailingCountry,HONG KONG,Hong Kong,CN,91,85,"Client decision needed. Salesforce metadata has Hong Kong as a China subdivision (CountryCode CN, StateCode 91), not as a standalone country. Confirm whether to map to CN/91 or change Salesforce country config."
Fixable by Code Update,PersonMailingState,CA - CALIFORNIA,United States,US,CA,72,Script can normalize state 'CA - CALIFORNIA' with country 'United States' to PersonMailingCountryCode 'US' and PersonMailingStateCode 'CA'.
Needs Client Clarification,PersonMailingState,LIMA,Peru,PE,,69,"State cannot be deterministically mapped for the current row. It may conflict with the country, be a city/county/country value in the state field, or require Salesforce metadata expansion. Client/source-data owner must confirm the intended address."
Needs Client Clarification,PersonMailingState,BERLIN,Germany,DE,,68,"State cannot be deterministically mapped for the current row. It may conflict with the country, be a city/county/country value in the state field, or require Salesforce metadata expansion. Client/source-data owner must confirm the intended address."
Needs Client Clarification,PersonMailingState,PUNJAB,Pakistan,PK,,65,"State cannot be deterministically mapped for the current row. It may conflict with the country, be a city/county/country value in the state field, or require Salesforce metadata expansion. Client/source-data owner must confirm the intended address."
Needs Client Clarification,PersonMailingState,California,India,IN,,63,"State cannot be deterministically mapped for the current row. It may conflict with the country, be a city/county/country value in the state field, or require Salesforce metadata expansion. Client/source-data owner must confirm the intended address."
Fixable by Code Update,PersonMailingCountry,SEOUL,"Korea, Republic Of (South)",KR,,62,"Script can normalize country value 'Korea, Republic Of (South)' to PersonMailingCountryCode 'KR'."
Needs Client Clarification,PersonMailingState,MADRID,Spain,ES,,62,"State cannot be deterministically mapped for the current row. It may conflict with the country, be a city/county/country value in the state field, or require Salesforce metadata expansion. Client/source-data owner must confirm the intended address."
Fixable by Code Update,PersonMailingState,QC,Canada,CA,QC,56,Script can normalize state 'QC' with country 'Canada' to PersonMailingCountryCode 'CA' and PersonMailingStateCode 'QC'.
Fixable by Code Update,PersonMailingState,VIC,Australia,AU,VIC,56,Script can normalize state 'VIC' with country 'Australia' to PersonMailingCountryCode 'AU' and PersonMailingStateCode 'VIC'.
Fixable by Code Update,PersonMailingState,AB,Canada,CA,AB,53,Script can normalize state 'AB' with country 'Canada' to PersonMailingCountryCode 'CA' and PersonMailingStateCode 'AB'.
Needs Client Clarification,PersonMailingState,AP,,,,51,"State cannot be deterministically mapped for the current row. It may conflict with the country, be a city/county/country value in the state field, or require Salesforce metadata expansion. Client/source-data owner must confirm the intended address."
Needs Client Clarification,PersonMailingState,NRW,Germany,DE,,46,"State cannot be deterministically mapped for the current row. It may conflict with the country, be a city/county/country value in the state field, or require Salesforce metadata expansion. Client/source-data owner must confirm the intended address."
Needs Client Clarification,PersonMailingState,Puerto Rico,Brazil,BR,,46,"State cannot be deterministically mapped for the current row. It may conflict with the country, be a city/county/country value in the state field, or require Salesforce metadata expansion. Client/source-data owner must confirm the intended address."
Fixable by Code Update,PersonMailingState,MEXICO CITY,Mexico,MX,DF,44,Script can normalize state 'MEXICO CITY' with country 'Mexico' to PersonMailingCountryCode 'MX' and PersonMailingStateCode 'DF'.
Needs Client Clarification,PersonMailingState,ZURICH,Switzerland,CH,,44,"State cannot be deterministically mapped for the current row. It may conflict with the country, be a city/county/country value in the state field, or require Salesforce metadata expansion. Client/source-data owner must confirm the intended address."
Needs Client Clarification,PersonMailingState,BOGOTA,Colombia,CO,,42,"State cannot be deterministically mapped for the current row. It may conflict with the country, be a city/county/country value in the state field, or require Salesforce metadata expansion. Client/source-data owner must confirm the intended address."
Needs Client Clarification,PersonMailingState,BARCELONA,Spain,ES,,40,"State cannot be deterministically mapped for the current row. It may conflict with the country, be a city/county/country value in the state field, or require Salesforce metadata expansion. Client/source-data owner must confirm the intended address."
Fixable by Code Update,PersonMailingState,CDMX,Mexico,MX,DF,40,Script can normalize state 'CDMX' with country 'Mexico' to PersonMailingCountryCode 'MX' and PersonMailingStateCode 'DF'.
Fixable by Code Update,PersonMailingState,MG,Brazil,BR,MG,39,Script can normalize state 'MG' with country 'Brazil' to PersonMailingCountryCode 'BR' and PersonMailingStateCode 'MG'.
Needs Client Clarification,PersonMailingState,CUNDINAMARCA,Colombia,CO,,38,"State cannot be deterministically mapped for the current row. It may conflict with the country, be a city/county/country value in the state field, or require Salesforce metadata expansion. Client/source-data owner must confirm the intended address."
Fixable by Code Update,PersonMailingState,DF,Brazil,BR,DF,37,Script can normalize state 'DF' with country 'Brazil' to PersonMailingCountryCode 'BR' and PersonMailingStateCode 'DF'.
Needs Client Clarification,PersonMailingState,South Carolina,Brazil,BR,,37,"State cannot be deterministically mapped for the current row. It may conflict with the country, be a city/county/country value in the state field, or require Salesforce metadata expansion. Client/source-data owner must confirm the intended address."
Needs Client Clarification,PersonMailingState,BUENOS AIRES,Argentina,AR,,34,"State cannot be deterministically mapped for the current row. It may conflict with the country, be a city/county/country value in the state field, or require Salesforce metadata expansion. Client/source-data owner must confirm the intended address."
Needs Client Clarification,PersonMailingState,KYIV,Ukraine,UA,,34,"State cannot be deterministically mapped for the current row. It may conflict with the country, be a city/county/country value in the state field, or require Salesforce metadata expansion. Client/source-data owner must confirm the intended address."
Needs Client Clarification,PersonMailingState,California,Egypt,EG,,33,"State cannot be deterministically mapped for the current row. It may conflict with the country, be a city/county/country value in the state field, or require Salesforce metadata expansion. Client/source-data owner must confirm the intended address."
Needs Client Clarification,PersonMailingState,BANGKOK,Thailand,TH,,32,"State cannot be deterministically mapped for the current row. It may conflict with the country, be a city/county/country value in the state field, or require Salesforce metadata expansion. Client/source-data owner must confirm the intended address."
Needs Client Clarification,PersonMailingState,LAGOS,Nigeria,NG,,32,"State cannot be deterministically mapped for the current row. It may conflict with the country, be a city/county/country value in the state field, or require Salesforce metadata expansion. Client/source-data owner must confirm the intended address."
Needs Client Clarification,PersonMailingState,METRO MANILA,Philippines,PH,,32,"State cannot be deterministically mapped for the current row. It may conflict with the country, be a city/county/country value in the state field, or require Salesforce metadata expansion. Client/source-data owner must confirm the intended address."
Needs Client Clarification,PersonMailingState,RIYADH,Saudi Arabia,SA,,32,"State cannot be deterministically mapped for the current row. It may conflict with the country, be a city/county/country value in the state field, or require Salesforce metadata expansion. Client/source-data owner must confirm the intended address."
Fixable by Code Update,PersonMailingState,RS,Brazil,BR,RS,32,Script can normalize state 'RS' with country 'Brazil' to PersonMailingCountryCode 'BR' and PersonMailingStateCode 'RS'.
Fixable by Code Update,PersonMailingCountry,California,"Korea, Republic Of (South)",KR,,31,"Script can normalize country value 'Korea, Republic Of (South)' to PersonMailingCountryCode 'KR'."
Fixable by Code Update,PersonMailingCountry,ISTANBUL,Turkey,TR,,30,Script can normalize country value 'Turkey' to PersonMailingCountryCode 'TR'.
Needs Client Clarification,PersonMailingState,California,United Kingdom,GB,,30,"State cannot be deterministically mapped for the current row. It may conflict with the country, be a city/county/country value in the state field, or require Salesforce metadata expansion. Client/source-data owner must confirm the intended address."
Needs Client Clarification,PersonMailingState,PARIS,France,FR,,30,"State cannot be deterministically mapped for the current row. It may conflict with the country, be a city/county/country value in the state field, or require Salesforce metadata expansion. Client/source-data owner must confirm the intended address."
Fixable by Code Update,PersonMailingState,TAMILNADU,India,IN,TN,29,Script can normalize state 'TAMILNADU' with country 'India' to PersonMailingCountryCode 'IN' and PersonMailingStateCode 'TN'.
Needs Client Clarification,PersonMailingState,AUCKLAND,New Zealand,NZ,,28,"State cannot be deterministically mapped for the current row. It may conflict with the country, be a city/county/country value in the state field, or require Salesforce metadata expansion. Client/source-data owner must confirm the intended address."
Needs Client Clarification,PersonMailingState,FRANCE,France,FR,,28,"State cannot be deterministically mapped for the current row. It may conflict with the country, be a city/county/country value in the state field, or require Salesforce metadata expansion. Client/source-data owner must confirm the intended address."
Needs Client Clarification,PersonMailingState,CAIRO,Egypt,EG,,27,"State cannot be deterministically mapped for the current row. It may conflict with the country, be a city/county/country value in the state field, or require Salesforce metadata expansion. Client/source-data owner must confirm the intended address."
Needs Client Clarification,PersonMailingState,California,Brazil,BR,,27,"State cannot be deterministically mapped for the current row. It may conflict with the country, be a city/county/country value in the state field, or require Salesforce metadata expansion. Client/source-data owner must confirm the intended address."
Needs Client Clarification,PersonMailingState,GAUTENG,South Africa,ZA,,27,"State cannot be deterministically mapped for the current row. It may conflict with the country, be a city/county/country value in the state field, or require Salesforce metadata expansion. Client/source-data owner must confirm the intended address."
Needs Client Clarification,PersonMailingState,GREATER LONDON,United Kingdom,GB,,27,"State cannot be deterministically mapped for the current row. It may conflict with the country, be a city/county/country value in the state field, or require Salesforce metadata expansion. Client/source-data owner must confirm the intended address."
Needs Client Clarification,PersonMailingState,MONTEVIDEO,Uruguay,UY,,27,"State cannot be deterministically mapped for the current row. It may conflict with the country, be a city/county/country value in the state field, or require Salesforce metadata expansion. Client/source-data owner must confirm the intended address."
Fixable by Code Update,PersonMailingCountry,California,Viet Nam,VN,,26,Script can normalize country value 'Viet Nam' to PersonMailingCountryCode 'VN'.
Needs Client Clarification,PersonMailingState,HESSEN,Germany,DE,,26,"State cannot be deterministically mapped for the current row. It may conflict with the country, be a city/county/country value in the state field, or require Salesforce metadata expansion. Client/source-data owner must confirm the intended address."
Needs Client Clarification,PersonMailingState,REGION METROPOLITANA,Chile,CL,,26,"State cannot be deterministically mapped for the current row. It may conflict with the country, be a city/county/country value in the state field, or require Salesforce metadata expansion. Client/source-data owner must confirm the intended address."
Needs Client Clarification,PersonMailingState,SINDH,Pakistan,PK,,25,"State cannot be deterministically mapped for the current row. It may conflict with the country, be a city/county/country value in the state field, or require Salesforce metadata expansion. Client/source-data owner must confirm the intended address."
Needs Client Clarification,PersonMailingState,BAYERN,Germany,DE,,24,"State cannot be deterministically mapped for the current row. It may conflict with the country, be a city/county/country value in the state field, or require Salesforce metadata expansion. Client/source-data owner must confirm the intended address."
Fixable by Code Update,PersonMailingState,CALIFORNIA (CA),United States,US,CA,24,Script can normalize state 'CALIFORNIA (CA)' with country 'United States' to PersonMailingCountryCode 'US' and PersonMailingStateCode 'CA'.
Needs Client Clarification,PersonMailingState,ANTIOQUIA,Colombia,CO,,23,"State cannot be deterministically mapped for the current row. It may conflict with the country, be a city/county/country value in the state field, or require Salesforce metadata expansion. Client/source-data owner must confirm the intended address."
Needs Client Clarification,PersonMailingState,ENGLAND,United Kingdom,GB,,23,"State cannot be deterministically mapped for the current row. It may conflict with the country, be a city/county/country value in the state field, or require Salesforce metadata expansion. Client/source-data owner must confirm the intended address."
Needs Client Clarification,PersonMailingState,TAIWAN,Taiwan,TW,,23,"State cannot be deterministically mapped for the current row. It may conflict with the country, be a city/county/country value in the state field, or require Salesforce metadata expansion. Client/source-data owner must confirm the intended address."
Fixable by Code Update,PersonMailingCountry,California,Russia,RU,,22,Script can normalize country value 'Russia' to PersonMailingCountryCode 'RU'.
Needs Client Clarification,PersonMailingState,ILE DE FRANCE,France,FR,,22,"State cannot be deterministically mapped for the current row. It may conflict with the country, be a city/county/country value in the state field, or require Salesforce metadata expansion. Client/source-data owner must confirm the intended address."
Needs Client Clarification,PersonMailingState,ITALY,Italy,IT,,22,"State cannot be deterministically mapped for the current row. It may conflict with the country, be a city/county/country value in the state field, or require Salesforce metadata expansion. Client/source-data owner must confirm the intended address."
Fixable by Code Update,PersonMailingState,NEW DELHI,India,IN,DL,22,Script can normalize state 'NEW DELHI' with country 'India' to PersonMailingCountryCode 'IN' and PersonMailingStateCode 'DL'.
Needs Client Clarification,PersonMailingState,STOCKHOLM,Sweden,SE,,22,"State cannot be deterministically mapped for the current row. It may conflict with the country, be a city/county/country value in the state field, or require Salesforce metadata expansion. Client/source-data owner must confirm the intended address."
Needs Client Clarification,PersonMailingState,California,Singapore,SG,,21,"State cannot be deterministically mapped for the current row. It may conflict with the country, be a city/county/country value in the state field, or require Salesforce metadata expansion. Client/source-data owner must confirm the intended address."
Needs Client Clarification,PersonMailingState,VIENNA,Austria,AT,,21,"State cannot be deterministically mapped for the current row. It may conflict with the country, be a city/county/country value in the state field, or require Salesforce metadata expansion. Client/source-data owner must confirm the intended address."
Needs Client Clarification,PersonMailingState,ISRAEL,Israel,IL,,20,"State cannot be deterministically mapped for the current row. It may conflict with the country, be a city/county/country value in the state field, or require Salesforce metadata expansion. Client/source-data owner must confirm the intended address."
Needs Client Clarification,PersonMailingState,MEXICO,Mexico,MX,,20,"State cannot be deterministically mapped for the current row. It may conflict with the country, be a city/county/country value in the state field, or require Salesforce metadata expansion. Client/source-data owner must confirm the intended address."
Fixable by Code Update,PersonMailingState,NUEVO LEON,Mexico,MX,NL,20,Script can normalize state 'NUEVO LEON' with country 'Mexico' to PersonMailingCountryCode 'MX' and PersonMailingStateCode 'NL'.
Fixable by Code Update,PersonMailingState,UP,India,IN,UP,20,Script can normalize state 'UP' with country 'India' to PersonMailingCountryCode 'IN' and PersonMailingStateCode 'UP'.
Fixable by Code Update,PersonMailingState,MH,India,IN,MH,19,Script can normalize state 'MH' with country 'India' to PersonMailingCountryCode 'IN' and PersonMailingStateCode 'MH'.
Fixable by Code Update,PersonMailingState,PARANA,Brazil,BR,PR,19,Script can normalize state 'PARANA' with country 'Brazil' to PersonMailingCountryCode 'BR' and PersonMailingStateCode 'PR'.
Fixable by Salesforce Config,PersonMailingState,Puerto Rico,United States,US,,19,State/territory exists in Salesforce Address.settings for this country but is inactive. Salesforce admin must activate it or approve a replacement mapping.
Needs Client Clarification,PersonMailingState,California,France,FR,,18,"State cannot be deterministically mapped for the current row. It may conflict with the country, be a city/county/country value in the state field, or require Salesforce metadata expansion. Client/source-data owner must confirm the intended address."
Fixable by Code Update,PersonMailingState,CIUDAD DE MEXICO,Mexico,MX,DF,18,Script can normalize state 'CIUDAD DE MEXICO' with country 'Mexico' to PersonMailingCountryCode 'MX' and PersonMailingStateCode 'DF'.
Needs Client Clarification,PersonMailingState,DHAKA,Bangladesh,BD,,18,"State cannot be deterministically mapped for the current row. It may conflict with the country, be a city/county/country value in the state field, or require Salesforce metadata expansion. Client/source-data owner must confirm the intended address."
Needs Client Clarification,PersonMailingState,MAZOWIECKIE,Poland,PL,,18,"State cannot be deterministically mapped for the current row. It may conflict with the country, be a city/county/country value in the state field, or require Salesforce metadata expansion. Client/source-data owner must confirm the intended address."
Fixable by Code Update,PersonMailingState,NL,Mexico,MX,NL,18,Script can normalize state 'NL' with country 'Mexico' to PersonMailingCountryCode 'MX' and PersonMailingStateCode 'NL'.
Fixable by Code Update,PersonMailingCountry,California,Turkey,TR,,17,Script can normalize country value 'Turkey' to PersonMailingCountryCode 'TR'.
Fixable by Salesforce Config,PersonMailingCountry,TEHRAN,Iran,,,17,Country/territory is not active as a country in the provided Salesforce Address.settings metadata. Salesforce admin must add/activate the country or decide an allowed replacement mapping.
Needs Client Clarification,PersonMailingState,BUCHAREST,Romania,RO,,17,"State cannot be deterministically mapped for the current row. It may conflict with the country, be a city/county/country value in the state field, or require Salesforce metadata expansion. Client/source-data owner must confirm the intended address."
Needs Client Clarification,PersonMailingState,GUATEMALA,Guatemala,GT,,17,"State cannot be deterministically mapped for the current row. It may conflict with the country, be a city/county/country value in the state field, or require Salesforce metadata expansion. Client/source-data owner must confirm the intended address."
Needs Client Clarification,PersonMailingState,LISBON,Portugal,PT,,17,"State cannot be deterministically mapped for the current row. It may conflict with the country, be a city/county/country value in the state field, or require Salesforce metadata expansion. Client/source-data owner must confirm the intended address."
Fixable by Code Update,PersonMailingState,PE,Brazil,BR,PE,17,Script can normalize state 'PE' with country 'Brazil' to PersonMailingCountryCode 'BR' and PersonMailingStateCode 'PE'.
Needs Client Clarification,PersonMailingState,SURREY,United Kingdom,GB,,17,"State cannot be deterministically mapped for the current row. It may conflict with the country, be a city/county/country value in the state field, or require Salesforce metadata expansion. Client/source-data owner must confirm the intended address."
Needs Client Clarification,PersonMailingState,UK,United Kingdom,GB,,17,"State cannot be deterministically mapped for the current row. It may conflict with the country, be a city/county/country value in the state field, or require Salesforce metadata expansion. Client/source-data owner must confirm the intended address."
Needs Client Clarification,PersonMailingState,BADEN-WURTTEMBERG,Germany,DE,,16,"State cannot be deterministically mapped for the current row. It may conflict with the country, be a city/county/country value in the state field, or require Salesforce metadata expansion. Client/source-data owner must confirm the intended address."
Needs Client Clarification,PersonMailingState,CHINA,China,CN,,16,"State cannot be deterministically mapped for the current row. It may conflict with the country, be a city/county/country value in the state field, or require Salesforce metadata expansion. Client/source-data owner must confirm the intended address."
Needs Client Clarification,PersonMailingState,GERMANY,Germany,DE,,16,"State cannot be deterministically mapped for the current row. It may conflict with the country, be a city/county/country value in the state field, or require Salesforce metadata expansion. Client/source-data owner must confirm the intended address."
Fixable by Code Update,PersonMailingState,QLD,Australia,AU,QLD,16,Script can normalize state 'QLD' with country 'Australia' to PersonMailingCountryCode 'AU' and PersonMailingStateCode 'QLD'.
Needs Client Clarification,PersonMailingState,TBILISI,Georgia,GE,,16,"State cannot be deterministically mapped for the current row. It may conflict with the country, be a city/county/country value in the state field, or require Salesforce metadata expansion. Client/source-data owner must confirm the intended address."
Needs Client Clarification,PersonMailingState,Washington,Australia,AU,,16,"State cannot be deterministically mapped for the current row. It may conflict with the country, be a city/county/country value in the state field, or require Salesforce metadata expansion. Client/source-data owner must confirm the intended address."
Fixable by Code Update,PersonMailingCountry,RUSSIA,Russia,RU,,15,Script can normalize country value 'Russia' to PersonMailingCountryCode 'RU'.
Needs Client Clarification,PersonMailingState,California,Netherlands,NL,,15,"State cannot be deterministically mapped for the current row. It may conflict with the country, be a city/county/country value in the state field, or require Salesforce metadata expansion. Client/source-data owner must confirm the intended address."
Needs Client Clarification,PersonMailingState,California,Pakistan,PK,,15,"State cannot be deterministically mapped for the current row. It may conflict with the country, be a city/county/country value in the state field, or require Salesforce metadata expansion. Client/source-data owner must confirm the intended address."
Needs Client Clarification,PersonMailingState,CUN,Colombia,CO,,15,"State cannot be deterministically mapped for the current row. It may conflict with the country, be a city/county/country value in the state field, or require Salesforce metadata expansion. Client/source-data owner must confirm the intended address."
Needs Client Clarification,PersonMailingState,INDIA,India,IN,,15,"State cannot be deterministically mapped for the current row. It may conflict with the country, be a city/county/country value in the state field, or require Salesforce metadata expansion. Client/source-data owner must confirm the intended address."
Needs Client Clarification,PersonMailingState,NOORD HOLLAND,Netherlands,NL,,15,"State cannot be deterministically mapped for the current row. It may conflict with the country, be a city/county/country value in the state field, or require Salesforce metadata expansion. Client/source-data owner must confirm the intended address."
Needs Client Clarification,PersonMailingState,VAUD,Switzerland,CH,,15,"State cannot be deterministically mapped for the current row. It may conflict with the country, be a city/county/country value in the state field, or require Salesforce metadata expansion. Client/source-data owner must confirm the intended address."
Needs Client Clarification,PersonMailingState,YEREVAN,Armenia,AM,,15,"State cannot be deterministically mapped for the current row. It may conflict with the country, be a city/county/country value in the state field, or require Salesforce metadata expansion. Client/source-data owner must confirm the intended address."
Needs Client Clarification,PersonMailingState,ZH,Switzerland,CH,,15,"State cannot be deterministically mapped for the current row. It may conflict with the country, be a city/county/country value in the state field, or require Salesforce metadata expansion. Client/source-data owner must confirm the intended address."
Needs Client Clarification,PersonMailingCountry,HK,Hong Kong,CN,91,14,"Client decision needed. Salesforce metadata has Hong Kong as a China subdivision (CountryCode CN, StateCode 91), not as a standalone country. Confirm whether to map to CN/91 or change Salesforce country config."
Needs Client Clarification,PersonMailingState,AMMAN,Jordan,JO,,14,"State cannot be deterministically mapped for the current row. It may conflict with the country, be a city/county/country value in the state field, or require Salesforce metadata expansion. Client/source-data owner must confirm the intended address."
Needs Client Clarification,PersonMailingState,California,Germany,DE,,14,"State cannot be deterministically mapped for the current row. It may conflict with the country, be a city/county/country value in the state field, or require Salesforce metadata expansion. Client/source-data owner must confirm the intended address."
Needs Client Clarification,PersonMailingState,DKI JAKARTA,Indonesia,ID,,14,"State cannot be deterministically mapped for the current row. It may conflict with the country, be a city/county/country value in the state field, or require Salesforce metadata expansion. Client/source-data owner must confirm the intended address."
Needs Client Clarification,PersonMailingState,METROPOLITANA,Chile,CL,,14,"State cannot be deterministically mapped for the current row. It may conflict with the country, be a city/county/country value in the state field, or require Salesforce metadata expansion. Client/source-data owner must confirm the intended address."
Needs Client Clarification,PersonMailingState,NORTH HOLLAND,Netherlands,NL,,14,"State cannot be deterministically mapped for the current row. It may conflict with the country, be a city/county/country value in the state field, or require Salesforce metadata expansion. Client/source-data owner must confirm the intended address."
Needs Client Clarification,PersonMailingState,RM,Chile,CL,,14,"State cannot be deterministically mapped for the current row. It may conflict with the country, be a city/county/country value in the state field, or require Salesforce metadata expansion. Client/source-data owner must confirm the intended address."
Needs Client Clarification,PersonMailingState,SELANGOR,Malaysia,MY,,14,"State cannot be deterministically mapped for the current row. It may conflict with the country, be a city/county/country value in the state field, or require Salesforce metadata expansion. Client/source-data owner must confirm the intended address."
Needs Client Clarification,PersonMailingState,WESTERN CAPE,South Africa,ZA,,14,"State cannot be deterministically mapped for the current row. It may conflict with the country, be a city/county/country value in the state field, or require Salesforce metadata expansion. Client/source-data owner must confirm the intended address."
Fixable by Salesforce Config,PersonMailingCountry,California,Iran,,,13,Country/territory is not active as a country in the provided Salesforce Address.settings metadata. Salesforce admin must add/activate the country or decide an allowed replacement mapping.
Needs Client Clarification,PersonMailingState,ASTANA,Kazakhstan,KZ,,13,"State cannot be deterministically mapped for the current row. It may conflict with the country, be a city/county/country value in the state field, or require Salesforce metadata expansion. Client/source-data owner must confirm the intended address."
Needs Client Clarification,PersonMailingState,BERN,Switzerland,CH,,13,"State cannot be deterministically mapped for the current row. It may conflict with the country, be a city/county/country value in the state field, or require Salesforce metadata expansion. Client/source-data owner must confirm the intended address."
Needs Client Clarification,PersonMailingState,GENEVA,Switzerland,CH,,13,"State cannot be deterministically mapped for the current row. It may conflict with the country, be a city/county/country value in the state field, or require Salesforce metadata expansion. Client/source-data owner must confirm the intended address."
Needs Client Clarification,PersonMailingState,JAKARTA,Indonesia,ID,,13,"State cannot be deterministically mapped for the current row. It may conflict with the country, be a city/county/country value in the state field, or require Salesforce metadata expansion. Client/source-data owner must confirm the intended address."
Needs Client Clarification,PersonMailingState,NAIROBI,Kenya,KE,,13,"State cannot be deterministically mapped for the current row. It may conflict with the country, be a city/county/country value in the state field, or require Salesforce metadata expansion. Client/source-data owner must confirm the intended address."
Needs Client Clarification,PersonMailingState,SOUTH HOLLAND,Netherlands,NL,,13,"State cannot be deterministically mapped for the current row. It may conflict with the country, be a city/county/country value in the state field, or require Salesforce metadata expansion. Client/source-data owner must confirm the intended address."
Fixable by Code Update,PersonMailingCountry,GYEONGGI-DO,"Korea, Republic Of (South)",KR,,12,"Script can normalize country value 'Korea, Republic Of (South)' to PersonMailingCountryCode 'KR'."
Fixable by Code Update,PersonMailingCountry,HANOI,Viet Nam,VN,,12,Script can normalize country value 'Viet Nam' to PersonMailingCountryCode 'VN'.
Needs Client Clarification,PersonMailingState,ABU DHABI,United Arab Emirates,AE,,12,"State cannot be deterministically mapped for the current row. It may conflict with the country, be a city/county/country value in the state field, or require Salesforce metadata expansion. Client/source-data owner must confirm the intended address."
Needs Client Clarification,PersonMailingState,ALMATY,Kazakhstan,KZ,,12,"State cannot be deterministically mapped for the current row. It may conflict with the country, be a city/county/country value in the state field, or require Salesforce metadata expansion. Client/source-data owner must confirm the intended address."
Fixable by Code Update,PersonMailingState,BA,Brazil,BR,BA,12,Script can normalize state 'BA' with country 'Brazil' to PersonMailingCountryCode 'BR' and PersonMailingStateCode 'BA'.
Needs Client Clarification,PersonMailingState,California,Saudi Arabia,SA,,12,"State cannot be deterministically mapped for the current row. It may conflict with the country, be a city/county/country value in the state field, or require Salesforce metadata expansion. Client/source-data owner must confirm the intended address."
Needs Client Clarification,PersonMailingState,CAMBRIDGESHIRE,United Kingdom,GB,,12,"State cannot be deterministically mapped for the current row. It may conflict with the country, be a city/county/country value in the state field, or require Salesforce metadata expansion. Client/source-data owner must confirm the intended address."
Needs Client Clarification,PersonMailingState,DOHA,Qatar,QA,,12,"State cannot be deterministically mapped for the current row. It may conflict with the country, be a city/county/country value in the state field, or require Salesforce metadata expansion. Client/source-data owner must confirm the intended address."
Needs Client Clarification,PersonMailingState,DOLNOSLASKIE,Poland,PL,,12,"State cannot be deterministically mapped for the current row. It may conflict with the country, be a city/county/country value in the state field, or require Salesforce metadata expansion. Client/source-data owner must confirm the intended address."
Needs Client Clarification,PersonMailingState,EGYPT,Egypt,EG,,12,"State cannot be deterministically mapped for the current row. It may conflict with the country, be a city/county/country value in the state field, or require Salesforce metadata expansion. Client/source-data owner must confirm the intended address."
Needs Client Clarification,PersonMailingState,GREATER ACCRA,Ghana,GH,,12,"State cannot be deterministically mapped for the current row. It may conflict with the country, be a city/county/country value in the state field, or require Salesforce metadata expansion. Client/source-data owner must confirm the intended address."
Needs Client Clarification,PersonMailingState,PANAMA,Panama,PA,,12,"State cannot be deterministically mapped for the current row. It may conflict with the country, be a city/county/country value in the state field, or require Salesforce metadata expansion. Client/source-data owner must confirm the intended address."
Needs Client Clarification,PersonMailingState,PICHINCHA,Ecuador,EC,,12,"State cannot be deterministically mapped for the current row. It may conflict with the country, be a city/county/country value in the state field, or require Salesforce metadata expansion. Client/source-data owner must confirm the intended address."
Needs Client Clarification,PersonMailingState,VALENCIA,Spain,ES,,12,"State cannot be deterministically mapped for the current row. It may conflict with the country, be a city/county/country value in the state field, or require Salesforce metadata expansion. Client/source-data owner must confirm the intended address."
Needs Client Clarification,PersonMailingState,ZUID-HOLLAND,Netherlands,NL,,12,"State cannot be deterministically mapped for the current row. It may conflict with the country, be a city/county/country value in the state field, or require Salesforce metadata expansion. Client/source-data owner must confirm the intended address."
Needs Client Clarification,PersonMailingCountry,KOWLOON,Hong Kong,CN,91,11,"Client decision needed. Salesforce metadata has Hong Kong as a China subdivision (CountryCode CN, StateCode 91), not as a standalone country. Confirm whether to map to CN/91 or change Salesforce country config."
Needs Client Clarification,PersonMailingState,BAGMATI,Nepal,NP,,11,"State cannot be deterministically mapped for the current row. It may conflict with the country, be a city/county/country value in the state field, or require Salesforce metadata expansion. Client/source-data owner must confirm the intended address."
Needs Client Clarification,PersonMailingState,CABA,Argentina,AR,,11,"State cannot be deterministically mapped for the current row. It may conflict with the country, be a city/county/country value in the state field, or require Salesforce metadata expansion. Client/source-data owner must confirm the intended address."
Needs Client Clarification,PersonMailingState,California,Spain,ES,,11,"State cannot be deterministically mapped for the current row. It may conflict with the country, be a city/county/country value in the state field, or require Salesforce metadata expansion. Client/source-data owner must confirm the intended address."
Needs Client Clarification,PersonMailingState,COPENHAGEN,Denmark,DK,,11,"State cannot be deterministically mapped for the current row. It may conflict with the country, be a city/county/country value in the state field, or require Salesforce metadata expansion. Client/source-data owner must confirm the intended address."
Needs Client Clarification,PersonMailingState,DISTRITO FEDERAL,Mexico,MX,,11,"State cannot be deterministically mapped for the current row. It may conflict with the country, be a city/county/country value in the state field, or require Salesforce metadata expansion. Client/source-data owner must confirm the intended address."
Needs Client Clarification,PersonMailingState,KENT,United Kingdom,GB,,11,"State cannot be deterministically mapped for the current row. It may conflict with the country, be a city/county/country value in the state field, or require Salesforce metadata expansion. Client/source-data owner must confirm the intended address."
Needs Client Clarification,PersonMailingState,LUXEMBOURG,Luxembourg,LU,,11,"State cannot be deterministically mapped for the current row. It may conflict with the country, be a city/county/country value in the state field, or require Salesforce metadata expansion. Client/source-data owner must confirm the intended address."
Needs Client Clarification,PersonMailingState,NCR,Philippines,PH,,11,"State cannot be deterministically mapped for the current row. It may conflict with the country, be a city/county/country value in the state field, or require Salesforce metadata expansion. Client/source-data owner must confirm the intended address."
Needs Client Clarification,PersonMailingState,PORTO,Portugal,PT,,11,"State cannot be deterministically mapped for the current row. It may conflict with the country, be a city/county/country value in the state field, or require Salesforce metadata expansion. Client/source-data owner must confirm the intended address."
Needs Client Clarification,PersonMailingCountry,California,Hong Kong,CN,91,10,"Client decision needed. Salesforce metadata has Hong Kong as a China subdivision (CountryCode CN, StateCode 91), not as a standalone country. Confirm whether to map to CN/91 or change Salesforce country config."
Fixable by Code Update,PersonMailingCountry,HA NOI,Viet Nam,VN,,10,Script can normalize country value 'Viet Nam' to PersonMailingCountryCode 'VN'.
Fixable by Code Update,PersonMailingCountry,MOSCOW REGION,Russia,RU,,10,Script can normalize country value 'Russia' to PersonMailingCountryCode 'RU'.
Needs Client Clarification,PersonMailingCountry,NA,Hong Kong,CN,91,10,"Client decision needed. Salesforce metadata has Hong Kong as a China subdivision (CountryCode CN, StateCode 91), not as a standalone country. Confirm whether to map to CN/91 or change Salesforce country config."
Needs Client Clarification,PersonMailingState,California,Mexico,MX,,10,"State cannot be deterministically mapped for the current row. It may conflict with the country, be a city/county/country value in the state field, or require Salesforce metadata expansion. Client/source-data owner must confirm the intended address."
Fixable by Code Update,PersonMailingState,DF,Mexico,MX,DF,10,Script can normalize state 'DF' with country 'Mexico' to PersonMailingCountryCode 'MX' and PersonMailingStateCode 'DF'.
Fixable by Code Update,PersonMailingState,GO,Brazil,BR,GO,10,Script can normalize state 'GO' with country 'Brazil' to PersonMailingCountryCode 'BR' and PersonMailingStateCode 'GO'.
Needs Client Clarification,PersonMailingState,HAMBURG,Germany,DE,,10,"State cannot be deterministically mapped for the current row. It may conflict with the country, be a city/county/country value in the state field, or require Salesforce metadata expansion. Client/source-data owner must confirm the intended address."
Needs Client Clarification,PersonMailingState,HAMPSHIRE,United Kingdom,GB,,10,"State cannot be deterministically mapped for the current row. It may conflict with the country, be a city/county/country value in the state field, or require Salesforce metadata expansion. Client/source-data owner must confirm the intended address."
Fixable by Code Update,PersonMailingState,KA,India,IN,KA,10,Script can normalize state 'KA' with country 'India' to PersonMailingCountryCode 'IN' and PersonMailingStateCode 'KA'.
Needs Client Clarification,PersonMailingState,Michigan,Italy,IT,,10,"State cannot be deterministically mapped for the current row. It may conflict with the country, be a city/county/country value in the state field, or require Salesforce metadata expansion. Client/source-data owner must confirm the intended address."
Needs Client Clarification,PersonMailingState,OSLO,Norway,NO,,10,"State cannot be deterministically mapped for the current row. It may conflict with the country, be a city/county/country value in the state field, or require Salesforce metadata expansion. Client/source-data owner must confirm the intended address."
Needs Client Clarification,PersonMailingState,SG,Singapore,SG,,10,"State cannot be deterministically mapped for the current row. It may conflict with the country, be a city/county/country value in the state field, or require Salesforce metadata expansion. Client/source-data owner must confirm the intended address."
Needs Client Clarification,PersonMailingState,SOFIA,Bulgaria,BG,,10,"State cannot be deterministically mapped for the current row. It may conflict with the country, be a city/county/country value in the state field, or require Salesforce metadata expansion. Client/source-data owner must confirm the intended address."
Needs Client Clarification,PersonMailingState,TAIPEI,Taiwan,TW,,10,"State cannot be deterministically mapped for the current row. It may conflict with the country, be a city/county/country value in the state field, or require Salesforce metadata expansion. Client/source-data owner must confirm the intended address."
Needs Client Clarification,PersonMailingState,UUSIMAA,Finland,FI,,10,"State cannot be deterministically mapped for the current row. It may conflict with the country, be a city/county/country value in the state field, or require Salesforce metadata expansion. Client/source-data owner must confirm the intended address."
Fixable by Code Update,PersonMailingCountry,ANKARA,Turkey,TR,,9,Script can normalize country value 'Turkey' to PersonMailingCountryCode 'TR'.
Fixable by Code Update,PersonMailingCountry,SAINT-PETERSBURG,Russia,RU,,9,Script can normalize country value 'Russia' to PersonMailingCountryCode 'RU'.
Fixable by Code Update,PersonMailingCountry,TURKEY,Turkey,TR,,9,Script can normalize country value 'Turkey' to PersonMailingCountryCode 'TR'.
Needs Client Clarification,PersonMailingState,BELGIUM,Belgium,BE,,9,"State cannot be deterministically mapped for the current row. It may conflict with the country, be a city/county/country value in the state field, or require Salesforce metadata expansion. Client/source-data owner must confirm the intended address."
Needs Client Clarification,PersonMailingState,BW,Germany,DE,,9,"State cannot be deterministically mapped for the current row. It may conflict with the country, be a city/county/country value in the state field, or require Salesforce metadata expansion. Client/source-data owner must confirm the intended address."
Needs Client Clarification,PersonMailingState,California,Denmark,DK,,9,"State cannot be deterministically mapped for the current row. It may conflict with the country, be a city/county/country value in the state field, or require Salesforce metadata expansion. Client/source-data owner must confirm the intended address."
Needs Client Clarification,PersonMailingState,California,Norway,NO,,9,"State cannot be deterministically mapped for the current row. It may conflict with the country, be a city/county/country value in the state field, or require Salesforce metadata expansion. Client/source-data owner must confirm the intended address."
Needs Client Clarification,PersonMailingState,California,Sweden,SE,,9,"State cannot be deterministically mapped for the current row. It may conflict with the country, be a city/county/country value in the state field, or require Salesforce metadata expansion. Client/source-data owner must confirm the intended address."
Fixable by Code Update,PersonMailingState,CEARA,Brazil,BR,CE,9,Script can normalize state 'CEARA' with country 'Brazil' to PersonMailingCountryCode 'BR' and PersonMailingStateCode 'CE'.
Needs Client Clarification,PersonMailingState,LISBOA,Portugal,PT,,9,"State cannot be deterministically mapped for the current row. It may conflict with the country, be a city/county/country value in the state field, or require Salesforce metadata expansion. Client/source-data owner must confirm the intended address."
Needs Client Clarification,PersonMailingState,MINSK,Belarus,BY,,9,"State cannot be deterministically mapped for the current row. It may conflict with the country, be a city/county/country value in the state field, or require Salesforce metadata expansion. Client/source-data owner must confirm the intended address."
Needs Client Clarification,PersonMailingState,NIEDERSACHSEN,Germany,DE,,9,"State cannot be deterministically mapped for the current row. It may conflict with the country, be a city/county/country value in the state field, or require Salesforce metadata expansion. Client/source-data owner must confirm the intended address."
Needs Client Clarification,PersonMailingState,NOORD-HOLLAND,Netherlands,NL,,9,"State cannot be deterministically mapped for the current row. It may conflict with the country, be a city/county/country value in the state field, or require Salesforce metadata expansion. Client/source-data owner must confirm the intended address."
Needs Client Clarification,PersonMailingState,Tennessee,India,IN,,9,"State cannot be deterministically mapped for the current row. It may conflict with the country, be a city/county/country value in the state field, or require Salesforce metadata expansion. Client/source-data owner must confirm the intended address."
Needs Client Clarification,PersonMailingState,VD,Switzerland,CH,,9,"State cannot be deterministically mapped for the current row. It may conflict with the country, be a city/county/country value in the state field, or require Salesforce metadata expansion. Client/source-data owner must confirm the intended address."
Needs Client Clarification,PersonMailingState,ZUG,Switzerland,CH,,9,"State cannot be deterministically mapped for the current row. It may conflict with the country, be a city/county/country value in the state field, or require Salesforce metadata expansion. Client/source-data owner must confirm the intended address."
Needs Client Clarification,PersonMailingState,ZUID HOLLAND,Netherlands,NL,,9,"State cannot be deterministically mapped for the current row. It may conflict with the country, be a city/county/country value in the state field, or require Salesforce metadata expansion. Client/source-data owner must confirm the intended address."
Fixable by Code Update,PersonMailingState,ACT,Australia,AU,ACT,8,Script can normalize state 'ACT' with country 'Australia' to PersonMailingCountryCode 'AU' and PersonMailingStateCode 'ACT'.
Needs Client Clarification,PersonMailingState,ALICANTE,Spain,ES,,8,"State cannot be deterministically mapped for the current row. It may conflict with the country, be a city/county/country value in the state field, or require Salesforce metadata expansion. Client/source-data owner must confirm the intended address."
Fixable by Code Update,PersonMailingState,AP,India,IN,AP,8,Script can normalize state 'AP' with country 'India' to PersonMailingCountryCode 'IN' and PersonMailingStateCode 'AP'.
Fixable by Code Update,PersonMailingState,AP,United States,US,AP,8,Script can normalize state 'AP' with country 'United States' to PersonMailingCountryCode 'US' and PersonMailingStateCode 'AP'.
Needs Client Clarification,PersonMailingState,ATTIKI,Greece,GR,,8,"State cannot be deterministically mapped for the current row. It may conflict with the country, be a city/county/country value in the state field, or require Salesforce metadata expansion. Client/source-data owner must confirm the intended address."
Needs Client Clarification,PersonMailingState,BEIRUT,Lebanon,LB,,8,"State cannot be deterministically mapped for the current row. It may conflict with the country, be a city/county/country value in the state field, or require Salesforce metadata expansion. Client/source-data owner must confirm the intended address."
Needs Client Clarification,PersonMailingState,BERKSHIRE,United Kingdom,GB,,8,"State cannot be deterministically mapped for the current row. It may conflict with the country, be a city/county/country value in the state field, or require Salesforce metadata expansion. Client/source-data owner must confirm the intended address."
Needs Client Clarification,PersonMailingState,BRUSSELS,Belgium,BE,,8,"State cannot be deterministically mapped for the current row. It may conflict with the country, be a city/county/country value in the state field, or require Salesforce metadata expansion. Client/source-data owner must confirm the intended address."
Needs Client Clarification,PersonMailingState,BUDAPEST,Hungary,HU,,8,"State cannot be deterministically mapped for the current row. It may conflict with the country, be a city/county/country value in the state field, or require Salesforce metadata expansion. Client/source-data owner must confirm the intended address."
Fixable by Code Update,PersonMailingState,CE,Brazil,BR,CE,8,Script can normalize state 'CE' with country 'Brazil' to PersonMailingCountryCode 'BR' and PersonMailingStateCode 'CE'.
Needs Client Clarification,PersonMailingState,EASTERN PROVINCE,Saudi Arabia,SA,,8,"State cannot be deterministically mapped for the current row. It may conflict with the country, be a city/county/country value in the state field, or require Salesforce metadata expansion. Client/source-data owner must confirm the intended address."
Needs Client Clarification,PersonMailingState,GIZA,Egypt,EG,,8,"State cannot be deterministically mapped for the current row. It may conflict with the country, be a city/county/country value in the state field, or require Salesforce metadata expansion. Client/source-data owner must confirm the intended address."
Needs Client Clarification,PersonMailingState,KUALA LUMPUR,Malaysia,MY,,8,"State cannot be deterministically mapped for the current row. It may conflict with the country, be a city/county/country value in the state field, or require Salesforce metadata expansion. Client/source-data owner must confirm the intended address."
Needs Client Clarification,PersonMailingState,MANILA,Philippines,PH,,8,"State cannot be deterministically mapped for the current row. It may conflict with the country, be a city/county/country value in the state field, or require Salesforce metadata expansion. Client/source-data owner must confirm the intended address."
Fixable by Code Update,PersonMailingState,MICHOACAN,Mexico,MX,MI,8,Script can normalize state 'MICHOACAN' with country 'Mexico' to PersonMailingCountryCode 'MX' and PersonMailingStateCode 'MI'.
Needs Client Clarification,PersonMailingState,OXFORDSHIRE,United Kingdom,GB,,8,"State cannot be deterministically mapped for the current row. It may conflict with the country, be a city/county/country value in the state field, or require Salesforce metadata expansion. Client/source-data owner must confirm the intended address."
Fixable by Code Update,PersonMailingState,QUERETARO,Mexico,MX,QE,8,Script can normalize state 'QUERETARO' with country 'Mexico' to PersonMailingCountryCode 'MX' and PersonMailingStateCode 'QE'.
Needs Client Clarification,PersonMailingState,SPAIN,Spain,ES,,8,"State cannot be deterministically mapped for the current row. It may conflict with the country, be a city/county/country value in the state field, or require Salesforce metadata expansion. Client/source-data owner must confirm the intended address."
Needs Client Clarification,PersonMailingState,UKRAINE,Ukraine,UA,,8,"State cannot be deterministically mapped for the current row. It may conflict with the country, be a city/county/country value in the state field, or require Salesforce metadata expansion. Client/source-data owner must confirm the intended address."
Needs Client Clarification,PersonMailingState,UNITED STATES,United States,US,,8,"State cannot be deterministically mapped for the current row. It may conflict with the country, be a city/county/country value in the state field, or require Salesforce metadata expansion. Client/source-data owner must confirm the intended address."
Needs Client Clarification,PersonMailingState,UTRECHT,Netherlands,NL,,8,"State cannot be deterministically mapped for the current row. It may conflict with the country, be a city/county/country value in the state field, or require Salesforce metadata expansion. Client/source-data owner must confirm the intended address."
Fixable by Code Update,PersonMailingCountry,CZECH REPUBLIC,Czech Republic,CZ,,7,Script can normalize country value 'Czech Republic' to PersonMailingCountryCode 'CZ'.
Needs Client Clarification,PersonMailingCountry,NEW TERRITORIES,Hong Kong,CN,91,7,"Client decision needed. Salesforce metadata has Hong Kong as a China subdivision (CountryCode CN, StateCode 91), not as a standalone country. Confirm whether to map to CN/91 or change Salesforce country config."
Fixable by Code Update,PersonMailingCountry,,Russia,RU,,7,Script can normalize country value 'Russia' to PersonMailingCountryCode 'RU'.
Fixable by Code Update,PersonMailingCountry,TR,Turkey,TR,,7,Script can normalize country value 'Turkey' to PersonMailingCountryCode 'TR'.
Fixable by Code Update,PersonMailingState,AE,United States,US,AE,7,Script can normalize state 'AE' with country 'United States' to PersonMailingCountryCode 'US' and PersonMailingStateCode 'AE'.
Needs Client Clarification,PersonMailingState,BOGOTA DC,Colombia,CO,,7,"State cannot be deterministically mapped for the current row. It may conflict with the country, be a city/county/country value in the state field, or require Salesforce metadata expansion. Client/source-data owner must confirm the intended address."
Needs Client Clarification,PersonMailingState,California,Japan,JP,,7,"State cannot be deterministically mapped for the current row. It may conflict with the country, be a city/county/country value in the state field, or require Salesforce metadata expansion. Client/source-data owner must confirm the intended address."
Needs Client Clarification,PersonMailingState,California,Morocco,MA,,7,"State cannot be deterministically mapped for the current row. It may conflict with the country, be a city/county/country value in the state field, or require Salesforce metadata expansion. Client/source-data owner must confirm the intended address."
Needs Client Clarification,PersonMailingState,California,Nigeria,NG,,7,"State cannot be deterministically mapped for the current row. It may conflict with the country, be a city/county/country value in the state field, or require Salesforce metadata expansion. Client/source-data owner must confirm the intended address."
Needs Client Clarification,PersonMailingState,CENTRAL SINGAPORE,Singapore,SG,,7,"State cannot be deterministically mapped for the current row. It may conflict with the country, be a city/county/country value in the state field, or require Salesforce metadata expansion. Client/source-data owner must confirm the intended address."
Needs Client Clarification,PersonMailingState,CN,China,CN,,7,"State cannot be deterministically mapped for the current row. It may conflict with the country, be a city/county/country value in the state field, or require Salesforce metadata expansion. Client/source-data owner must confirm the intended address."
Needs Client Clarification,PersonMailingState,DEUTSCHLAND,Germany,DE,,7,"State cannot be deterministically mapped for the current row. It may conflict with the country, be a city/county/country value in the state field, or require Salesforce metadata expansion. Client/source-data owner must confirm the intended address."
Needs Client Clarification,PersonMailingState,EAST JAVA,Indonesia,ID,,7,"State cannot be deterministically mapped for the current row. It may conflict with the country, be a city/county/country value in the state field, or require Salesforce metadata expansion. Client/source-data owner must confirm the intended address."
Needs Client Clarification,PersonMailingState,ESTADO DE MEXICO,Mexico,MX,,7,"State cannot be deterministically mapped for the current row. It may conflict with the country, be a city/county/country value in the state field, or require Salesforce metadata expansion. Client/source-data owner must confirm the intended address."
Needs Client Clarification,PersonMailingState,FR,,,,7,"State cannot be deterministically mapped for the current row. It may conflict with the country, be a city/county/country value in the state field, or require Salesforce metadata expansion. Client/source-data owner must confirm the intended address."
Needs Client Clarification,PersonMailingState,HARJUMAA,Estonia,EE,,7,"State cannot be deterministically mapped for the current row. It may conflict with the country, be a city/county/country value in the state field, or require Salesforce metadata expansion. Client/source-data owner must confirm the intended address."
Needs Client Clarification,PersonMailingState,IRELAND,Ireland,IE,,7,"State cannot be deterministically mapped for the current row. It may conflict with the country, be a city/county/country value in the state field, or require Salesforce metadata expansion. Client/source-data owner must confirm the intended address."
Needs Client Clarification,PersonMailingState,MANAMA,Bahrain,BH,,7,"State cannot be deterministically mapped for the current row. It may conflict with the country, be a city/county/country value in the state field, or require Salesforce metadata expansion. Client/source-data owner must confirm the intended address."
Fixable by Code Update,PersonMailingState,MB,Canada,CA,MB,7,Script can normalize state 'MB' with country 'Canada' to PersonMailingCountryCode 'CA' and PersonMailingStateCode 'MB'.
Needs Client Clarification,PersonMailingState,New Hampshire,Netherlands,NL,,7,"State cannot be deterministically mapped for the current row. It may conflict with the country, be a city/county/country value in the state field, or require Salesforce metadata expansion. Client/source-data owner must confirm the intended address."
Needs Client Clarification,PersonMailingState,Northern Mariana Islands,India,IN,,7,"State cannot be deterministically mapped for the current row. It may conflict with the country, be a city/county/country value in the state field, or require Salesforce metadata expansion. Client/source-data owner must confirm the intended address."
Fixable by Code Update,PersonMailingState,NS,Canada,CA,NS,7,Script can normalize state 'NS' with country 'Canada' to PersonMailingCountryCode 'CA' and PersonMailingStateCode 'NS'.
Needs Client Clarification,PersonMailingState,SAN JOSE,Costa Rica,CR,,7,"State cannot be deterministically mapped for the current row. It may conflict with the country, be a city/county/country value in the state field, or require Salesforce metadata expansion. Client/source-data owner must confirm the intended address."
Needs Client Clarification,PersonMailingState,SKANE,Sweden,SE,,7,"State cannot be deterministically mapped for the current row. It may conflict with the country, be a city/county/country value in the state field, or require Salesforce metadata expansion. Client/source-data owner must confirm the intended address."
Needs Client Clarification,PersonMailingState,SOMERSET,United Kingdom,GB,,7,"State cannot be deterministically mapped for the current row. It may conflict with the country, be a city/county/country value in the state field, or require Salesforce metadata expansion. Client/source-data owner must confirm the intended address."
Needs Client Clarification,PersonMailingState,SWEDEN,Sweden,SE,,7,"State cannot be deterministically mapped for the current row. It may conflict with the country, be a city/county/country value in the state field, or require Salesforce metadata expansion. Client/source-data owner must confirm the intended address."
Needs Client Clarification,PersonMailingState,US-0-CA,United States,US,,7,"State cannot be deterministically mapped for the current row. It may conflict with the country, be a city/county/country value in the state field, or require Salesforce metadata expansion. Client/source-data owner must confirm the intended address."
Fixable by Code Update,PersonMailingState,WB,India,IN,WB,7,Script can normalize state 'WB' with country 'India' to PersonMailingCountryCode 'IN' and PersonMailingStateCode 'WB'.
Needs Client Clarification,PersonMailingCountry,California,San Mateo,,,6,"Country value is not a country or contains mixed location data. Client/source-data owner must confirm the correct country and whether the value belongs in city, state, county, or another address field."
Fixable by Code Update,PersonMailingCountry,California,U.S.A,US,,6,Script can normalize country value 'U.S.A' to PersonMailingCountryCode 'US'.
Fixable by Code Update,PersonMailingCountry,HO CHI MINH CITY,Viet Nam,VN,,6,Script can normalize country value 'Viet Nam' to PersonMailingCountryCode 'VN'.
Needs Client Clarification,PersonMailingState,ANTWERP,Belgium,BE,,6,"State cannot be deterministically mapped for the current row. It may conflict with the country, be a city/county/country value in the state field, or require Salesforce metadata expansion. Client/source-data owner must confirm the intended address."
Needs Client Clarification,PersonMailingState,BADEN-WUERTTEMBERG,Germany,DE,,6,"State cannot be deterministically mapped for the current row. It may conflict with the country, be a city/county/country value in the state field, or require Salesforce metadata expansion. Client/source-data owner must confirm the intended address."
Needs Client Clarification,PersonMailingState,BALI,Indonesia,ID,,6,"State cannot be deterministically mapped for the current row. It may conflict with the country, be a city/county/country value in the state field, or require Salesforce metadata expansion. Client/source-data owner must confirm the intended address."
Needs Client Clarification,PersonMailingState,BC,,,,6,"State cannot be deterministically mapped for the current row. It may conflict with the country, be a city/county/country value in the state field, or require Salesforce metadata expansion. Client/source-data owner must confirm the intended address."
Needs Client Clarification,PersonMailingState,BR,Brazil,BR,,6,"State cannot be deterministically mapped for the current row. It may conflict with the country, be a city/county/country value in the state field, or require Salesforce metadata expansion. Client/source-data owner must confirm the intended address."
Needs Client Clarification,PersonMailingState,California,Australia,AU,,6,"State cannot be deterministically mapped for the current row. It may conflict with the country, be a city/county/country value in the state field, or require Salesforce metadata expansion. Client/source-data owner must confirm the intended address."
Needs Client Clarification,PersonMailingState,California,Bangladesh,BD,,6,"State cannot be deterministically mapped for the current row. It may conflict with the country, be a city/county/country value in the state field, or require Salesforce metadata expansion. Client/source-data owner must confirm the intended address."
Needs Client Clarification,PersonMailingState,California,Israel,IL,,6,"State cannot be deterministically mapped for the current row. It may conflict with the country, be a city/county/country value in the state field, or require Salesforce metadata expansion. Client/source-data owner must confirm the intended address."
Needs Client Clarification,PersonMailingState,California,Kazakhstan,KZ,,6,"State cannot be deterministically mapped for the current row. It may conflict with the country, be a city/county/country value in the state field, or require Salesforce metadata expansion. Client/source-data owner must confirm the intended address."
Needs Client Clarification,PersonMailingState,California,Poland,PL,,6,"State cannot be deterministically mapped for the current row. It may conflict with the country, be a city/county/country value in the state field, or require Salesforce metadata expansion. Client/source-data owner must confirm the intended address."
Needs Client Clarification,PersonMailingState,California,United Arab Emirates,AE,,6,"State cannot be deterministically mapped for the current row. It may conflict with the country, be a city/county/country value in the state field, or require Salesforce metadata expansion. Client/source-data owner must confirm the intended address."
Needs Client Clarification,PersonMailingState,DENMARK,Denmark,DK,,6,"State cannot be deterministically mapped for the current row. It may conflict with the country, be a city/county/country value in the state field, or require Salesforce metadata expansion. Client/source-data owner must confirm the intended address."
Fixable by Code Update,PersonMailingState,ES,Brazil,BR,ES,6,Script can normalize state 'ES' with country 'Brazil' to PersonMailingCountryCode 'BR' and PersonMailingStateCode 'ES'.
Needs Client Clarification,PersonMailingState,GELDERLAND,Netherlands,NL,,6,"State cannot be deterministically mapped for the current row. It may conflict with the country, be a city/county/country value in the state field, or require Salesforce metadata expansion. Client/source-data owner must confirm the intended address."
Needs Client Clarification,PersonMailingState,GUAYAS,Ecuador,EC,,6,"State cannot be deterministically mapped for the current row. It may conflict with the country, be a city/county/country value in the state field, or require Salesforce metadata expansion. Client/source-data owner must confirm the intended address."
Needs Client Clarification,PersonMailingState,IDF,France,FR,,6,"State cannot be deterministically mapped for the current row. It may conflict with the country, be a city/county/country value in the state field, or require Salesforce metadata expansion. Client/source-data owner must confirm the intended address."
Needs Client Clarification,PersonMailingState,ISLAMABAD,Pakistan,PK,,6,"State cannot be deterministically mapped for the current row. It may conflict with the country, be a city/county/country value in the state field, or require Salesforce metadata expansion. Client/source-data owner must confirm the intended address."
Needs Client Clarification,PersonMailingState,JAPAN,Japan,JP,,6,"State cannot be deterministically mapped for the current row. It may conflict with the country, be a city/county/country value in the state field, or require Salesforce metadata expansion. Client/source-data owner must confirm the intended address."
Needs Client Clarification,PersonMailingState,LOMBARDY,Italy,IT,,6,"State cannot be deterministically mapped for the current row. It may conflict with the country, be a city/county/country value in the state field, or require Salesforce metadata expansion. Client/source-data owner must confirm the intended address."
Needs Client Clarification,PersonMailingState,LVIV,Ukraine,UA,,6,"State cannot be deterministically mapped for the current row. It may conflict with the country, be a city/county/country value in the state field, or require Salesforce metadata expansion. Client/source-data owner must confirm the intended address."
Needs Client Clarification,PersonMailingState,MILANO,Italy,IT,,6,"State cannot be deterministically mapped for the current row. It may conflict with the country, be a city/county/country value in the state field, or require Salesforce metadata expansion. Client/source-data owner must confirm the intended address."
Needs Client Clarification,PersonMailingState,Montana,Brazil,BR,,6,"State cannot be deterministically mapped for the current row. It may conflict with the country, be a city/county/country value in the state field, or require Salesforce metadata expansion. Client/source-data owner must confirm the intended address."
Needs Client Clarification,PersonMailingState,MUSCAT,Oman,OM,,6,"State cannot be deterministically mapped for the current row. It may conflict with the country, be a city/county/country value in the state field, or require Salesforce metadata expansion. Client/source-data owner must confirm the intended address."
Needs Client Clarification,PersonMailingState,SANTIAGO,Chile,CL,,6,"State cannot be deterministically mapped for the current row. It may conflict with the country, be a city/county/country value in the state field, or require Salesforce metadata expansion. Client/source-data owner must confirm the intended address."
Needs Client Clarification,PersonMailingState,SAUDI ARABIA,Saudi Arabia,SA,,6,"State cannot be deterministically mapped for the current row. It may conflict with the country, be a city/county/country value in the state field, or require Salesforce metadata expansion. Client/source-data owner must confirm the intended address."
Needs Client Clarification,PersonMailingState,SAXONY,Germany,DE,,6,"State cannot be deterministically mapped for the current row. It may conflict with the country, be a city/county/country value in the state field, or require Salesforce metadata expansion. Client/source-data owner must confirm the intended address."
Fixable by Code Update,PersonMailingState,SK,Canada,CA,SK,6,Script can normalize state 'SK' with country 'Canada' to PersonMailingCountryCode 'CA' and PersonMailingStateCode 'SK'.
Needs Client Clarification,PersonMailingState,SP,,,,6,"State cannot be deterministically mapped for the current row. It may conflict with the country, be a city/county/country value in the state field, or require Salesforce metadata expansion. Client/source-data owner must confirm the intended address."
Needs Client Clarification,PersonMailingState,SWITZERLAND,Switzerland,CH,,6,"State cannot be deterministically mapped for the current row. It may conflict with the country, be a city/county/country value in the state field, or require Salesforce metadata expansion. Client/source-data owner must confirm the intended address."
Needs Client Clarification,PersonMailingState,TASHKENT,Uzbekistan,UZ,,6,"State cannot be deterministically mapped for the current row. It may conflict with the country, be a city/county/country value in the state field, or require Salesforce metadata expansion. Client/source-data owner must confirm the intended address."
Needs Client Clarification,PersonMailingState,UAE,United Arab Emirates,AE,,6,"State cannot be deterministically mapped for the current row. It may conflict with the country, be a city/county/country value in the state field, or require Salesforce metadata expansion. Client/source-data owner must confirm the intended address."
Needs Client Clarification,PersonMailingState,WARSAW,Poland,PL,,6,"State cannot be deterministically mapped for the current row. It may conflict with the country, be a city/county/country value in the state field, or require Salesforce metadata expansion. Client/source-data owner must confirm the intended address."
Needs Client Clarification,PersonMailingState,WEST JAVA,Indonesia,ID,,6,"State cannot be deterministically mapped for the current row. It may conflict with the country, be a city/county/country value in the state field, or require Salesforce metadata expansion. Client/source-data owner must confirm the intended address."
Needs Client Clarification,PersonMailingState,WEST MIDLANDS,United Kingdom,GB,,6,"State cannot be deterministically mapped for the current row. It may conflict with the country, be a city/county/country value in the state field, or require Salesforce metadata expansion. Client/source-data owner must confirm the intended address."
Needs Client Clarification,PersonMailingState,WESTERN PROVINCE,Sri Lanka,LK,,6,"State cannot be deterministically mapped for the current row. It may conflict with the country, be a city/county/country value in the state field, or require Salesforce metadata expansion. Client/source-data owner must confirm the intended address."
Fixable by Code Update,PersonMailingState,北京,China,CN,,6,State is blank/NA. Script should omit/null PersonMailingStateCode instead of sending a literal placeholder.
Fixable by Code Update,PersonMailingState,广东,China,CN,,6,State is blank/NA. Script should omit/null PersonMailingStateCode instead of sending a literal placeholder.
Fixable by Code Update,PersonMailingCountry,California,Czech Republic,CZ,,5,Script can normalize country value 'Czech Republic' to PersonMailingCountryCode 'CZ'.
Needs Client Clarification,PersonMailingCountry,California,Santa Clara,,,5,"Country value is not a country or contains mixed location data. Client/source-data owner must confirm the correct country and whether the value belongs in city, state, county, or another address field."
Fixable by Code Update,PersonMailingCountry,CANKAYA,Turkey,TR,,5,Script can normalize country value 'Turkey' to PersonMailingCountryCode 'TR'.
Fixable by Code Update,PersonMailingCountry,DUBAI,UAE,AE,,5,Script can normalize country value 'UAE' to PersonMailingCountryCode 'AE'.
Fixable by Code Update,PersonMailingCountry,HO CHI MINH,Viet Nam,VN,,5,Script can normalize country value 'Viet Nam' to PersonMailingCountryCode 'VN'.
Needs Client Clarification,PersonMailingCountry,,Hong Kong,CN,91,5,"Client decision needed. Salesforce metadata has Hong Kong as a China subdivision (CountryCode CN, StateCode 91), not as a standalone country. Confirm whether to map to CN/91 or change Salesforce country config."
Fixable by Salesforce Config,PersonMailingCountry,IRAN,Iran,,,5,Country/territory is not active as a country in the provided Salesforce Address.settings metadata. Salesforce admin must add/activate the country or decide an allowed replacement mapping.
Fixable by Code Update,PersonMailingCountry,PRAGUE,Czech Republic,CZ,,5,Script can normalize country value 'Czech Republic' to PersonMailingCountryCode 'CZ'.
Fixable by Code Update,PersonMailingCountry,PRAHA,Czech Republic,CZ,,5,Script can normalize country value 'Czech Republic' to PersonMailingCountryCode 'CZ'.
Needs Client Clarification,PersonMailingState,AG,Switzerland,CH,,5,"State cannot be deterministically mapped for the current row. It may conflict with the country, be a city/county/country value in the state field, or require Salesforce metadata expansion. Client/source-data owner must confirm the intended address."
Needs Client Clarification,PersonMailingState,BADEN WURTTEMBERG,Germany,DE,,5,"State cannot be deterministically mapped for the current row. It may conflict with the country, be a city/county/country value in the state field, or require Salesforce metadata expansion. Client/source-data owner must confirm the intended address."
Needs Client Clarification,PersonMailingState,BL,Switzerland,CH,,5,"State cannot be deterministically mapped for the current row. It may conflict with the country, be a city/county/country value in the state field, or require Salesforce metadata expansion. Client/source-data owner must confirm the intended address."
Needs Client Clarification,PersonMailingState,BRAZIL,Brazil,BR,,5,"State cannot be deterministically mapped for the current row. It may conflict with the country, be a city/county/country value in the state field, or require Salesforce metadata expansion. Client/source-data owner must confirm the intended address."
Needs Client Clarification,PersonMailingState,BUCURESTI,Romania,RO,,5,"State cannot be deterministically mapped for the current row. It may conflict with the country, be a city/county/country value in the state field, or require Salesforce metadata expansion. Client/source-data owner must confirm the intended address."
Needs Client Clarification,PersonMailingState,C,,,,5,"State cannot be deterministically mapped for the current row. It may conflict with the country, be a city/county/country value in the state field, or require Salesforce metadata expansion. Client/source-data owner must confirm the intended address."
Fixable by Code Update,PersonMailingState,CA-CALIFORNIA,United States,US,CA,5,Script can normalize state 'CA-CALIFORNIA' with country 'United States' to PersonMailingCountryCode 'US' and PersonMailingStateCode 'CA'.
Needs Client Clarification,PersonMailingState,California,Chile,CL,,5,"State cannot be deterministically mapped for the current row. It may conflict with the country, be a city/county/country value in the state field, or require Salesforce metadata expansion. Client/source-data owner must confirm the intended address."
Needs Client Clarification,PersonMailingState,California,Colombia,CO,,5,"State cannot be deterministically mapped for the current row. It may conflict with the country, be a city/county/country value in the state field, or require Salesforce metadata expansion. Client/source-data owner must confirm the intended address."
Needs Client Clarification,PersonMailingState,California,Ethiopia,ET,,5,"State cannot be deterministically mapped for the current row. It may conflict with the country, be a city/county/country value in the state field, or require Salesforce metadata expansion. Client/source-data owner must confirm the intended address."
Needs Client Clarification,PersonMailingState,California,Switzerland,CH,,5,"State cannot be deterministically mapped for the current row. It may conflict with the country, be a city/county/country value in the state field, or require Salesforce metadata expansion. Client/source-data owner must confirm the intended address."
Needs Client Clarification,PersonMailingState,CANTERBURY,New Zealand,NZ,,5,"State cannot be deterministically mapped for the current row. It may conflict with the country, be a city/county/country value in the state field, or require Salesforce metadata expansion. Client/source-data owner must confirm the intended address."
Needs Client Clarification,PersonMailingState,CASABLANCA,Morocco,MA,,5,"State cannot be deterministically mapped for the current row. It may conflict with the country, be a city/county/country value in the state field, or require Salesforce metadata expansion. Client/source-data owner must confirm the intended address."
Needs Client Clarification,PersonMailingState,CC,,,,5,"State cannot be deterministically mapped for the current row. It may conflict with the country, be a city/county/country value in the state field, or require Salesforce metadata expansion. Client/source-data owner must confirm the intended address."
Needs Client Clarification,PersonMailingState,CHESHIRE,United Kingdom,GB,,5,"State cannot be deterministically mapped for the current row. It may conflict with the country, be a city/county/country value in the state field, or require Salesforce metadata expansion. Client/source-data owner must confirm the intended address."
Needs Client Clarification,PersonMailingState,CORDOBA,Argentina,AR,,5,"State cannot be deterministically mapped for the current row. It may conflict with the country, be a city/county/country value in the state field, or require Salesforce metadata expansion. Client/source-data owner must confirm the intended address."
Needs Client Clarification,PersonMailingState,ILE-DE-FRANCE,France,FR,,5,"State cannot be deterministically mapped for the current row. It may conflict with the country, be a city/county/country value in the state field, or require Salesforce metadata expansion. Client/source-data owner must confirm the intended address."
Needs Client Clarification,PersonMailingState,Illinois,Israel,IL,,5,"State cannot be deterministically mapped for the current row. It may conflict with the country, be a city/county/country value in the state field, or require Salesforce metadata expansion. Client/source-data owner must confirm the intended address."
Needs Client Clarification,PersonMailingState,KIEV,Ukraine,UA,,5,"State cannot be deterministically mapped for the current row. It may conflict with the country, be a city/county/country value in the state field, or require Salesforce metadata expansion. Client/source-data owner must confirm the intended address."
Needs Client Clarification,PersonMailingState,LA LIBERTAD,El Salvador,SV,,5,"State cannot be deterministically mapped for the current row. It may conflict with the country, be a city/county/country value in the state field, or require Salesforce metadata expansion. Client/source-data owner must confirm the intended address."
Needs Client Clarification,PersonMailingState,MAHARASTRA,India,IN,,5,"State cannot be deterministically mapped for the current row. It may conflict with the country, be a city/county/country value in the state field, or require Salesforce metadata expansion. Client/source-data owner must confirm the intended address."
Needs Client Clarification,PersonMailingState,MAKKAH,Saudi Arabia,SA,,5,"State cannot be deterministically mapped for the current row. It may conflict with the country, be a city/county/country value in the state field, or require Salesforce metadata expansion. Client/source-data owner must confirm the intended address."
Needs Client Clarification,PersonMailingState,NORDRHEIN-WESTFALEN,Germany,DE,,5,"State cannot be deterministically mapped for the current row. It may conflict with the country, be a city/county/country value in the state field, or require Salesforce metadata expansion. Client/source-data owner must confirm the intended address."
Needs Client Clarification,PersonMailingState,PACA,France,FR,,5,"State cannot be deterministically mapped for the current row. It may conflict with the country, be a city/county/country value in the state field, or require Salesforce metadata expansion. Client/source-data owner must confirm the intended address."
Fixable by Code Update,PersonMailingState,RM,Italy,IT,RM,5,Script can normalize state 'RM' with country 'Italy' to PersonMailingCountryCode 'IT' and PersonMailingStateCode 'RM'.
Needs Client Clarification,PersonMailingState,SAN SALVADOR,El Salvador,SV,,5,"State cannot be deterministically mapped for the current row. It may conflict with the country, be a city/county/country value in the state field, or require Salesforce metadata expansion. Client/source-data owner must confirm the intended address."
Needs Client Clarification,PersonMailingState,TEL AVIV,Israel,IL,,5,"State cannot be deterministically mapped for the current row. It may conflict with the country, be a city/county/country value in the state field, or require Salesforce metadata expansion. Client/source-data owner must confirm the intended address."
Needs Client Clarification,PersonMailingState,TICINO,Switzerland,CH,,5,"State cannot be deterministically mapped for the current row. It may conflict with the country, be a city/county/country value in the state field, or require Salesforce metadata expansion. Client/source-data owner must confirm the intended address."
Needs Client Clarification,PersonMailingState,UNITED ARAB EMIRATES,United Arab Emirates,AE,,5,"State cannot be deterministically mapped for the current row. It may conflict with the country, be a city/county/country value in the state field, or require Salesforce metadata expansion. Client/source-data owner must confirm the intended address."
Needs Client Clarification,PersonMailingState,UNITED KINGDOM,United Kingdom,GB,,5,"State cannot be deterministically mapped for the current row. It may conflict with the country, be a city/county/country value in the state field, or require Salesforce metadata expansion. Client/source-data owner must confirm the intended address."
Needs Client Clarification,PersonMailingState,USA,United States,US,,5,"State cannot be deterministically mapped for the current row. It may conflict with the country, be a city/county/country value in the state field, or require Salesforce metadata expansion. Client/source-data owner must confirm the intended address."
Needs Client Clarification,PersonMailingState,WESTERN,Saudi Arabia,SA,,5,"State cannot be deterministically mapped for the current row. It may conflict with the country, be a city/county/country value in the state field, or require Salesforce metadata expansion. Client/source-data owner must confirm the intended address."
Needs Client Clarification,PersonMailingState,WILTSHIRE,United Kingdom,GB,,5,"State cannot be deterministically mapped for the current row. It may conflict with the country, be a city/county/country value in the state field, or require Salesforce metadata expansion. Client/source-data owner must confirm the intended address."
Needs Client Clarification,PersonMailingState,YANGON,Myanmar,MM,,5,"State cannot be deterministically mapped for the current row. It may conflict with the country, be a city/county/country value in the state field, or require Salesforce metadata expansion. Client/source-data owner must confirm the intended address."
Needs Client Clarification,PersonMailingState,YVELINES,France,FR,,5,"State cannot be deterministically mapped for the current row. It may conflict with the country, be a city/county/country value in the state field, or require Salesforce metadata expansion. Client/source-data owner must confirm the intended address."
Fixable by Code Update,PersonMailingCountry,RU,Russia,RU,,4,Script can normalize country value 'Russia' to PersonMailingCountryCode 'RU'.
Fixable by Code Update,PersonMailingCountry,SAINT PETERSBURG,Russia,RU,,4,Script can normalize country value 'Russia' to PersonMailingCountryCode 'RU'.
Fixable by Code Update,PersonMailingCountry,SEOUL,South Korea,KR,,4,Script can normalize country value 'South Korea' to PersonMailingCountryCode 'KR'.
Fixable by Code Update,PersonMailingCountry,SOUTH KOREA,"Korea, Republic Of (South)",KR,,4,"Script can normalize country value 'Korea, Republic Of (South)' to PersonMailingCountryCode 'KR'."
Fixable by Code Update,PersonMailingCountry,,Turkey,TR,,4,Script can normalize country value 'Turkey' to PersonMailingCountryCode 'TR'.
Needs Client Clarification,PersonMailingState,ADDIS ABABA,Ethiopia,ET,,4,"State cannot be deterministically mapped for the current row. It may conflict with the country, be a city/county/country value in the state field, or require Salesforce metadata expansion. Client/source-data owner must confirm the intended address."
Needs Client Clarification,PersonMailingState,AE,,,,4,"State cannot be deterministically mapped for the current row. It may conflict with the country, be a city/county/country value in the state field, or require Salesforce metadata expansion. Client/source-data owner must confirm the intended address."
Needs Client Clarification,PersonMailingState,AUSTRIA,Austria,AT,,4,"State cannot be deterministically mapped for the current row. It may conflict with the country, be a city/county/country value in the state field, or require Salesforce metadata expansion. Client/source-data owner must confirm the intended address."
Needs Client Clarification,PersonMailingState,BANTEN,Indonesia,ID,,4,"State cannot be deterministically mapped for the current row. It may conflict with the country, be a city/county/country value in the state field, or require Salesforce metadata expansion. Client/source-data owner must confirm the intended address."
Needs Client Clarification,PersonMailingState,BASEL-STADT,Switzerland,CH,,4,"State cannot be deterministically mapped for the current row. It may conflict with the country, be a city/county/country value in the state field, or require Salesforce metadata expansion. Client/source-data owner must confirm the intended address."
Needs Client Clarification,PersonMailingState,BASEL,Switzerland,CH,,4,"State cannot be deterministically mapped for the current row. It may conflict with the country, be a city/county/country value in the state field, or require Salesforce metadata expansion. Client/source-data owner must confirm the intended address."
Needs Client Clarification,PersonMailingState,BUCKINGHAMSHIRE,United Kingdom,GB,,4,"State cannot be deterministically mapped for the current row. It may conflict with the country, be a city/county/country value in the state field, or require Salesforce metadata expansion. Client/source-data owner must confirm the intended address."
Fixable by Code Update,PersonMailingState,BY,Germany,DE,BY,4,Script can normalize state 'BY' with country 'Germany' to PersonMailingCountryCode 'DE' and PersonMailingStateCode 'BY'.
Fixable by Code Update,PersonMailingState,CA CALIFORNIA,United States,US,CA,4,Script can normalize state 'CA CALIFORNIA' with country 'United States' to PersonMailingCountryCode 'US' and PersonMailingStateCode 'CA'.
Needs Client Clarification,PersonMailingState,California,Austria,AT,,4,"State cannot be deterministically mapped for the current row. It may conflict with the country, be a city/county/country value in the state field, or require Salesforce metadata expansion. Client/source-data owner must confirm the intended address."
Needs Client Clarification,PersonMailingState,California,Bahrain,BH,,4,"State cannot be deterministically mapped for the current row. It may conflict with the country, be a city/county/country value in the state field, or require Salesforce metadata expansion. Client/source-data owner must confirm the intended address."
Needs Client Clarification,PersonMailingState,California,Belgium,BE,,4,"State cannot be deterministically mapped for the current row. It may conflict with the country, be a city/county/country value in the state field, or require Salesforce metadata expansion. Client/source-data owner must confirm the intended address."
Needs Client Clarification,PersonMailingState,California,Bulgaria,BG,,4,"State cannot be deterministically mapped for the current row. It may conflict with the country, be a city/county/country value in the state field, or require Salesforce metadata expansion. Client/source-data owner must confirm the intended address."
Needs Client Clarification,PersonMailingState,California,Georgia,GE,,4,"State cannot be deterministically mapped for the current row. It may conflict with the country, be a city/county/country value in the state field, or require Salesforce metadata expansion. Client/source-data owner must confirm the intended address."
Needs Client Clarification,PersonMailingState,California,Ireland,IE,,4,"State cannot be deterministically mapped for the current row. It may conflict with the country, be a city/county/country value in the state field, or require Salesforce metadata expansion. Client/source-data owner must confirm the intended address."
Needs Client Clarification,PersonMailingState,California,Italy,IT,,4,"State cannot be deterministically mapped for the current row. It may conflict with the country, be a city/county/country value in the state field, or require Salesforce metadata expansion. Client/source-data owner must confirm the intended address."
Needs Client Clarification,PersonMailingState,California,Peru,PE,,4,"State cannot be deterministically mapped for the current row. It may conflict with the country, be a city/county/country value in the state field, or require Salesforce metadata expansion. Client/source-data owner must confirm the intended address."
Needs Client Clarification,PersonMailingState,California,Portugal,PT,,4,"State cannot be deterministically mapped for the current row. It may conflict with the country, be a city/county/country value in the state field, or require Salesforce metadata expansion. Client/source-data owner must confirm the intended address."
Needs Client Clarification,PersonMailingState,California,Qatar,QA,,4,"State cannot be deterministically mapped for the current row. It may conflict with the country, be a city/county/country value in the state field, or require Salesforce metadata expansion. Client/source-data owner must confirm the intended address."
Needs Client Clarification,PersonMailingState,California,Taiwan,TW,,4,"State cannot be deterministically mapped for the current row. It may conflict with the country, be a city/county/country value in the state field, or require Salesforce metadata expansion. Client/source-data owner must confirm the intended address."
Needs Client Clarification,PersonMailingState,CATALONIA,Spain,ES,,4,"State cannot be deterministically mapped for the current row. It may conflict with the country, be a city/county/country value in the state field, or require Salesforce metadata expansion. Client/source-data owner must confirm the intended address."
Needs Client Clarification,PersonMailingState,CEBU,Philippines,PH,,4,"State cannot be deterministically mapped for the current row. It may conflict with the country, be a city/county/country value in the state field, or require Salesforce metadata expansion. Client/source-data owner must confirm the intended address."
Needs Client Clarification,PersonMailingState,COLOMBIA,Colombia,CO,,4,"State cannot be deterministically mapped for the current row. It may conflict with the country, be a city/county/country value in the state field, or require Salesforce metadata expansion. Client/source-data owner must confirm the intended address."
Needs Client Clarification,PersonMailingState,DEVON,United Kingdom,GB,,4,"State cannot be deterministically mapped for the current row. It may conflict with the country, be a city/county/country value in the state field, or require Salesforce metadata expansion. Client/source-data owner must confirm the intended address."
Needs Client Clarification,PersonMailingState,District of Columbia,Colombia,CO,,4,"State cannot be deterministically mapped for the current row. It may conflict with the country, be a city/county/country value in the state field, or require Salesforce metadata expansion. Client/source-data owner must confirm the intended address."
Needs Client Clarification,PersonMailingState,EDINBURGH,United Kingdom,GB,,4,"State cannot be deterministically mapped for the current row. It may conflict with the country, be a city/county/country value in the state field, or require Salesforce metadata expansion. Client/source-data owner must confirm the intended address."
Needs Client Clarification,PersonMailingState,EG,Egypt,EG,,4,"State cannot be deterministically mapped for the current row. It may conflict with the country, be a city/county/country value in the state field, or require Salesforce metadata expansion. Client/source-data owner must confirm the intended address."
Needs Client Clarification,PersonMailingState,ESSEX,United Kingdom,GB,,4,"State cannot be deterministically mapped for the current row. It may conflict with the country, be a city/county/country value in the state field, or require Salesforce metadata expansion. Client/source-data owner must confirm the intended address."
Needs Client Clarification,PersonMailingState,GEORGIA,Georgia,GE,,4,"State cannot be deterministically mapped for the current row. It may conflict with the country, be a city/county/country value in the state field, or require Salesforce metadata expansion. Client/source-data owner must confirm the intended address."
Needs Client Clarification,PersonMailingState,GIRONA,Spain,ES,,4,"State cannot be deterministically mapped for the current row. It may conflict with the country, be a city/county/country value in the state field, or require Salesforce metadata expansion. Client/source-data owner must confirm the intended address."
Fixable by Code Update,PersonMailingState,GOIAS,Brazil,BR,GO,4,Script can normalize state 'GOIAS' with country 'Brazil' to PersonMailingCountryCode 'BR' and PersonMailingStateCode 'GO'.
Needs Client Clarification,PersonMailingState,GREATER MANCHESTER,United Kingdom,GB,,4,"State cannot be deterministically mapped for the current row. It may conflict with the country, be a city/county/country value in the state field, or require Salesforce metadata expansion. Client/source-data owner must confirm the intended address."
Needs Client Clarification,PersonMailingState,GUANGDONG PROVINCE,China,CN,,4,"State cannot be deterministically mapped for the current row. It may conflict with the country, be a city/county/country value in the state field, or require Salesforce metadata expansion. Client/source-data owner must confirm the intended address."
Needs Client Clarification,PersonMailingState,HAIDIAN,China,CN,,4,"State cannot be deterministically mapped for the current row. It may conflict with the country, be a city/county/country value in the state field, or require Salesforce metadata expansion. Client/source-data owner must confirm the intended address."
Needs Client Clarification,PersonMailingState,HAUTS DE SEINE,France,FR,,4,"State cannot be deterministically mapped for the current row. It may conflict with the country, be a city/county/country value in the state field, or require Salesforce metadata expansion. Client/source-data owner must confirm the intended address."
Needs Client Clarification,PersonMailingState,HESSE,Germany,DE,,4,"State cannot be deterministically mapped for the current row. It may conflict with the country, be a city/county/country value in the state field, or require Salesforce metadata expansion. Client/source-data owner must confirm the intended address."
Needs Client Clarification,PersonMailingState,INDONESIA,Indonesia,ID,,4,"State cannot be deterministically mapped for the current row. It may conflict with the country, be a city/county/country value in the state field, or require Salesforce metadata expansion. Client/source-data owner must confirm the intended address."
Needs Client Clarification,PersonMailingState,INNER MONGOLIA,China,CN,,4,"State cannot be deterministically mapped for the current row. It may conflict with the country, be a city/county/country value in the state field, or require Salesforce metadata expansion. Client/source-data owner must confirm the intended address."
Needs Client Clarification,PersonMailingState,KENYA,Kenya,KE,,4,"State cannot be deterministically mapped for the current row. It may conflict with the country, be a city/county/country value in the state field, or require Salesforce metadata expansion. Client/source-data owner must confirm the intended address."
Needs Client Clarification,PersonMailingState,KHARKIV,Ukraine,UA,,4,"State cannot be deterministically mapped for the current row. It may conflict with the country, be a city/county/country value in the state field, or require Salesforce metadata expansion. Client/source-data owner must confirm the intended address."
Needs Client Clarification,PersonMailingState,KZN,South Africa,ZA,,4,"State cannot be deterministically mapped for the current row. It may conflict with the country, be a city/county/country value in the state field, or require Salesforce metadata expansion. Client/source-data owner must confirm the intended address."
Needs Client Clarification,PersonMailingState,LEINSTER,Ireland,IE,,4,"State cannot be deterministically mapped for the current row. It may conflict with the country, be a city/county/country value in the state field, or require Salesforce metadata expansion. Client/source-data owner must confirm the intended address."
Needs Client Clarification,PersonMailingState,LOMBARDIA,Italy,IT,,4,"State cannot be deterministically mapped for the current row. It may conflict with the country, be a city/county/country value in the state field, or require Salesforce metadata expansion. Client/source-data owner must confirm the intended address."
Needs Client Clarification,PersonMailingState,MIDDLESEX,United Kingdom,GB,,4,"State cannot be deterministically mapped for the current row. It may conflict with the country, be a city/county/country value in the state field, or require Salesforce metadata expansion. Client/source-data owner must confirm the intended address."
Fixable by Code Update,PersonMailingState,NA,China,CN,,4,State is blank/NA. Script should omit/null PersonMailingStateCode instead of sending a literal placeholder.
Fixable by Code Update,PersonMailingState,NA,India,IN,,4,State is blank/NA. Script should omit/null PersonMailingStateCode instead of sending a literal placeholder.
Fixable by Code Update,PersonMailingState,NA,Singapore,SG,,4,State is blank/NA. Script should omit/null PersonMailingStateCode instead of sending a literal placeholder.
Fixable by Code Update,PersonMailingState,NA,United Kingdom,GB,,4,State is blank/NA. Script should omit/null PersonMailingStateCode instead of sending a literal placeholder.
Needs Client Clarification,PersonMailingState,NICOSIA,Cyprus,CY,,4,"State cannot be deterministically mapped for the current row. It may conflict with the country, be a city/county/country value in the state field, or require Salesforce metadata expansion. Client/source-data owner must confirm the intended address."
Needs Client Clarification,PersonMailingState,NORTH RHINE-WESTPHAL,Germany,DE,,4,"State cannot be deterministically mapped for the current row. It may conflict with the country, be a city/county/country value in the state field, or require Salesforce metadata expansion. Client/source-data owner must confirm the intended address."
Needs Client Clarification,PersonMailingState,NORWAY,Norway,NO,,4,"State cannot be deterministically mapped for the current row. It may conflict with the country, be a city/county/country value in the state field, or require Salesforce metadata expansion. Client/source-data owner must confirm the intended address."
Needs Client Clarification,PersonMailingState,NY - NEW YORK,United States,US,,4,"State cannot be deterministically mapped for the current row. It may conflict with the country, be a city/county/country value in the state field, or require Salesforce metadata expansion. Client/source-data owner must confirm the intended address."
Needs Client Clarification,PersonMailingState,NYC,United States,US,,4,"State cannot be deterministically mapped for the current row. It may conflict with the country, be a city/county/country value in the state field, or require Salesforce metadata expansion. Client/source-data owner must confirm the intended address."
Needs Client Clarification,PersonMailingState,ON,,,,4,"State cannot be deterministically mapped for the current row. It may conflict with the country, be a city/county/country value in the state field, or require Salesforce metadata expansion. Client/source-data owner must confirm the intended address."
Fixable by Code Update,PersonMailingState,ON,CANADA,CA,ON,4,Script can normalize state 'ON' with country 'CANADA' to PersonMailingCountryCode 'CA' and PersonMailingStateCode 'ON'.
Needs Client Clarification,PersonMailingState,ONT,Canada,CA,,4,"State cannot be deterministically mapped for the current row. It may conflict with the country, be a city/county/country value in the state field, or require Salesforce metadata expansion. Client/source-data owner must confirm the intended address."
Needs Client Clarification,PersonMailingState,OYO,Nigeria,NG,,4,"State cannot be deterministically mapped for the current row. It may conflict with the country, be a city/county/country value in the state field, or require Salesforce metadata expansion. Client/source-data owner must confirm the intended address."
Needs Client Clarification,PersonMailingState,PAKISTAN,Pakistan,PK,,4,"State cannot be deterministically mapped for the current row. It may conflict with the country, be a city/county/country value in the state field, or require Salesforce metadata expansion. Client/source-data owner must confirm the intended address."
Needs Client Clarification,PersonMailingState,PEST,Hungary,HU,,4,"State cannot be deterministically mapped for the current row. It may conflict with the country, be a city/county/country value in the state field, or require Salesforce metadata expansion. Client/source-data owner must confirm the intended address."
Needs Client Clarification,PersonMailingState,PLEASE SELECT,United States,US,,4,"State cannot be deterministically mapped for the current row. It may conflict with the country, be a city/county/country value in the state field, or require Salesforce metadata expansion. Client/source-data owner must confirm the intended address."
Needs Client Clarification,PersonMailingState,POLAND,Poland,PL,,4,"State cannot be deterministically mapped for the current row. It may conflict with the country, be a city/county/country value in the state field, or require Salesforce metadata expansion. Client/source-data owner must confirm the intended address."
Needs Client Clarification,PersonMailingState,PORTUGAL,Portugal,PT,,4,"State cannot be deterministically mapped for the current row. It may conflict with the country, be a city/county/country value in the state field, or require Salesforce metadata expansion. Client/source-data owner must confirm the intended address."
Fixable by Salesforce Config,PersonMailingState,PUERTO RICO,United States,US,,4,State/territory exists in Salesforce Address.settings for this country but is inactive. Salesforce admin must activate it or approve a replacement mapping.
Needs Client Clarification,PersonMailingState,PUNTARENAS,Costa Rica,CR,,4,"State cannot be deterministically mapped for the current row. It may conflict with the country, be a city/county/country value in the state field, or require Salesforce metadata expansion. Client/source-data owner must confirm the intended address."
Needs Client Clarification,PersonMailingState,QATAR,Qatar,QA,,4,"State cannot be deterministically mapped for the current row. It may conflict with the country, be a city/county/country value in the state field, or require Salesforce metadata expansion. Client/source-data owner must confirm the intended address."
Needs Client Clarification,PersonMailingState,RIGA,Latvia,LV,,4,"State cannot be deterministically mapped for the current row. It may conflict with the country, be a city/county/country value in the state field, or require Salesforce metadata expansion. Client/source-data owner must confirm the intended address."
Needs Client Clarification,PersonMailingState,ROMANIA,Romania,RO,,4,"State cannot be deterministically mapped for the current row. It may conflict with the country, be a city/county/country value in the state field, or require Salesforce metadata expansion. Client/source-data owner must confirm the intended address."
Needs Client Clarification,PersonMailingState,RO,Romania,RO,,4,"State cannot be deterministically mapped for the current row. It may conflict with the country, be a city/county/country value in the state field, or require Salesforce metadata expansion. Client/source-data owner must confirm the intended address."
Fixable by Code Update,PersonMailingState,SA,Australia,AU,SA,4,Script can normalize state 'SA' with country 'Australia' to PersonMailingCountryCode 'AU' and PersonMailingStateCode 'SA'.
Needs Client Clarification,PersonMailingState,SANTO DOMINGO,Dominican Republic,DO,,4,"State cannot be deterministically mapped for the current row. It may conflict with the country, be a city/county/country value in the state field, or require Salesforce metadata expansion. Client/source-data owner must confirm the intended address."
Needs Client Clarification,PersonMailingState,SHARJAH,United Arab Emirates,AE,,4,"State cannot be deterministically mapped for the current row. It may conflict with the country, be a city/county/country value in the state field, or require Salesforce metadata expansion. Client/source-data owner must confirm the intended address."
Needs Client Clarification,PersonMailingState,SZ,Switzerland,CH,,4,"State cannot be deterministically mapped for the current row. It may conflict with the country, be a city/county/country value in the state field, or require Salesforce metadata expansion. Client/source-data owner must confirm the intended address."
Needs Client Clarification,PersonMailingState,THESSALONIKI,Greece,GR,,4,"State cannot be deterministically mapped for the current row. It may conflict with the country, be a city/county/country value in the state field, or require Salesforce metadata expansion. Client/source-data owner must confirm the intended address."
Needs Client Clarification,PersonMailingState,TS,India,IN,,4,"State cannot be deterministically mapped for the current row. It may conflict with the country, be a city/county/country value in the state field, or require Salesforce metadata expansion. Client/source-data owner must confirm the intended address."
Needs Client Clarification,PersonMailingState,UPPER AUSTRIA,Austria,AT,,4,"State cannot be deterministically mapped for the current row. It may conflict with the country, be a city/county/country value in the state field, or require Salesforce metadata expansion. Client/source-data owner must confirm the intended address."
Needs Client Clarification,PersonMailingState,VILNIUS,Lithuania,LT,,4,"State cannot be deterministically mapped for the current row. It may conflict with the country, be a city/county/country value in the state field, or require Salesforce metadata expansion. Client/source-data owner must confirm the intended address."
Needs Client Clarification,PersonMailingState,WAIKATO,New Zealand,NZ,,4,"State cannot be deterministically mapped for the current row. It may conflict with the country, be a city/county/country value in the state field, or require Salesforce metadata expansion. Client/source-data owner must confirm the intended address."
Needs Client Clarification,PersonMailingState,WELLINGTON,New Zealand,NZ,,4,"State cannot be deterministically mapped for the current row. It may conflict with the country, be a city/county/country value in the state field, or require Salesforce metadata expansion. Client/source-data owner must confirm the intended address."
Needs Client Clarification,PersonMailingState,WESTERN,Sri Lanka,LK,,4,"State cannot be deterministically mapped for the current row. It may conflict with the country, be a city/county/country value in the state field, or require Salesforce metadata expansion. Client/source-data owner must confirm the intended address."
Needs Client Clarification,PersonMailingState,ZG,Switzerland,CH,,4,"State cannot be deterministically mapped for the current row. It may conflict with the country, be a city/county/country value in the state field, or require Salesforce metadata expansion. Client/source-data owner must confirm the intended address."
Fixable by Code Update,PersonMailingState,上海,China,CN,,4,State is blank/NA. Script should omit/null PersonMailingStateCode instead of sending a literal placeholder.
Fixable by Code Update,PersonMailingState,北京市,China,CN,,4,State is blank/NA. Script should omit/null PersonMailingStateCode instead of sending a literal placeholder.
Fixable by Code Update,PersonMailingState,四川省,China,CN,,4,State is blank/NA. Script should omit/null PersonMailingStateCode instead of sending a literal placeholder.
Fixable by Code Update,PersonMailingState,广东省,China,CN,,4,State is blank/NA. Script should omit/null PersonMailingStateCode instead of sending a literal placeholder.
Fixable by Code Update,PersonMailingCountry,BUSAN,"Korea, Republic Of (South)",KR,,3,"Script can normalize country value 'Korea, Republic Of (South)' to PersonMailingCountryCode 'KR'."
Needs Client Clarification,PersonMailingCountry,California,santa clara,,,3,"Country value is not a country or contains mixed location data. Client/source-data owner must confirm the correct country and whether the value belongs in city, state, county, or another address field."
Fixable by Code Update,PersonMailingCountry,California,South Korea,KR,,3,Script can normalize country value 'South Korea' to PersonMailingCountryCode 'KR'.
Fixable by Code Update,PersonMailingCountry,DAEJEON,"Korea, Republic Of (South)",KR,,3,"Script can normalize country value 'Korea, Republic Of (South)' to PersonMailingCountryCode 'KR'."
Needs Client Clarification,PersonMailingCountry,HK ISLAND,Hong Kong,CN,91,3,"Client decision needed. Salesforce metadata has Hong Kong as a China subdivision (CountryCode CN, StateCode 91), not as a standalone country. Confirm whether to map to CN/91 or change Salesforce country config."
Fixable by Code Update,PersonMailingCountry,HOAN KIEM,Viet Nam,VN,,3,Script can normalize country value 'Viet Nam' to PersonMailingCountryCode 'VN'.
Needs Client Clarification,PersonMailingCountry,HONG KONG ISLAND,Hong Kong,CN,91,3,"Client decision needed. Salesforce metadata has Hong Kong as a China subdivision (CountryCode CN, StateCode 91), not as a standalone country. Confirm whether to map to CN/91 or change Salesforce country config."
Fixable by Code Update,PersonMailingCountry,IST,Turkey,TR,,3,Script can normalize country value 'Turkey' to PersonMailingCountryCode 'TR'.
Fixable by Code Update,PersonMailingCountry,IZMIR,Turkey,TR,,3,Script can normalize country value 'Turkey' to PersonMailingCountryCode 'TR'.
Fixable by Salesforce Config,PersonMailingCountry,KHARTOUM,Sudan,,,3,Country/territory is not active as a country in the provided Salesforce Address.settings metadata. Salesforce admin must add/activate the country or decide an allowed replacement mapping.
Fixable by Code Update,PersonMailingCountry,MIRANDA,Venezuela,VE,,3,Script can normalize country value 'Venezuela' to PersonMailingCountryCode 'VE'.
Fixable by Code Update,PersonMailingCountry,Missouri,Russia,RU,,3,Script can normalize country value 'Russia' to PersonMailingCountryCode 'RU'.
Fixable by Code Update,PersonMailingCountry,NINH KIEU,Viet Nam,VN,,3,Script can normalize country value 'Viet Nam' to PersonMailingCountryCode 'VN'.
Fixable by Code Update,PersonMailingCountry,SARIYER,Turkey,TR,,3,Script can normalize country value 'Turkey' to PersonMailingCountryCode 'TR'.
Needs Client Clarification,PersonMailingCountry,SHA TIN,Hong Kong,CN,91,3,"Client decision needed. Salesforce metadata has Hong Kong as a China subdivision (CountryCode CN, StateCode 91), not as a standalone country. Confirm whether to map to CN/91 or change Salesforce country config."
Fixable by Code Update,PersonMailingCountry,ST PETERSBURG,Russia,RU,,3,Script can normalize country value 'Russia' to PersonMailingCountryCode 'RU'.
Fixable by Salesforce Config,PersonMailingCountry,U.S. Virgin Islands,"Virgin Islands, U.S.",,,3,Country/territory is not active as a country in the provided Salesforce Address.settings metadata. Salesforce admin must add/activate the country or decide an allowed replacement mapping.
Fixable by Code Update,PersonMailingCountry,ULSAN,"Korea, Republic Of (South)",KR,,3,"Script can normalize country value 'Korea, Republic Of (South)' to PersonMailingCountryCode 'KR'."
Fixable by Code Update,PersonMailingCountry,VIET NAM,Viet Nam,VN,,3,Script can normalize country value 'Viet Nam' to PersonMailingCountryCode 'VN'.
Fixable by Code Update,PersonMailingCountry,VIETNAM,Viet Nam,VN,,3,Script can normalize country value 'Viet Nam' to PersonMailingCountryCode 'VN'.
Fixable by Code Update,PersonMailingState,-,,,,3,State is blank/NA. Script should omit/null PersonMailingStateCode instead of sending a literal placeholder.
Needs Client Clarification,PersonMailingState,AARGAU,Switzerland,CH,,3,"State cannot be deterministically mapped for the current row. It may conflict with the country, be a city/county/country value in the state field, or require Salesforce metadata expansion. Client/source-data owner must confirm the intended address."
Needs Client Clarification,PersonMailingState,AARHUS,Denmark,DK,,3,"State cannot be deterministically mapped for the current row. It may conflict with the country, be a city/county/country value in the state field, or require Salesforce metadata expansion. Client/source-data owner must confirm the intended address."
Needs Client Clarification,PersonMailingState,ACCRA,Ghana,GH,,3,"State cannot be deterministically mapped for the current row. It may conflict with the country, be a city/county/country value in the state field, or require Salesforce metadata expansion. Client/source-data owner must confirm the intended address."
Needs Client Clarification,PersonMailingState,ALEXANDRIA,Egypt,EG,,3,"State cannot be deterministically mapped for the current row. It may conflict with the country, be a city/county/country value in the state field, or require Salesforce metadata expansion. Client/source-data owner must confirm the intended address."
Needs Client Clarification,PersonMailingState,ALGERIE,Algeria,DZ,,3,"State cannot be deterministically mapped for the current row. It may conflict with the country, be a city/county/country value in the state field, or require Salesforce metadata expansion. Client/source-data owner must confirm the intended address."
Fixable by Code Update,PersonMailingState,AM,Brazil,BR,AM,3,Script can normalize state 'AM' with country 'Brazil' to PersonMailingCountryCode 'BR' and PersonMailingStateCode 'AM'.
Needs Client Clarification,PersonMailingState,AMSTERDAM,Netherlands,NL,,3,"State cannot be deterministically mapped for the current row. It may conflict with the country, be a city/county/country value in the state field, or require Salesforce metadata expansion. Client/source-data owner must confirm the intended address."
Needs Client Clarification,PersonMailingState,ARMENIA,Armenia,AM,,3,"State cannot be deterministically mapped for the current row. It may conflict with the country, be a city/county/country value in the state field, or require Salesforce metadata expansion. Client/source-data owner must confirm the intended address."
Needs Client Clarification,PersonMailingState,ATHENS,Greece,GR,,3,"State cannot be deterministically mapped for the current row. It may conflict with the country, be a city/county/country value in the state field, or require Salesforce metadata expansion. Client/source-data owner must confirm the intended address."
Needs Client Clarification,PersonMailingState,ATTICA,Greece,GR,,3,"State cannot be deterministically mapped for the current row. It may conflict with the country, be a city/county/country value in the state field, or require Salesforce metadata expansion. Client/source-data owner must confirm the intended address."
Needs Client Clarification,PersonMailingState,AUSTRALIA,Australia,AU,,3,"State cannot be deterministically mapped for the current row. It may conflict with the country, be a city/county/country value in the state field, or require Salesforce metadata expansion. Client/source-data owner must confirm the intended address."
Needs Client Clarification,PersonMailingState,BADEN WUERTTEMBERG,Germany,DE,,3,"State cannot be deterministically mapped for the current row. It may conflict with the country, be a city/county/country value in the state field, or require Salesforce metadata expansion. Client/source-data owner must confirm the intended address."
Needs Client Clarification,PersonMailingState,BJ,China,CN,,3,"State cannot be deterministically mapped for the current row. It may conflict with the country, be a city/county/country value in the state field, or require Salesforce metadata expansion. Client/source-data owner must confirm the intended address."
Needs Client Clarification,PersonMailingState,BRETAGNE,France,FR,,3,"State cannot be deterministically mapped for the current row. It may conflict with the country, be a city/county/country value in the state field, or require Salesforce metadata expansion. Client/source-data owner must confirm the intended address."
Needs Client Clarification,PersonMailingState,BS,Switzerland,CH,,3,"State cannot be deterministically mapped for the current row. It may conflict with the country, be a city/county/country value in the state field, or require Salesforce metadata expansion. Client/source-data owner must confirm the intended address."
Needs Client Clarification,PersonMailingState,BULACAN,Philippines,PH,,3,"State cannot be deterministically mapped for the current row. It may conflict with the country, be a city/county/country value in the state field, or require Salesforce metadata expansion. Client/source-data owner must confirm the intended address."
Needs Client Clarification,PersonMailingState,BULGARIA,Bulgaria,BG,,3,"State cannot be deterministically mapped for the current row. It may conflict with the country, be a city/county/country value in the state field, or require Salesforce metadata expansion. Client/source-data owner must confirm the intended address."
Needs Client Clarification,PersonMailingState,California,Algeria,DZ,,3,"State cannot be deterministically mapped for the current row. It may conflict with the country, be a city/county/country value in the state field, or require Salesforce metadata expansion. Client/source-data owner must confirm the intended address."
Needs Client Clarification,PersonMailingState,California,Cameroon,CM,,3,"State cannot be deterministically mapped for the current row. It may conflict with the country, be a city/county/country value in the state field, or require Salesforce metadata expansion. Client/source-data owner must confirm the intended address."
Needs Client Clarification,PersonMailingState,CALIFORNIA,Denmark,DK,,3,"State cannot be deterministically mapped for the current row. It may conflict with the country, be a city/county/country value in the state field, or require Salesforce metadata expansion. Client/source-data owner must confirm the intended address."
Needs Client Clarification,PersonMailingState,California,Estonia,EE,,3,"State cannot be deterministically mapped for the current row. It may conflict with the country, be a city/county/country value in the state field, or require Salesforce metadata expansion. Client/source-data owner must confirm the intended address."
Needs Client Clarification,PersonMailingState,California,Kenya,KE,,3,"State cannot be deterministically mapped for the current row. It may conflict with the country, be a city/county/country value in the state field, or require Salesforce metadata expansion. Client/source-data owner must confirm the intended address."
Needs Client Clarification,PersonMailingState,California,Kuwait,KW,,3,"State cannot be deterministically mapped for the current row. It may conflict with the country, be a city/county/country value in the state field, or require Salesforce metadata expansion. Client/source-data owner must confirm the intended address."
Needs Client Clarification,PersonMailingState,California,Lebanon,LB,,3,"State cannot be deterministically mapped for the current row. It may conflict with the country, be a city/county/country value in the state field, or require Salesforce metadata expansion. Client/source-data owner must confirm the intended address."
Needs Client Clarification,PersonMailingState,California,New Zealand,NZ,,3,"State cannot be deterministically mapped for the current row. It may conflict with the country, be a city/county/country value in the state field, or require Salesforce metadata expansion. Client/source-data owner must confirm the intended address."
Needs Client Clarification,PersonMailingState,California,Romania,RO,,3,"State cannot be deterministically mapped for the current row. It may conflict with the country, be a city/county/country value in the state field, or require Salesforce metadata expansion. Client/source-data owner must confirm the intended address."
Needs Client Clarification,PersonMailingState,California,Ukraine,UA,,3,"State cannot be deterministically mapped for the current row. It may conflict with the country, be a city/county/country value in the state field, or require Salesforce metadata expansion. Client/source-data owner must confirm the intended address."
Needs Client Clarification,PersonMailingState,CANADA,Canada,CA,,3,"State cannot be deterministically mapped for the current row. It may conflict with the country, be a city/county/country value in the state field, or require Salesforce metadata expansion. Client/source-data owner must confirm the intended address."
Needs Client Clarification,PersonMailingState,CATALUNYA,Spain,ES,,3,"State cannot be deterministically mapped for the current row. It may conflict with the country, be a city/county/country value in the state field, or require Salesforce metadata expansion. Client/source-data owner must confirm the intended address."
Needs Client Clarification,PersonMailingState,CENTRAL DISTRICT,Israel,IL,,3,"State cannot be deterministically mapped for the current row. It may conflict with the country, be a city/county/country value in the state field, or require Salesforce metadata expansion. Client/source-data owner must confirm the intended address."
Needs Client Clarification,PersonMailingState,CHUI,Kyrgyzstan,KG,,3,"State cannot be deterministically mapped for the current row. It may conflict with the country, be a city/county/country value in the state field, or require Salesforce metadata expansion. Client/source-data owner must confirm the intended address."
Needs Client Clarification,PersonMailingState,CIUDAD AUTONOMA DE B,Argentina,AR,,3,"State cannot be deterministically mapped for the current row. It may conflict with the country, be a city/county/country value in the state field, or require Salesforce metadata expansion. Client/source-data owner must confirm the intended address."
Needs Client Clarification,PersonMailingState,CUAJIMALPA,Mexico,MX,,3,"State cannot be deterministically mapped for the current row. It may conflict with the country, be a city/county/country value in the state field, or require Salesforce metadata expansion. Client/source-data owner must confirm the intended address."
Needs Client Clarification,PersonMailingState,Delaware,Germany,DE,,3,"State cannot be deterministically mapped for the current row. It may conflict with the country, be a city/county/country value in the state field, or require Salesforce metadata expansion. Client/source-data owner must confirm the intended address."
Needs Client Clarification,PersonMailingState,DF,,,,3,"State cannot be deterministically mapped for the current row. It may conflict with the country, be a city/county/country value in the state field, or require Salesforce metadata expansion. Client/source-data owner must confirm the intended address."
Needs Client Clarification,PersonMailingState,DISTRITO NACIONAL,Dominican Republic,DO,,3,"State cannot be deterministically mapped for the current row. It may conflict with the country, be a city/county/country value in the state field, or require Salesforce metadata expansion. Client/source-data owner must confirm the intended address."
Needs Client Clarification,PersonMailingState,DK,Denmark,DK,,3,"State cannot be deterministically mapped for the current row. It may conflict with the country, be a city/county/country value in the state field, or require Salesforce metadata expansion. Client/source-data owner must confirm the intended address."
Needs Client Clarification,PersonMailingState,EAST SUSSEX,United Kingdom,GB,,3,"State cannot be deterministically mapped for the current row. It may conflict with the country, be a city/county/country value in the state field, or require Salesforce metadata expansion. Client/source-data owner must confirm the intended address."
Needs Client Clarification,PersonMailingState,EDO MEX,Mexico,MX,,3,"State cannot be deterministically mapped for the current row. It may conflict with the country, be a city/county/country value in the state field, or require Salesforce metadata expansion. Client/source-data owner must confirm the intended address."
Needs Client Clarification,PersonMailingState,EUROPE,France,FR,,3,"State cannot be deterministically mapped for the current row. It may conflict with the country, be a city/county/country value in the state field, or require Salesforce metadata expansion. Client/source-data owner must confirm the intended address."
Needs Client Clarification,PersonMailingState,FR,Switzerland,CH,,3,"State cannot be deterministically mapped for the current row. It may conflict with the country, be a city/county/country value in the state field, or require Salesforce metadata expansion. Client/source-data owner must confirm the intended address."
Needs Client Clarification,PersonMailingState,GE,Switzerland,CH,,3,"State cannot be deterministically mapped for the current row. It may conflict with the country, be a city/county/country value in the state field, or require Salesforce metadata expansion. Client/source-data owner must confirm the intended address."
Needs Client Clarification,PersonMailingState,GUAYAQUIL,Ecuador,EC,,3,"State cannot be deterministically mapped for the current row. It may conflict with the country, be a city/county/country value in the state field, or require Salesforce metadata expansion. Client/source-data owner must confirm the intended address."
Needs Client Clarification,PersonMailingState,HARARE,Zimbabwe,ZW,,3,"State cannot be deterministically mapped for the current row. It may conflict with the country, be a city/county/country value in the state field, or require Salesforce metadata expansion. Client/source-data owner must confirm the intended address."
Needs Client Clarification,PersonMailingState,HAUTE GARONNE,France,FR,,3,"State cannot be deterministically mapped for the current row. It may conflict with the country, be a city/county/country value in the state field, or require Salesforce metadata expansion. Client/source-data owner must confirm the intended address."
Needs Client Clarification,PersonMailingState,HEREDIA,Costa Rica,CR,,3,"State cannot be deterministically mapped for the current row. It may conflict with the country, be a city/county/country value in the state field, or require Salesforce metadata expansion. Client/source-data owner must confirm the intended address."
Needs Client Clarification,PersonMailingState,HERTFORDSHIRE,United Kingdom,GB,,3,"State cannot be deterministically mapped for the current row. It may conflict with the country, be a city/county/country value in the state field, or require Salesforce metadata expansion. Client/source-data owner must confirm the intended address."
Needs Client Clarification,PersonMailingState,HOVEDSTADEN,Denmark,DK,,3,"State cannot be deterministically mapped for the current row. It may conflict with the country, be a city/county/country value in the state field, or require Salesforce metadata expansion. Client/source-data owner must confirm the intended address."
Needs Client Clarification,PersonMailingState,IASI,Romania,RO,,3,"State cannot be deterministically mapped for the current row. It may conflict with the country, be a city/county/country value in the state field, or require Salesforce metadata expansion. Client/source-data owner must confirm the intended address."
Needs Client Clarification,PersonMailingState,IS,,,,3,"State cannot be deterministically mapped for the current row. It may conflict with the country, be a city/county/country value in the state field, or require Salesforce metadata expansion. Client/source-data owner must confirm the intended address."
Needs Client Clarification,PersonMailingState,J&K,India,IN,,3,"State cannot be deterministically mapped for the current row. It may conflict with the country, be a city/county/country value in the state field, or require Salesforce metadata expansion. Client/source-data owner must confirm the intended address."
Needs Client Clarification,PersonMailingState,JIANG SU,China,CN,,3,"State cannot be deterministically mapped for the current row. It may conflict with the country, be a city/county/country value in the state field, or require Salesforce metadata expansion. Client/source-data owner must confirm the intended address."
Needs Client Clarification,PersonMailingState,JIANGSU PROVINCE,China,CN,,3,"State cannot be deterministically mapped for the current row. It may conflict with the country, be a city/county/country value in the state field, or require Salesforce metadata expansion. Client/source-data owner must confirm the intended address."
Needs Client Clarification,PersonMailingState,JS,China,CN,,3,"State cannot be deterministically mapped for the current row. It may conflict with the country, be a city/county/country value in the state field, or require Salesforce metadata expansion. Client/source-data owner must confirm the intended address."
Needs Client Clarification,PersonMailingState,KAZAKHSTAN,Kazakhstan,KZ,,3,"State cannot be deterministically mapped for the current row. It may conflict with the country, be a city/county/country value in the state field, or require Salesforce metadata expansion. Client/source-data owner must confirm the intended address."
Needs Client Clarification,PersonMailingState,KSA,Saudi Arabia,SA,,3,"State cannot be deterministically mapped for the current row. It may conflict with the country, be a city/county/country value in the state field, or require Salesforce metadata expansion. Client/source-data owner must confirm the intended address."
Needs Client Clarification,PersonMailingState,KUWAIT,Kuwait,KW,,3,"State cannot be deterministically mapped for the current row. It may conflict with the country, be a city/county/country value in the state field, or require Salesforce metadata expansion. Client/source-data owner must confirm the intended address."
Needs Client Clarification,PersonMailingState,KYIV REGION,Ukraine,UA,,3,"State cannot be deterministically mapped for the current row. It may conflict with the country, be a city/county/country value in the state field, or require Salesforce metadata expansion. Client/source-data owner must confirm the intended address."
Needs Client Clarification,PersonMailingState,LA RIOJA,Spain,ES,,3,"State cannot be deterministically mapped for the current row. It may conflict with the country, be a city/county/country value in the state field, or require Salesforce metadata expansion. Client/source-data owner must confirm the intended address."
Needs Client Clarification,PersonMailingState,LAGOS STATE,Nigeria,NG,,3,"State cannot be deterministically mapped for the current row. It may conflict with the country, be a city/county/country value in the state field, or require Salesforce metadata expansion. Client/source-data owner must confirm the intended address."
Needs Client Clarification,PersonMailingState,LAGUNA,Philippines,PH,,3,"State cannot be deterministically mapped for the current row. It may conflict with the country, be a city/county/country value in the state field, or require Salesforce metadata expansion. Client/source-data owner must confirm the intended address."
Needs Client Clarification,PersonMailingState,LANCASHIRE,United Kingdom,GB,,3,"State cannot be deterministically mapped for the current row. It may conflict with the country, be a city/county/country value in the state field, or require Salesforce metadata expansion. Client/source-data owner must confirm the intended address."
Needs Client Clarification,PersonMailingState,LIMASSOL,Cyprus,CY,,3,"State cannot be deterministically mapped for the current row. It may conflict with the country, be a city/county/country value in the state field, or require Salesforce metadata expansion. Client/source-data owner must confirm the intended address."
Needs Client Clarification,PersonMailingState,LIMPOPO,South Africa,ZA,,3,"State cannot be deterministically mapped for the current row. It may conflict with the country, be a city/county/country value in the state field, or require Salesforce metadata expansion. Client/source-data owner must confirm the intended address."
Needs Client Clarification,PersonMailingState,LUBELSKIE,Poland,PL,,3,"State cannot be deterministically mapped for the current row. It may conflict with the country, be a city/county/country value in the state field, or require Salesforce metadata expansion. Client/source-data owner must confirm the intended address."
Needs Client Clarification,PersonMailingState,MAHARASHTRA,United States,US,,3,"State cannot be deterministically mapped for the current row. It may conflict with the country, be a city/county/country value in the state field, or require Salesforce metadata expansion. Client/source-data owner must confirm the intended address."
Needs Client Clarification,PersonMailingState,MALDONADO,Uruguay,UY,,3,"State cannot be deterministically mapped for the current row. It may conflict with the country, be a city/county/country value in the state field, or require Salesforce metadata expansion. Client/source-data owner must confirm the intended address."
Needs Client Clarification,PersonMailingState,MARRAKECH,Morocco,MA,,3,"State cannot be deterministically mapped for the current row. It may conflict with the country, be a city/county/country value in the state field, or require Salesforce metadata expansion. Client/source-data owner must confirm the intended address."
Needs Client Clarification,PersonMailingState,MECCA,Saudi Arabia,SA,,3,"State cannot be deterministically mapped for the current row. It may conflict with the country, be a city/county/country value in the state field, or require Salesforce metadata expansion. Client/source-data owner must confirm the intended address."
Fixable by Code Update,PersonMailingState,NA,France,FR,,3,State is blank/NA. Script should omit/null PersonMailingStateCode instead of sending a literal placeholder.
Fixable by Code Update,PersonMailingState,NA,Israel,IL,,3,State is blank/NA. Script should omit/null PersonMailingStateCode instead of sending a literal placeholder.
Fixable by Code Update,PersonMailingState,NA,Spain,ES,,3,State is blank/NA. Script should omit/null PersonMailingStateCode instead of sending a literal placeholder.
Needs Client Clarification,PersonMailingState,NATIONAL CAPITAL REG,Philippines,PH,,3,"State cannot be deterministically mapped for the current row. It may conflict with the country, be a city/county/country value in the state field, or require Salesforce metadata expansion. Client/source-data owner must confirm the intended address."
Fixable by Code Update,PersonMailingState,NA,United States,US,,3,State is blank/NA. Script should omit/null PersonMailingStateCode instead of sending a literal placeholder.
Fixable by Code Update,PersonMailingState,NB,Canada,CA,NB,3,Script can normalize state 'NB' with country 'Canada' to PersonMailingCountryCode 'CA' and PersonMailingStateCode 'NB'.
Needs Client Clarification,PersonMailingState,NEGROS ORIENTAL,Philippines,PH,,3,"State cannot be deterministically mapped for the current row. It may conflict with the country, be a city/county/country value in the state field, or require Salesforce metadata expansion. Client/source-data owner must confirm the intended address."
Needs Client Clarification,PersonMailingState,NEW TAIPEI CITY,Taiwan,TW,,3,"State cannot be deterministically mapped for the current row. It may conflict with the country, be a city/county/country value in the state field, or require Salesforce metadata expansion. Client/source-data owner must confirm the intended address."
Needs Client Clarification,PersonMailingState,NEW ZEALAND,New Zealand,NZ,,3,"State cannot be deterministically mapped for the current row. It may conflict with the country, be a city/county/country value in the state field, or require Salesforce metadata expansion. Client/source-data owner must confirm the intended address."
Needs Client Clarification,PersonMailingState,NIGERIA,Nigeria,NG,,3,"State cannot be deterministically mapped for the current row. It may conflict with the country, be a city/county/country value in the state field, or require Salesforce metadata expansion. Client/source-data owner must confirm the intended address."
Needs Client Clarification,PersonMailingState,NONTHABURI,Thailand,TH,,3,"State cannot be deterministically mapped for the current row. It may conflict with the country, be a city/county/country value in the state field, or require Salesforce metadata expansion. Client/source-data owner must confirm the intended address."
Needs Client Clarification,PersonMailingState,NOORD-BRABANT,Netherlands,NL,,3,"State cannot be deterministically mapped for the current row. It may conflict with the country, be a city/county/country value in the state field, or require Salesforce metadata expansion. Client/source-data owner must confirm the intended address."
Needs Client Clarification,PersonMailingState,NORFOLK,United Kingdom,GB,,3,"State cannot be deterministically mapped for the current row. It may conflict with the country, be a city/county/country value in the state field, or require Salesforce metadata expansion. Client/source-data owner must confirm the intended address."
Needs Client Clarification,PersonMailingState,Northern Mariana Islands,,,,3,"State cannot be deterministically mapped for the current row. It may conflict with the country, be a city/county/country value in the state field, or require Salesforce metadata expansion. Client/source-data owner must confirm the intended address."
Needs Client Clarification,PersonMailingState,NS,,,,3,"State cannot be deterministically mapped for the current row. It may conflict with the country, be a city/county/country value in the state field, or require Salesforce metadata expansion. Client/source-data owner must confirm the intended address."
Needs Client Clarification,PersonMailingState,NZ,New Zealand,NZ,,3,"State cannot be deterministically mapped for the current row. It may conflict with the country, be a city/county/country value in the state field, or require Salesforce metadata expansion. Client/source-data owner must confirm the intended address."
Needs Client Clarification,PersonMailingState,OOST-VLAANDEREN,Belgium,BE,,3,"State cannot be deterministically mapped for the current row. It may conflict with the country, be a city/county/country value in the state field, or require Salesforce metadata expansion. Client/source-data owner must confirm the intended address."
Needs Client Clarification,PersonMailingState,OSTERREICH,Austria,AT,,3,"State cannot be deterministically mapped for the current row. It may conflict with the country, be a city/county/country value in the state field, or require Salesforce metadata expansion. Client/source-data owner must confirm the intended address."
Needs Client Clarification,PersonMailingState,PAMPANGA,Philippines,PH,,3,"State cannot be deterministically mapped for the current row. It may conflict with the country, be a city/county/country value in the state field, or require Salesforce metadata expansion. Client/source-data owner must confirm the intended address."
Fixable by Code Update,PersonMailingState,PB,Brazil,BR,PB,3,Script can normalize state 'PB' with country 'Brazil' to PersonMailingCountryCode 'BR' and PersonMailingStateCode 'PB'.
Fixable by Code Update,PersonMailingState,PD,Italy,IT,PD,3,Script can normalize state 'PD' with country 'Italy' to PersonMailingCountryCode 'IT' and PersonMailingStateCode 'PD'.
Needs Client Clarification,PersonMailingState,Pennsylvania,Brazil,BR,,3,"State cannot be deterministically mapped for the current row. It may conflict with the country, be a city/county/country value in the state field, or require Salesforce metadata expansion. Client/source-data owner must confirm the intended address."
Fixable by Code Update,PersonMailingState,PIAUI,Brazil,BR,PI,3,Script can normalize state 'PIAUI' with country 'Brazil' to PersonMailingCountryCode 'BR' and PersonMailingStateCode 'PI'.
Needs Client Clarification,PersonMailingState,RHONE ALPES,France,FR,,3,"State cannot be deterministically mapped for the current row. It may conflict with the country, be a city/county/country value in the state field, or require Salesforce metadata expansion. Client/source-data owner must confirm the intended address."
Needs Client Clarification,PersonMailingState,RHONE-ALPES,France,FR,,3,"State cannot be deterministically mapped for the current row. It may conflict with the country, be a city/county/country value in the state field, or require Salesforce metadata expansion. Client/source-data owner must confirm the intended address."
Needs Client Clarification,PersonMailingState,RLP,Germany,DE,,3,"State cannot be deterministically mapped for the current row. It may conflict with the country, be a city/county/country value in the state field, or require Salesforce metadata expansion. Client/source-data owner must confirm the intended address."
Fixable by Code Update,PersonMailingState,RN,Brazil,BR,RN,3,Script can normalize state 'RN' with country 'Brazil' to PersonMailingCountryCode 'BR' and PersonMailingStateCode 'RN'.
Needs Client Clarification,PersonMailingState,SABAH,Malaysia,MY,,3,"State cannot be deterministically mapped for the current row. It may conflict with the country, be a city/county/country value in the state field, or require Salesforce metadata expansion. Client/source-data owner must confirm the intended address."
Needs Client Clarification,PersonMailingState,SACHSEN,Germany,DE,,3,"State cannot be deterministically mapped for the current row. It may conflict with the country, be a city/county/country value in the state field, or require Salesforce metadata expansion. Client/source-data owner must confirm the intended address."
Needs Client Clarification,PersonMailingState,SANTA FE,Argentina,AR,,3,"State cannot be deterministically mapped for the current row. It may conflict with the country, be a city/county/country value in the state field, or require Salesforce metadata expansion. Client/source-data owner must confirm the intended address."
Needs Client Clarification,PersonMailingState,SCHLESWIG-HOLSTEIN,Germany,DE,,3,"State cannot be deterministically mapped for the current row. It may conflict with the country, be a city/county/country value in the state field, or require Salesforce metadata expansion. Client/source-data owner must confirm the intended address."
Needs Client Clarification,PersonMailingState,SCHWYZ,Switzerland,CH,,3,"State cannot be deterministically mapped for the current row. It may conflict with the country, be a city/county/country value in the state field, or require Salesforce metadata expansion. Client/source-data owner must confirm the intended address."
Needs Client Clarification,PersonMailingState,SEVILLA,Spain,ES,,3,"State cannot be deterministically mapped for the current row. It may conflict with the country, be a city/county/country value in the state field, or require Salesforce metadata expansion. Client/source-data owner must confirm the intended address."
Needs Client Clarification,PersonMailingState,SICHUAN PROVINCE,China,CN,,3,"State cannot be deterministically mapped for the current row. It may conflict with the country, be a city/county/country value in the state field, or require Salesforce metadata expansion. Client/source-data owner must confirm the intended address."
Needs Client Clarification,PersonMailingState,ST ANDREW,Jamaica,JM,,3,"State cannot be deterministically mapped for the current row. It may conflict with the country, be a city/county/country value in the state field, or require Salesforce metadata expansion. Client/source-data owner must confirm the intended address."
Needs Client Clarification,PersonMailingState,TIMIS,Romania,RO,,3,"State cannot be deterministically mapped for the current row. It may conflict with the country, be a city/county/country value in the state field, or require Salesforce metadata expansion. Client/source-data owner must confirm the intended address."
Needs Client Clarification,PersonMailingState,U.S. Virgin Islands,,,,3,"State cannot be deterministically mapped for the current row. It may conflict with the country, be a city/county/country value in the state field, or require Salesforce metadata expansion. Client/source-data owner must confirm the intended address."
Needs Client Clarification,PersonMailingState,US,,,,3,"State cannot be deterministically mapped for the current row. It may conflict with the country, be a city/county/country value in the state field, or require Salesforce metadata expansion. Client/source-data owner must confirm the intended address."
Needs Client Clarification,PersonMailingState,UUSIMA,Finland,FI,,3,"State cannot be deterministically mapped for the current row. It may conflict with the country, be a city/county/country value in the state field, or require Salesforce metadata expansion. Client/source-data owner must confirm the intended address."
Needs Client Clarification,PersonMailingState,VA - VIRGINIA,United States,US,,3,"State cannot be deterministically mapped for the current row. It may conflict with the country, be a city/county/country value in the state field, or require Salesforce metadata expansion. Client/source-data owner must confirm the intended address."
Needs Client Clarification,PersonMailingState,VARBERG,Sweden,SE,,3,"State cannot be deterministically mapped for the current row. It may conflict with the country, be a city/county/country value in the state field, or require Salesforce metadata expansion. Client/source-data owner must confirm the intended address."
Needs Client Clarification,PersonMailingState,VASTRA GOTALAND,Sweden,SE,,3,"State cannot be deterministically mapped for the current row. It may conflict with the country, be a city/county/country value in the state field, or require Salesforce metadata expansion. Client/source-data owner must confirm the intended address."
Needs Client Clarification,PersonMailingState,WEST SUSSEX,United Kingdom,GB,,3,"State cannot be deterministically mapped for the current row. It may conflict with the country, be a city/county/country value in the state field, or require Salesforce metadata expansion. Client/source-data owner must confirm the intended address."
Needs Client Clarification,PersonMailingState,WP,Malaysia,MY,,3,"State cannot be deterministically mapped for the current row. It may conflict with the country, be a city/county/country value in the state field, or require Salesforce metadata expansion. Client/source-data owner must confirm the intended address."
Fixable by Code Update,PersonMailingState,上海市,China,CN,,3,State is blank/NA. Script should omit/null PersonMailingStateCode instead of sending a literal placeholder.
Fixable by Code Update,PersonMailingState,山东,China,CN,,3,State is blank/NA. Script should omit/null PersonMailingStateCode instead of sending a literal placeholder.
Fixable by Code Update,PersonMailingState,河南,China,CN,,3,State is blank/NA. Script should omit/null PersonMailingStateCode instead of sending a literal placeholder.
Fixable by Code Update,PersonMailingState,浙江,China,CN,,3,State is blank/NA. Script should omit/null PersonMailingStateCode instead of sending a literal placeholder.
Needs Client Clarification,PersonMailingCountry,00,Hong Kong,CN,91,2,"Client decision needed. Salesforce metadata has Hong Kong as a China subdivision (CountryCode CN, StateCode 91), not as a standalone country. Confirm whether to map to CN/91 or change Salesforce country config."
Fixable by Code Update,PersonMailingCountry,ANTALYA,Turkey,TR,,2,Script can normalize country value 'Turkey' to PersonMailingCountryCode 'TR'.
Fixable by Code Update,PersonMailingCountry,ASIA,Viet Nam,VN,,2,Script can normalize country value 'Viet Nam' to PersonMailingCountryCode 'VN'.
Fixable by Code Update,PersonMailingCountry,ATASEHIR,Turkey,TR,,2,Script can normalize country value 'Turkey' to PersonMailingCountryCode 'TR'.
Fixable by Code Update,PersonMailingCountry,BESIKTAS,Turkey,TR,,2,Script can normalize country value 'Turkey' to PersonMailingCountryCode 'TR'.
Fixable by Code Update,PersonMailingCountry,California,country.us,US,,2,Script can normalize country value 'country.us' to PersonMailingCountryCode 'US'.
Fixable by Code Update,PersonMailingCountry,California,Unites States,US,,2,Script can normalize country value 'Unites States' to PersonMailingCountryCode 'US'.
Fixable by Code Update,PersonMailingCountry,CHUNGCHEONGBUK-DO,"Korea, Republic Of (South)",KR,,2,"Script can normalize country value 'Korea, Republic Of (South)' to PersonMailingCountryCode 'KR'."
Fixable by Code Update,PersonMailingCountry,DA NANG,Viet Nam,VN,,2,Script can normalize country value 'Viet Nam' to PersonMailingCountryCode 'VN'.
Fixable by Code Update,PersonMailingCountry,DAEGU,"Korea, Republic Of (South)",KR,,2,"Script can normalize country value 'Korea, Republic Of (South)' to PersonMailingCountryCode 'KR'."
Fixable by Code Update,PersonMailingCountry,DISTRICT 2,Viet Nam,VN,,2,Script can normalize country value 'Viet Nam' to PersonMailingCountryCode 'VN'.
Fixable by Code Update,PersonMailingCountry,DONG DA,Viet Nam,VN,,2,Script can normalize country value 'Viet Nam' to PersonMailingCountryCode 'VN'.
Fixable by Code Update,PersonMailingCountry,DONG NAI,Viet Nam,VN,,2,Script can normalize country value 'Viet Nam' to PersonMailingCountryCode 'VN'.
Fixable by Code Update,PersonMailingCountry,GANGWON-DO,"Korea, Republic Of (South)",KR,,2,"Script can normalize country value 'Korea, Republic Of (South)' to PersonMailingCountryCode 'KR'."
Fixable by Code Update,PersonMailingCountry,GYEONGGIDO,"Korea, Republic Of (South)",KR,,2,"Script can normalize country value 'Korea, Republic Of (South)' to PersonMailingCountryCode 'KR'."
Fixable by Code Update,PersonMailingCountry,GYEONGGI,"Korea, Republic Of (South)",KR,,2,"Script can normalize country value 'Korea, Republic Of (South)' to PersonMailingCountryCode 'KR'."
Fixable by Code Update,PersonMailingCountry,GYEONGSANGBUK-DO,"Korea, Republic Of (South)",KR,,2,"Script can normalize country value 'Korea, Republic Of (South)' to PersonMailingCountryCode 'KR'."
Fixable by Code Update,PersonMailingCountry,HCMC,Viet Nam,VN,,2,Script can normalize country value 'Viet Nam' to PersonMailingCountryCode 'VN'.
Fixable by Code Update,PersonMailingCountry,HCM,Viet Nam,VN,,2,Script can normalize country value 'Viet Nam' to PersonMailingCountryCode 'VN'.
Fixable by Code Update,PersonMailingCountry,HOANG MAI,Viet Nam,VN,,2,Script can normalize country value 'Viet Nam' to PersonMailingCountryCode 'VN'.
Needs Client Clarification,PersonMailingCountry,HONGKONG,Hong Kong,CN,91,2,"Client decision needed. Salesforce metadata has Hong Kong as a China subdivision (CountryCode CN, StateCode 91), not as a standalone country. Confirm whether to map to CN/91 or change Salesforce country config."
Fixable by Code Update,PersonMailingCountry,KADIKOY,Turkey,TR,,2,Script can normalize country value 'Turkey' to PersonMailingCountryCode 'TR'.
Fixable by Code Update,PersonMailingCountry,KOREA,"Korea, Republic Of (South)",KR,,2,"Script can normalize country value 'Korea, Republic Of (South)' to PersonMailingCountryCode 'KR'."
Fixable by Code Update,PersonMailingCountry,KR,"Korea, Republic Of (South)",KR,,2,"Script can normalize country value 'Korea, Republic Of (South)' to PersonMailingCountryCode 'KR'."
Fixable by Code Update,PersonMailingCountry,LA PAZ,Bolivia,BO,,2,Script can normalize country value 'Bolivia' to PersonMailingCountryCode 'BO'.
Fixable by Code Update,PersonMailingCountry,LONDON,UK,GB,,2,Script can normalize country value 'UK' to PersonMailingCountryCode 'GB'.
Fixable by Code Update,PersonMailingCountry,N/A,Russia,RU,,2,Script can normalize country value 'Russia' to PersonMailingCountryCode 'RU'.
Fixable by Code Update,PersonMailingCountry,NA,Turkey,TR,,2,Script can normalize country value 'Turkey' to PersonMailingCountryCode 'TR'.
Fixable by Code Update,PersonMailingCountry,SOUTH BOHEMIA,Czech Republic,CZ,,2,Script can normalize country value 'Czech Republic' to PersonMailingCountryCode 'CZ'.
Needs Client Clarification,PersonMailingCountry,SOUTHERN,Hong Kong,CN,91,2,"Client decision needed. Salesforce metadata has Hong Kong as a China subdivision (CountryCode CN, StateCode 91), not as a standalone country. Confirm whether to map to CN/91 or change Salesforce country config."
Fixable by Code Update,PersonMailingCountry,ST. PETERSBURG,Russia,RU,,2,Script can normalize country value 'Russia' to PersonMailingCountryCode 'RU'.
Fixable by Code Update,PersonMailingCountry,THANH PHO HO CHI MIN,Viet Nam,VN,,2,Script can normalize country value 'Viet Nam' to PersonMailingCountryCode 'VN'.
Fixable by Code Update,PersonMailingCountry,TYUMEN,Russia,RU,,2,Script can normalize country value 'Russia' to PersonMailingCountryCode 'RU'.
Fixable by Code Update,PersonMailingCountry,,U.K.,GB,,2,Script can normalize country value 'U.K.' to PersonMailingCountryCode 'GB'.
Fixable by Code Update,PersonMailingCountry,,UK,GB,,2,Script can normalize country value 'UK' to PersonMailingCountryCode 'GB'.
Fixable by Code Update,PersonMailingCountry,YAKUTIA,Russia,RU,,2,Script can normalize country value 'Russia' to PersonMailingCountryCode 'RU'.
Needs Client Clarification,PersonMailingCountry,YUEN LONG,Hong Kong,CN,91,2,"Client decision needed. Salesforce metadata has Hong Kong as a China subdivision (CountryCode CN, StateCode 91), not as a standalone country. Confirm whether to map to CN/91 or change Salesforce country config."
Fixable by Code Update,PersonMailingCountry,САНКТ-ПЕТЕРБУРГ,Russia,RU,,2,Script can normalize country value 'Russia' to PersonMailingCountryCode 'RU'.
Fixable by Code Update,PersonMailingState,-,Netherlands,NL,,2,State is blank/NA. Script should omit/null PersonMailingStateCode instead of sending a literal placeholder.
Fixable by Code Update,PersonMailingState,-,Ukraine,UA,,2,State is blank/NA. Script should omit/null PersonMailingStateCode instead of sending a literal placeholder.
Needs Client Clarification,PersonMailingState,00,,,,2,"State cannot be deterministically mapped for the current row. It may conflict with the country, be a city/county/country value in the state field, or require Salesforce metadata expansion. Client/source-data owner must confirm the intended address."
Needs Client Clarification,PersonMailingState,A CORUNA,Spain,ES,,2,"State cannot be deterministically mapped for the current row. It may conflict with the country, be a city/county/country value in the state field, or require Salesforce metadata expansion. Client/source-data owner must confirm the intended address."
Needs Client Clarification,PersonMailingState,ABUJA,Nigeria,NG,,2,"State cannot be deterministically mapped for the current row. It may conflict with the country, be a city/county/country value in the state field, or require Salesforce metadata expansion. Client/source-data owner must confirm the intended address."
Needs Client Clarification,PersonMailingState,AD,United Arab Emirates,AE,,2,"State cannot be deterministically mapped for the current row. It may conflict with the country, be a city/county/country value in the state field, or require Salesforce metadata expansion. Client/source-data owner must confirm the intended address."
Needs Client Clarification,PersonMailingState,AKTOBE,Kazakhstan,KZ,,2,"State cannot be deterministically mapped for the current row. It may conflict with the country, be a city/county/country value in the state field, or require Salesforce metadata expansion. Client/source-data owner must confirm the intended address."
Needs Client Clarification,PersonMailingState,ALGIERS,Algeria,DZ,,2,"State cannot be deterministically mapped for the current row. It may conflict with the country, be a city/county/country value in the state field, or require Salesforce metadata expansion. Client/source-data owner must confirm the intended address."
Needs Client Clarification,PersonMailingState,ALPES-MARITIMES,France,FR,,2,"State cannot be deterministically mapped for the current row. It may conflict with the country, be a city/county/country value in the state field, or require Salesforce metadata expansion. Client/source-data owner must confirm the intended address."
Needs Client Clarification,PersonMailingState,ALSACE,France,FR,,2,"State cannot be deterministically mapped for the current row. It may conflict with the country, be a city/county/country value in the state field, or require Salesforce metadata expansion. Client/source-data owner must confirm the intended address."
Needs Client Clarification,PersonMailingState,American Samoa,,,,2,"State cannot be deterministically mapped for the current row. It may conflict with the country, be a city/county/country value in the state field, or require Salesforce metadata expansion. Client/source-data owner must confirm the intended address."
Needs Client Clarification,PersonMailingState,AMHARA,Ethiopia,ET,,2,"State cannot be deterministically mapped for the current row. It may conflict with the country, be a city/county/country value in the state field, or require Salesforce metadata expansion. Client/source-data owner must confirm the intended address."
Needs Client Clarification,PersonMailingState,ANAMBRA,Nigeria,NG,,2,"State cannot be deterministically mapped for the current row. It may conflict with the country, be a city/county/country value in the state field, or require Salesforce metadata expansion. Client/source-data owner must confirm the intended address."
Needs Client Clarification,PersonMailingState,ANTOFAGASTA,Chile,CL,,2,"State cannot be deterministically mapped for the current row. It may conflict with the country, be a city/county/country value in the state field, or require Salesforce metadata expansion. Client/source-data owner must confirm the intended address."
Needs Client Clarification,PersonMailingState,ANTWERPEN,Belgium,BE,,2,"State cannot be deterministically mapped for the current row. It may conflict with the country, be a city/county/country value in the state field, or require Salesforce metadata expansion. Client/source-data owner must confirm the intended address."
Needs Client Clarification,PersonMailingState,ARGES,Romania,RO,,2,"State cannot be deterministically mapped for the current row. It may conflict with the country, be a city/county/country value in the state field, or require Salesforce metadata expansion. Client/source-data owner must confirm the intended address."
Needs Client Clarification,PersonMailingState,Arizona,Azerbaijan,AZ,,2,"State cannot be deterministically mapped for the current row. It may conflict with the country, be a city/county/country value in the state field, or require Salesforce metadata expansion. Client/source-data owner must confirm the intended address."
Needs Client Clarification,PersonMailingState,ASIR,Saudi Arabia,SA,,2,"State cannot be deterministically mapped for the current row. It may conflict with the country, be a city/county/country value in the state field, or require Salesforce metadata expansion. Client/source-data owner must confirm the intended address."
Needs Client Clarification,PersonMailingState,ASTURIAS,Spain,ES,,2,"State cannot be deterministically mapped for the current row. It may conflict with the country, be a city/county/country value in the state field, or require Salesforce metadata expansion. Client/source-data owner must confirm the intended address."
Needs Client Clarification,PersonMailingState,ATLANTICO,Colombia,CO,,2,"State cannot be deterministically mapped for the current row. It may conflict with the country, be a city/county/country value in the state field, or require Salesforce metadata expansion. Client/source-data owner must confirm the intended address."
Needs Client Clarification,PersonMailingState,ATTIKA,Greece,GR,,2,"State cannot be deterministically mapped for the current row. It may conflict with the country, be a city/county/country value in the state field, or require Salesforce metadata expansion. Client/source-data owner must confirm the intended address."
Needs Client Clarification,PersonMailingState,AUH,United Arab Emirates,AE,,2,"State cannot be deterministically mapped for the current row. It may conflict with the country, be a city/county/country value in the state field, or require Salesforce metadata expansion. Client/source-data owner must confirm the intended address."
Needs Client Clarification,PersonMailingState,AVON,United Kingdom,GB,,2,"State cannot be deterministically mapped for the current row. It may conflict with the country, be a city/county/country value in the state field, or require Salesforce metadata expansion. Client/source-data owner must confirm the intended address."
Needs Client Clarification,PersonMailingState,BAHRAIN,Bahrain,BH,,2,"State cannot be deterministically mapped for the current row. It may conflict with the country, be a city/county/country value in the state field, or require Salesforce metadata expansion. Client/source-data owner must confirm the intended address."
Needs Client Clarification,PersonMailingState,BAKU,Azerbaijan,AZ,,2,"State cannot be deterministically mapped for the current row. It may conflict with the country, be a city/county/country value in the state field, or require Salesforce metadata expansion. Client/source-data owner must confirm the intended address."
Needs Client Clarification,PersonMailingState,BALEARES,Spain,ES,,2,"State cannot be deterministically mapped for the current row. It may conflict with the country, be a city/county/country value in the state field, or require Salesforce metadata expansion. Client/source-data owner must confirm the intended address."
Needs Client Clarification,PersonMailingState,BALEARIC ISLANDS,Spain,ES,,2,"State cannot be deterministically mapped for the current row. It may conflict with the country, be a city/county/country value in the state field, or require Salesforce metadata expansion. Client/source-data owner must confirm the intended address."
Needs Client Clarification,PersonMailingState,BATANGAS,Philippines,PH,,2,"State cannot be deterministically mapped for the current row. It may conflict with the country, be a city/county/country value in the state field, or require Salesforce metadata expansion. Client/source-data owner must confirm the intended address."
Needs Client Clarification,PersonMailingState,BEDFORDSHIRE,United Kingdom,GB,,2,"State cannot be deterministically mapped for the current row. It may conflict with the country, be a city/county/country value in the state field, or require Salesforce metadata expansion. Client/source-data owner must confirm the intended address."
Needs Client Clarification,PersonMailingState,BELARUS,Belarus,BY,,2,"State cannot be deterministically mapped for the current row. It may conflict with the country, be a city/county/country value in the state field, or require Salesforce metadata expansion. Client/source-data owner must confirm the intended address."
Needs Client Clarification,PersonMailingState,BELGIE,Belgium,BE,,2,"State cannot be deterministically mapped for the current row. It may conflict with the country, be a city/county/country value in the state field, or require Salesforce metadata expansion. Client/source-data owner must confirm the intended address."
Needs Client Clarification,PersonMailingState,BELGRADE,Serbia,RS,,2,"State cannot be deterministically mapped for the current row. It may conflict with the country, be a city/county/country value in the state field, or require Salesforce metadata expansion. Client/source-data owner must confirm the intended address."
Needs Client Clarification,PersonMailingState,BENITO JUAREZ,Mexico,MX,,2,"State cannot be deterministically mapped for the current row. It may conflict with the country, be a city/county/country value in the state field, or require Salesforce metadata expansion. Client/source-data owner must confirm the intended address."
Needs Client Clarification,PersonMailingState,BE,Switzerland,CH,,2,"State cannot be deterministically mapped for the current row. It may conflict with the country, be a city/county/country value in the state field, or require Salesforce metadata expansion. Client/source-data owner must confirm the intended address."
Fixable by Code Update,PersonMailingState,BO,Italy,IT,BO,2,Script can normalize state 'BO' with country 'Italy' to PersonMailingCountryCode 'IT' and PersonMailingStateCode 'BO'.
Needs Client Clarification,PersonMailingState,BOLIVAR,Colombia,CO,,2,"State cannot be deterministically mapped for the current row. It may conflict with the country, be a city/county/country value in the state field, or require Salesforce metadata expansion. Client/source-data owner must confirm the intended address."
Needs Client Clarification,PersonMailingState,BOTSWANA,Botswana,BW,,2,"State cannot be deterministically mapped for the current row. It may conflict with the country, be a city/county/country value in the state field, or require Salesforce metadata expansion. Client/source-data owner must confirm the intended address."
Needs Client Clarification,PersonMailingState,BRAGA,Portugal,PT,,2,"State cannot be deterministically mapped for the current row. It may conflict with the country, be a city/county/country value in the state field, or require Salesforce metadata expansion. Client/source-data owner must confirm the intended address."
Needs Client Clarification,PersonMailingState,BRANDENBURG,Germany,DE,,2,"State cannot be deterministically mapped for the current row. It may conflict with the country, be a city/county/country value in the state field, or require Salesforce metadata expansion. Client/source-data owner must confirm the intended address."
Needs Client Clarification,PersonMailingState,BRITTANY,France,FR,,2,"State cannot be deterministically mapped for the current row. It may conflict with the country, be a city/county/country value in the state field, or require Salesforce metadata expansion. Client/source-data owner must confirm the intended address."
Needs Client Clarification,PersonMailingState,BUCKS,United Kingdom,GB,,2,"State cannot be deterministically mapped for the current row. It may conflict with the country, be a city/county/country value in the state field, or require Salesforce metadata expansion. Client/source-data owner must confirm the intended address."
Fixable by Code Update,PersonMailingState,BZ,Italy,IT,BZ,2,Script can normalize state 'BZ' with country 'Italy' to PersonMailingCountryCode 'IT' and PersonMailingStateCode 'BZ'.
Fixable by Code Update,PersonMailingState,CALIFONIA,United States,US,CA,2,Script can normalize state 'CALIFONIA' with country 'United States' to PersonMailingCountryCode 'US' and PersonMailingStateCode 'CA'.
Needs Client Clarification,PersonMailingState,California,Argentina,AR,,2,"State cannot be deterministically mapped for the current row. It may conflict with the country, be a city/county/country value in the state field, or require Salesforce metadata expansion. Client/source-data owner must confirm the intended address."
Needs Client Clarification,PersonMailingState,California,Azerbaijan,AZ,,2,"State cannot be deterministically mapped for the current row. It may conflict with the country, be a city/county/country value in the state field, or require Salesforce metadata expansion. Client/source-data owner must confirm the intended address."
Needs Client Clarification,PersonMailingState,CALIFORNIA,Brazil,BR,,2,"State cannot be deterministically mapped for the current row. It may conflict with the country, be a city/county/country value in the state field, or require Salesforce metadata expansion. Client/source-data owner must confirm the intended address."
Needs Client Clarification,PersonMailingState,CALIFORNIA,Canada,CA,,2,"State cannot be deterministically mapped for the current row. It may conflict with the country, be a city/county/country value in the state field, or require Salesforce metadata expansion. Client/source-data owner must confirm the intended address."
Needs Client Clarification,PersonMailingState,California,Costa Rica,CR,,2,"State cannot be deterministically mapped for the current row. It may conflict with the country, be a city/county/country value in the state field, or require Salesforce metadata expansion. Client/source-data owner must confirm the intended address."
Needs Client Clarification,PersonMailingState,California,Ecuador,EC,,2,"State cannot be deterministically mapped for the current row. It may conflict with the country, be a city/county/country value in the state field, or require Salesforce metadata expansion. Client/source-data owner must confirm the intended address."
Needs Client Clarification,PersonMailingState,California,Guatemala,GT,,2,"State cannot be deterministically mapped for the current row. It may conflict with the country, be a city/county/country value in the state field, or require Salesforce metadata expansion. Client/source-data owner must confirm the intended address."
Needs Client Clarification,PersonMailingState,California,Iraq,IQ,,2,"State cannot be deterministically mapped for the current row. It may conflict with the country, be a city/county/country value in the state field, or require Salesforce metadata expansion. Client/source-data owner must confirm the intended address."
Needs Client Clarification,PersonMailingState,California,Jamaica,JM,,2,"State cannot be deterministically mapped for the current row. It may conflict with the country, be a city/county/country value in the state field, or require Salesforce metadata expansion. Client/source-data owner must confirm the intended address."
Needs Client Clarification,PersonMailingState,California,Kyrgyzstan,KG,,2,"State cannot be deterministically mapped for the current row. It may conflict with the country, be a city/county/country value in the state field, or require Salesforce metadata expansion. Client/source-data owner must confirm the intended address."
Needs Client Clarification,PersonMailingState,California,Malaysia,MY,,2,"State cannot be deterministically mapped for the current row. It may conflict with the country, be a city/county/country value in the state field, or require Salesforce metadata expansion. Client/source-data owner must confirm the intended address."
Needs Client Clarification,PersonMailingState,California,Nepal,NP,,2,"State cannot be deterministically mapped for the current row. It may conflict with the country, be a city/county/country value in the state field, or require Salesforce metadata expansion. Client/source-data owner must confirm the intended address."
Needs Client Clarification,PersonMailingState,California,Philippines,PH,,2,"State cannot be deterministically mapped for the current row. It may conflict with the country, be a city/county/country value in the state field, or require Salesforce metadata expansion. Client/source-data owner must confirm the intended address."
Needs Client Clarification,PersonMailingState,California,Sierra Leone,SL,,2,"State cannot be deterministically mapped for the current row. It may conflict with the country, be a city/county/country value in the state field, or require Salesforce metadata expansion. Client/source-data owner must confirm the intended address."
Needs Client Clarification,PersonMailingState,CALIFORNIA,United Kingdom,GB,,2,"State cannot be deterministically mapped for the current row. It may conflict with the country, be a city/county/country value in the state field, or require Salesforce metadata expansion. Client/source-data owner must confirm the intended address."
Needs Client Clarification,PersonMailingState,California,Uruguay,UY,,2,"State cannot be deterministically mapped for the current row. It may conflict with the country, be a city/county/country value in the state field, or require Salesforce metadata expansion. Client/source-data owner must confirm the intended address."
Needs Client Clarification,PersonMailingState,California,Uzbekistan,UZ,,2,"State cannot be deterministically mapped for the current row. It may conflict with the country, be a city/county/country value in the state field, or require Salesforce metadata expansion. Client/source-data owner must confirm the intended address."
Needs Client Clarification,PersonMailingState,CANELONES,Uruguay,UY,,2,"State cannot be deterministically mapped for the current row. It may conflict with the country, be a city/county/country value in the state field, or require Salesforce metadata expansion. Client/source-data owner must confirm the intended address."
Needs Client Clarification,PersonMailingState,CANTABRIA,Spain,ES,,2,"State cannot be deterministically mapped for the current row. It may conflict with the country, be a city/county/country value in the state field, or require Salesforce metadata expansion. Client/source-data owner must confirm the intended address."
Needs Client Clarification,PersonMailingState,CAPITAL REGION,Denmark,DK,,2,"State cannot be deterministically mapped for the current row. It may conflict with the country, be a city/county/country value in the state field, or require Salesforce metadata expansion. Client/source-data owner must confirm the intended address."
Needs Client Clarification,PersonMailingState,CAPITAL,Pakistan,PK,,2,"State cannot be deterministically mapped for the current row. It may conflict with the country, be a city/county/country value in the state field, or require Salesforce metadata expansion. Client/source-data owner must confirm the intended address."
Needs Client Clarification,PersonMailingState,CAVITE,Philippines,PH,,2,"State cannot be deterministically mapped for the current row. It may conflict with the country, be a city/county/country value in the state field, or require Salesforce metadata expansion. Client/source-data owner must confirm the intended address."
Needs Client Clarification,PersonMailingState,CENTER,Israel,IL,,2,"State cannot be deterministically mapped for the current row. It may conflict with the country, be a city/county/country value in the state field, or require Salesforce metadata expansion. Client/source-data owner must confirm the intended address."
Needs Client Clarification,PersonMailingState,CENTRAL AREA,Singapore,SG,,2,"State cannot be deterministically mapped for the current row. It may conflict with the country, be a city/county/country value in the state field, or require Salesforce metadata expansion. Client/source-data owner must confirm the intended address."
Needs Client Clarification,PersonMailingState,CENTRAL,Paraguay,PY,,2,"State cannot be deterministically mapped for the current row. It may conflict with the country, be a city/county/country value in the state field, or require Salesforce metadata expansion. Client/source-data owner must confirm the intended address."
Needs Client Clarification,PersonMailingState,CENTRAL,Saudi Arabia,SA,,2,"State cannot be deterministically mapped for the current row. It may conflict with the country, be a city/county/country value in the state field, or require Salesforce metadata expansion. Client/source-data owner must confirm the intended address."
Needs Client Clarification,PersonMailingState,CENTRAL,Uganda,UG,,2,"State cannot be deterministically mapped for the current row. It may conflict with the country, be a city/county/country value in the state field, or require Salesforce metadata expansion. Client/source-data owner must confirm the intended address."
Needs Client Clarification,PersonMailingState,CH,,,,2,"State cannot be deterministically mapped for the current row. It may conflict with the country, be a city/county/country value in the state field, or require Salesforce metadata expansion. Client/source-data owner must confirm the intended address."
Needs Client Clarification,PersonMailingState,CHATTOGRAM,Bangladesh,BD,,2,"State cannot be deterministically mapped for the current row. It may conflict with the country, be a city/county/country value in the state field, or require Salesforce metadata expansion. Client/source-data owner must confirm the intended address."
Needs Client Clarification,PersonMailingState,CHILE,Chile,CL,,2,"State cannot be deterministically mapped for the current row. It may conflict with the country, be a city/county/country value in the state field, or require Salesforce metadata expansion. Client/source-data owner must confirm the intended address."
Needs Client Clarification,PersonMailingState,CHINA,United States,US,,2,"State cannot be deterministically mapped for the current row. It may conflict with the country, be a city/county/country value in the state field, or require Salesforce metadata expansion. Client/source-data owner must confirm the intended address."
Needs Client Clarification,PersonMailingState,CHITTAGONG,Bangladesh,BD,,2,"State cannot be deterministically mapped for the current row. It may conflict with the country, be a city/county/country value in the state field, or require Salesforce metadata expansion. Client/source-data owner must confirm the intended address."
Needs Client Clarification,PersonMailingState,CH,Switzerland,CH,,2,"State cannot be deterministically mapped for the current row. It may conflict with the country, be a city/county/country value in the state field, or require Salesforce metadata expansion. Client/source-data owner must confirm the intended address."
Needs Client Clarification,PersonMailingState,CJ,Romania,RO,,2,"State cannot be deterministically mapped for the current row. It may conflict with the country, be a city/county/country value in the state field, or require Salesforce metadata expansion. Client/source-data owner must confirm the intended address."
Needs Client Clarification,PersonMailingState,CLUJ,Romania,RO,,2,"State cannot be deterministically mapped for the current row. It may conflict with the country, be a city/county/country value in the state field, or require Salesforce metadata expansion. Client/source-data owner must confirm the intended address."
Needs Client Clarification,PersonMailingState,COIMBRA,Portugal,PT,,2,"State cannot be deterministically mapped for the current row. It may conflict with the country, be a city/county/country value in the state field, or require Salesforce metadata expansion. Client/source-data owner must confirm the intended address."
Needs Client Clarification,PersonMailingState,COMAYAGUA,Honduras,HN,,2,"State cannot be deterministically mapped for the current row. It may conflict with the country, be a city/county/country value in the state field, or require Salesforce metadata expansion. Client/source-data owner must confirm the intended address."
Needs Client Clarification,PersonMailingState,COQUIMBO,Chile,CL,,2,"State cannot be deterministically mapped for the current row. It may conflict with the country, be a city/county/country value in the state field, or require Salesforce metadata expansion. Client/source-data owner must confirm the intended address."
Needs Client Clarification,PersonMailingState,CORNWALL,United Kingdom,GB,,2,"State cannot be deterministically mapped for the current row. It may conflict with the country, be a city/county/country value in the state field, or require Salesforce metadata expansion. Client/source-data owner must confirm the intended address."
Needs Client Clarification,PersonMailingState,COYOACAN,Mexico,MX,,2,"State cannot be deterministically mapped for the current row. It may conflict with the country, be a city/county/country value in the state field, or require Salesforce metadata expansion. Client/source-data owner must confirm the intended address."
Needs Client Clarification,PersonMailingState,CU,,,,2,"State cannot be deterministically mapped for the current row. It may conflict with the country, be a city/county/country value in the state field, or require Salesforce metadata expansion. Client/source-data owner must confirm the intended address."
Needs Client Clarification,PersonMailingState,CU,Colombia,CO,,2,"State cannot be deterministically mapped for the current row. It may conflict with the country, be a city/county/country value in the state field, or require Salesforce metadata expansion. Client/source-data owner must confirm the intended address."
Needs Client Clarification,PersonMailingState,CUMBRIA,United Kingdom,GB,,2,"State cannot be deterministically mapped for the current row. It may conflict with the country, be a city/county/country value in the state field, or require Salesforce metadata expansion. Client/source-data owner must confirm the intended address."
Needs Client Clarification,PersonMailingState,DAKAHLIA,Egypt,EG,,2,"State cannot be deterministically mapped for the current row. It may conflict with the country, be a city/county/country value in the state field, or require Salesforce metadata expansion. Client/source-data owner must confirm the intended address."
Needs Client Clarification,PersonMailingState,DAKAR,Senegal,SN,,2,"State cannot be deterministically mapped for the current row. It may conflict with the country, be a city/county/country value in the state field, or require Salesforce metadata expansion. Client/source-data owner must confirm the intended address."
Needs Client Clarification,PersonMailingState,DALMATIA,Croatia,HR,,2,"State cannot be deterministically mapped for the current row. It may conflict with the country, be a city/county/country value in the state field, or require Salesforce metadata expansion. Client/source-data owner must confirm the intended address."
Needs Client Clarification,PersonMailingState,DEFAULT,United States,US,,2,"State cannot be deterministically mapped for the current row. It may conflict with the country, be a city/county/country value in the state field, or require Salesforce metadata expansion. Client/source-data owner must confirm the intended address."
Needs Client Clarification,PersonMailingState,DXB,United Arab Emirates,AE,,2,"State cannot be deterministically mapped for the current row. It may conflict with the country, be a city/county/country value in the state field, or require Salesforce metadata expansion. Client/source-data owner must confirm the intended address."
Needs Client Clarification,PersonMailingState,EASTERN REGION,Saudi Arabia,SA,,2,"State cannot be deterministically mapped for the current row. It may conflict with the country, be a city/county/country value in the state field, or require Salesforce metadata expansion. Client/source-data owner must confirm the intended address."
Needs Client Clarification,PersonMailingState,EASTERN,Saudi Arabia,SA,,2,"State cannot be deterministically mapped for the current row. It may conflict with the country, be a city/county/country value in the state field, or require Salesforce metadata expansion. Client/source-data owner must confirm the intended address."
Needs Client Clarification,PersonMailingState,ENUGU,Nigeria,NG,,2,"State cannot be deterministically mapped for the current row. It may conflict with the country, be a city/county/country value in the state field, or require Salesforce metadata expansion. Client/source-data owner must confirm the intended address."
Fixable by Code Update,PersonMailingState,ESPIRITO SANTO,Brazil,BR,ES,2,Script can normalize state 'ESPIRITO SANTO' with country 'Brazil' to PersonMailingCountryCode 'BR' and PersonMailingStateCode 'ES'.
Needs Client Clarification,PersonMailingState,ESPOO,Finland,FI,,2,"State cannot be deterministically mapped for the current row. It may conflict with the country, be a city/county/country value in the state field, or require Salesforce metadata expansion. Client/source-data owner must confirm the intended address."
Needs Client Clarification,PersonMailingState,ETHIOPIA,Ethiopia,ET,,2,"State cannot be deterministically mapped for the current row. It may conflict with the country, be a city/county/country value in the state field, or require Salesforce metadata expansion. Client/source-data owner must confirm the intended address."
Needs Client Clarification,PersonMailingState,FAR NORTH REGION,Cameroon,CM,,2,"State cannot be deterministically mapped for the current row. It may conflict with the country, be a city/county/country value in the state field, or require Salesforce metadata expansion. Client/source-data owner must confirm the intended address."
Needs Client Clarification,PersonMailingState,FCT,Nigeria,NG,,2,"State cannot be deterministically mapped for the current row. It may conflict with the country, be a city/county/country value in the state field, or require Salesforce metadata expansion. Client/source-data owner must confirm the intended address."
Needs Client Clarification,PersonMailingState,FEDERAL,Pakistan,PK,,2,"State cannot be deterministically mapped for the current row. It may conflict with the country, be a city/county/country value in the state field, or require Salesforce metadata expansion. Client/source-data owner must confirm the intended address."
Needs Client Clarification,PersonMailingState,FES-MEKNES,Morocco,MA,,2,"State cannot be deterministically mapped for the current row. It may conflict with the country, be a city/county/country value in the state field, or require Salesforce metadata expansion. Client/source-data owner must confirm the intended address."
Needs Client Clarification,PersonMailingState,FLA,United States,US,,2,"State cannot be deterministically mapped for the current row. It may conflict with the country, be a city/county/country value in the state field, or require Salesforce metadata expansion. Client/source-data owner must confirm the intended address."
Needs Client Clarification,PersonMailingState,FR,France,FR,,2,"State cannot be deterministically mapped for the current row. It may conflict with the country, be a city/county/country value in the state field, or require Salesforce metadata expansion. Client/source-data owner must confirm the intended address."
Needs Client Clarification,PersonMailingState,GABORONE,Botswana,BW,,2,"State cannot be deterministically mapped for the current row. It may conflict with the country, be a city/county/country value in the state field, or require Salesforce metadata expansion. Client/source-data owner must confirm the intended address."
Needs Client Clarification,PersonMailingState,GE,,,,2,"State cannot be deterministically mapped for the current row. It may conflict with the country, be a city/county/country value in the state field, or require Salesforce metadata expansion. Client/source-data owner must confirm the intended address."
Fixable by Code Update,PersonMailingState,GE,Italy,IT,GE,2,Script can normalize state 'GE' with country 'Italy' to PersonMailingCountryCode 'IT' and PersonMailingStateCode 'GE'.
Needs Client Clarification,PersonMailingState,GENEVE,Switzerland,CH,,2,"State cannot be deterministically mapped for the current row. It may conflict with the country, be a city/county/country value in the state field, or require Salesforce metadata expansion. Client/source-data owner must confirm the intended address."
Needs Client Clarification,PersonMailingState,GHANA,Ghana,GH,,2,"State cannot be deterministically mapped for the current row. It may conflict with the country, be a city/county/country value in the state field, or require Salesforce metadata expansion. Client/source-data owner must confirm the intended address."
Needs Client Clarification,PersonMailingState,GIRONDE,France,FR,,2,"State cannot be deterministically mapped for the current row. It may conflict with the country, be a city/county/country value in the state field, or require Salesforce metadata expansion. Client/source-data owner must confirm the intended address."
Needs Client Clarification,PersonMailingState,GRAND CAYMAN,Cayman Islands,KY,,2,"State cannot be deterministically mapped for the current row. It may conflict with the country, be a city/county/country value in the state field, or require Salesforce metadata expansion. Client/source-data owner must confirm the intended address."
Needs Client Clarification,PersonMailingState,GTO,Mexico,MX,,2,"State cannot be deterministically mapped for the current row. It may conflict with the country, be a city/county/country value in the state field, or require Salesforce metadata expansion. Client/source-data owner must confirm the intended address."
Needs Client Clarification,PersonMailingState,GUA,Guatemala,GT,,2,"State cannot be deterministically mapped for the current row. It may conflict with the country, be a city/county/country value in the state field, or require Salesforce metadata expansion. Client/source-data owner must confirm the intended address."
Needs Client Clarification,PersonMailingState,Guam,Guatemala,GT,,2,"State cannot be deterministically mapped for the current row. It may conflict with the country, be a city/county/country value in the state field, or require Salesforce metadata expansion. Client/source-data owner must confirm the intended address."
Needs Client Clarification,PersonMailingState,GUANACASTE,Costa Rica,CR,,2,"State cannot be deterministically mapped for the current row. It may conflict with the country, be a city/county/country value in the state field, or require Salesforce metadata expansion. Client/source-data owner must confirm the intended address."
Needs Client Clarification,PersonMailingState,GUANDONG,China,CN,,2,"State cannot be deterministically mapped for the current row. It may conflict with the country, be a city/county/country value in the state field, or require Salesforce metadata expansion. Client/source-data owner must confirm the intended address."
Needs Client Clarification,PersonMailingState,GUANGZHOU,China,CN,,2,"State cannot be deterministically mapped for the current row. It may conflict with the country, be a city/county/country value in the state field, or require Salesforce metadata expansion. Client/source-data owner must confirm the intended address."
Needs Client Clarification,PersonMailingState,GUJRAT,India,IN,,2,"State cannot be deterministically mapped for the current row. It may conflict with the country, be a city/county/country value in the state field, or require Salesforce metadata expansion. Client/source-data owner must confirm the intended address."
Needs Client Clarification,PersonMailingState,GUSH DAN,Israel,IL,,2,"State cannot be deterministically mapped for the current row. It may conflict with the country, be a city/county/country value in the state field, or require Salesforce metadata expansion. Client/source-data owner must confirm the intended address."
Needs Client Clarification,PersonMailingState,HARAYANA,India,IN,,2,"State cannot be deterministically mapped for the current row. It may conflict with the country, be a city/county/country value in the state field, or require Salesforce metadata expansion. Client/source-data owner must confirm the intended address."
Needs Client Clarification,PersonMailingState,HARJU MAAKOND,Estonia,EE,,2,"State cannot be deterministically mapped for the current row. It may conflict with the country, be a city/county/country value in the state field, or require Salesforce metadata expansion. Client/source-data owner must confirm the intended address."
Needs Client Clarification,PersonMailingState,HAZAFON,Israel,IL,,2,"State cannot be deterministically mapped for the current row. It may conflict with the country, be a city/county/country value in the state field, or require Salesforce metadata expansion. Client/source-data owner must confirm the intended address."
Needs Client Clarification,PersonMailingState,HB,China,CN,,2,"State cannot be deterministically mapped for the current row. It may conflict with the country, be a city/county/country value in the state field, or require Salesforce metadata expansion. Client/source-data owner must confirm the intended address."
Needs Client Clarification,PersonMailingState,HELSINKI,Finland,FI,,2,"State cannot be deterministically mapped for the current row. It may conflict with the country, be a city/county/country value in the state field, or require Salesforce metadata expansion. Client/source-data owner must confirm the intended address."
Needs Client Clarification,PersonMailingState,ICT,Pakistan,PK,,2,"State cannot be deterministically mapped for the current row. It may conflict with the country, be a city/county/country value in the state field, or require Salesforce metadata expansion. Client/source-data owner must confirm the intended address."
Needs Client Clarification,PersonMailingState,ILFOV,Romania,RO,,2,"State cannot be deterministically mapped for the current row. It may conflict with the country, be a city/county/country value in the state field, or require Salesforce metadata expansion. Client/source-data owner must confirm the intended address."
Needs Client Clarification,PersonMailingState,Indiana,India,IN,,2,"State cannot be deterministically mapped for the current row. It may conflict with the country, be a city/county/country value in the state field, or require Salesforce metadata expansion. Client/source-data owner must confirm the intended address."
Needs Client Clarification,PersonMailingState,ISERE,France,FR,,2,"State cannot be deterministically mapped for the current row. It may conflict with the country, be a city/county/country value in the state field, or require Salesforce metadata expansion. Client/source-data owner must confirm the intended address."
Needs Client Clarification,PersonMailingState,ISLE OF MAN,United Kingdom,GB,,2,"State cannot be deterministically mapped for the current row. It may conflict with the country, be a city/county/country value in the state field, or require Salesforce metadata expansion. Client/source-data owner must confirm the intended address."
Needs Client Clarification,PersonMailingState,ITALIA,Italy,IT,,2,"State cannot be deterministically mapped for the current row. It may conflict with the country, be a city/county/country value in the state field, or require Salesforce metadata expansion. Client/source-data owner must confirm the intended address."
Needs Client Clarification,PersonMailingState,JAKARTA RAYA,Indonesia,ID,,2,"State cannot be deterministically mapped for the current row. It may conflict with the country, be a city/county/country value in the state field, or require Salesforce metadata expansion. Client/source-data owner must confirm the intended address."
Needs Client Clarification,PersonMailingState,JEDDAH,Saudi Arabia,SA,,2,"State cannot be deterministically mapped for the current row. It may conflict with the country, be a city/county/country value in the state field, or require Salesforce metadata expansion. Client/source-data owner must confirm the intended address."
Needs Client Clarification,PersonMailingState,JERUSALEM,Israel,IL,,2,"State cannot be deterministically mapped for the current row. It may conflict with the country, be a city/county/country value in the state field, or require Salesforce metadata expansion. Client/source-data owner must confirm the intended address."
Needs Client Clarification,PersonMailingState,JH,,,,2,"State cannot be deterministically mapped for the current row. It may conflict with the country, be a city/county/country value in the state field, or require Salesforce metadata expansion. Client/source-data owner must confirm the intended address."
Needs Client Clarification,PersonMailingState,JIADING,China,CN,,2,"State cannot be deterministically mapped for the current row. It may conflict with the country, be a city/county/country value in the state field, or require Salesforce metadata expansion. Client/source-data owner must confirm the intended address."
Needs Client Clarification,PersonMailingState,JOHOR,Malaysia,MY,,2,"State cannot be deterministically mapped for the current row. It may conflict with the country, be a city/county/country value in the state field, or require Salesforce metadata expansion. Client/source-data owner must confirm the intended address."
Needs Client Clarification,PersonMailingState,JUTLAND,Denmark,DK,,2,"State cannot be deterministically mapped for the current row. It may conflict with the country, be a city/county/country value in the state field, or require Salesforce metadata expansion. Client/source-data owner must confirm the intended address."
Needs Client Clarification,PersonMailingState,KADUNA,Nigeria,NG,,2,"State cannot be deterministically mapped for the current row. It may conflict with the country, be a city/county/country value in the state field, or require Salesforce metadata expansion. Client/source-data owner must confirm the intended address."
Needs Client Clarification,PersonMailingState,KALIMANTAN TIMUR,Indonesia,ID,,2,"State cannot be deterministically mapped for the current row. It may conflict with the country, be a city/county/country value in the state field, or require Salesforce metadata expansion. Client/source-data owner must confirm the intended address."
Needs Client Clarification,PersonMailingState,KAMPALA,Uganda,UG,,2,"State cannot be deterministically mapped for the current row. It may conflict with the country, be a city/county/country value in the state field, or require Salesforce metadata expansion. Client/source-data owner must confirm the intended address."
Needs Client Clarification,PersonMailingState,KAOHSIUNG,Taiwan,TW,,2,"State cannot be deterministically mapped for the current row. It may conflict with the country, be a city/county/country value in the state field, or require Salesforce metadata expansion. Client/source-data owner must confirm the intended address."
Needs Client Clarification,PersonMailingState,KATHMANDU,Nepal,NP,,2,"State cannot be deterministically mapped for the current row. It may conflict with the country, be a city/county/country value in the state field, or require Salesforce metadata expansion. Client/source-data owner must confirm the intended address."
Needs Client Clarification,PersonMailingState,KHARKIV OBLAST,Ukraine,UA,,2,"State cannot be deterministically mapped for the current row. It may conflict with the country, be a city/county/country value in the state field, or require Salesforce metadata expansion. Client/source-data owner must confirm the intended address."
Needs Client Clarification,PersonMailingState,KHYBER PAKHTUNKHWA,Pakistan,PK,,2,"State cannot be deterministically mapped for the current row. It may conflict with the country, be a city/county/country value in the state field, or require Salesforce metadata expansion. Client/source-data owner must confirm the intended address."
Needs Client Clarification,PersonMailingState,KIGALI,Rwanda,RW,,2,"State cannot be deterministically mapped for the current row. It may conflict with the country, be a city/county/country value in the state field, or require Salesforce metadata expansion. Client/source-data owner must confirm the intended address."
Needs Client Clarification,PersonMailingState,KILKIS,Greece,GR,,2,"State cannot be deterministically mapped for the current row. It may conflict with the country, be a city/county/country value in the state field, or require Salesforce metadata expansion. Client/source-data owner must confirm the intended address."
Needs Client Clarification,PersonMailingState,KINGSTON,Jamaica,JM,,2,"State cannot be deterministically mapped for the current row. It may conflict with the country, be a city/county/country value in the state field, or require Salesforce metadata expansion. Client/source-data owner must confirm the intended address."
Needs Client Clarification,PersonMailingState,KØBENHAVN,Denmark,DK,,2,"State cannot be deterministically mapped for the current row. It may conflict with the country, be a city/county/country value in the state field, or require Salesforce metadata expansion. Client/source-data owner must confirm the intended address."
Needs Client Clarification,PersonMailingState,KP,Pakistan,PK,,2,"State cannot be deterministically mapped for the current row. It may conflict with the country, be a city/county/country value in the state field, or require Salesforce metadata expansion. Client/source-data owner must confirm the intended address."
Needs Client Clarification,PersonMailingState,KWA-ZULU NATAL,South Africa,ZA,,2,"State cannot be deterministically mapped for the current row. It may conflict with the country, be a city/county/country value in the state field, or require Salesforce metadata expansion. Client/source-data owner must confirm the intended address."
Needs Client Clarification,PersonMailingState,KYIVSKA OBLAST,Ukraine,UA,,2,"State cannot be deterministically mapped for the current row. It may conflict with the country, be a city/county/country value in the state field, or require Salesforce metadata expansion. Client/source-data owner must confirm the intended address."
Needs Client Clarification,PersonMailingState,KYOTO-FU,Japan,JP,,2,"State cannot be deterministically mapped for the current row. It may conflict with the country, be a city/county/country value in the state field, or require Salesforce metadata expansion. Client/source-data owner must confirm the intended address."
Needs Client Clarification,PersonMailingState,LA ROMANA,Dominican Republic,DO,,2,"State cannot be deterministically mapped for the current row. It may conflict with the country, be a city/county/country value in the state field, or require Salesforce metadata expansion. Client/source-data owner must confirm the intended address."
Needs Client Clarification,PersonMailingState,LANARKSHIRE,United Kingdom,GB,,2,"State cannot be deterministically mapped for the current row. It may conflict with the country, be a city/county/country value in the state field, or require Salesforce metadata expansion. Client/source-data owner must confirm the intended address."
Needs Client Clarification,PersonMailingState,LAZIO,Italy,IT,,2,"State cannot be deterministically mapped for the current row. It may conflict with the country, be a city/county/country value in the state field, or require Salesforce metadata expansion. Client/source-data owner must confirm the intended address."
Needs Client Clarification,PersonMailingState,LIEGE,Belgium,BE,,2,"State cannot be deterministically mapped for the current row. It may conflict with the country, be a city/county/country value in the state field, or require Salesforce metadata expansion. Client/source-data owner must confirm the intended address."
Needs Client Clarification,PersonMailingState,LIMBURG PROVINCE,Netherlands,NL,,2,"State cannot be deterministically mapped for the current row. It may conflict with the country, be a city/county/country value in the state field, or require Salesforce metadata expansion. Client/source-data owner must confirm the intended address."
Needs Client Clarification,PersonMailingState,LIMBURG,Netherlands,NL,,2,"State cannot be deterministically mapped for the current row. It may conflict with the country, be a city/county/country value in the state field, or require Salesforce metadata expansion. Client/source-data owner must confirm the intended address."
Needs Client Clarification,PersonMailingState,LINZ,Austria,AT,,2,"State cannot be deterministically mapped for the current row. It may conflict with the country, be a city/county/country value in the state field, or require Salesforce metadata expansion. Client/source-data owner must confirm the intended address."
Needs Client Clarification,PersonMailingState,LITHUANIA,Lithuania,LT,,2,"State cannot be deterministically mapped for the current row. It may conflict with the country, be a city/county/country value in the state field, or require Salesforce metadata expansion. Client/source-data owner must confirm the intended address."
Needs Client Clarification,PersonMailingState,Louisiana,Nigeria,NG,,2,"State cannot be deterministically mapped for the current row. It may conflict with the country, be a city/county/country value in the state field, or require Salesforce metadata expansion. Client/source-data owner must confirm the intended address."
Needs Client Clarification,PersonMailingState,LOWER SAXONY,Germany,DE,,2,"State cannot be deterministically mapped for the current row. It may conflict with the country, be a city/county/country value in the state field, or require Salesforce metadata expansion. Client/source-data owner must confirm the intended address."
Needs Client Clarification,PersonMailingState,LVIV REGION,Ukraine,UA,,2,"State cannot be deterministically mapped for the current row. It may conflict with the country, be a city/county/country value in the state field, or require Salesforce metadata expansion. Client/source-data owner must confirm the intended address."
Needs Client Clarification,PersonMailingState,MADHYA PRADESH,United States,US,,2,"State cannot be deterministically mapped for the current row. It may conflict with the country, be a city/county/country value in the state field, or require Salesforce metadata expansion. Client/source-data owner must confirm the intended address."
Needs Client Clarification,PersonMailingState,MAHARSHTRA,India,IN,,2,"State cannot be deterministically mapped for the current row. It may conflict with the country, be a city/county/country value in the state field, or require Salesforce metadata expansion. Client/source-data owner must confirm the intended address."
Needs Client Clarification,PersonMailingState,MAH,India,IN,,2,"State cannot be deterministically mapped for the current row. It may conflict with the country, be a city/county/country value in the state field, or require Salesforce metadata expansion. Client/source-data owner must confirm the intended address."
Needs Client Clarification,PersonMailingState,MALAGA,Spain,ES,,2,"State cannot be deterministically mapped for the current row. It may conflict with the country, be a city/county/country value in the state field, or require Salesforce metadata expansion. Client/source-data owner must confirm the intended address."
Needs Client Clarification,PersonMailingState,MALOPOLSKIE,Poland,PL,,2,"State cannot be deterministically mapped for the current row. It may conflict with the country, be a city/county/country value in the state field, or require Salesforce metadata expansion. Client/source-data owner must confirm the intended address."
Needs Client Clarification,PersonMailingState,MANAGUA,Nicaragua,NI,,2,"State cannot be deterministically mapped for the current row. It may conflict with the country, be a city/county/country value in the state field, or require Salesforce metadata expansion. Client/source-data owner must confirm the intended address."
Needs Client Clarification,PersonMailingState,MASOVIAN,Poland,PL,,2,"State cannot be deterministically mapped for the current row. It may conflict with the country, be a city/county/country value in the state field, or require Salesforce metadata expansion. Client/source-data owner must confirm the intended address."
Needs Client Clarification,PersonMailingState,MAZOVIAN VOIVODESHIP,Poland,PL,,2,"State cannot be deterministically mapped for the current row. It may conflict with the country, be a city/county/country value in the state field, or require Salesforce metadata expansion. Client/source-data owner must confirm the intended address."
Needs Client Clarification,PersonMailingState,MAZOVIA,Poland,PL,,2,"State cannot be deterministically mapped for the current row. It may conflict with the country, be a city/county/country value in the state field, or require Salesforce metadata expansion. Client/source-data owner must confirm the intended address."
Needs Client Clarification,PersonMailingState,MEKKAH,Saudi Arabia,SA,,2,"State cannot be deterministically mapped for the current row. It may conflict with the country, be a city/county/country value in the state field, or require Salesforce metadata expansion. Client/source-data owner must confirm the intended address."
Needs Client Clarification,PersonMailingState,METROPOLITAN MANILA,Philippines,PH,,2,"State cannot be deterministically mapped for the current row. It may conflict with the country, be a city/county/country value in the state field, or require Salesforce metadata expansion. Client/source-data owner must confirm the intended address."
Needs Client Clarification,PersonMailingState,MEXICO DF,Mexico,MX,,2,"State cannot be deterministically mapped for the current row. It may conflict with the country, be a city/county/country value in the state field, or require Salesforce metadata expansion. Client/source-data owner must confirm the intended address."
Needs Client Clarification,PersonMailingState,MICH,Mexico,MX,,2,"State cannot be deterministically mapped for the current row. It may conflict with the country, be a city/county/country value in the state field, or require Salesforce metadata expansion. Client/source-data owner must confirm the intended address."
Needs Client Clarification,PersonMailingState,MIDLOTHIAN,United Kingdom,GB,,2,"State cannot be deterministically mapped for the current row. It may conflict with the country, be a city/county/country value in the state field, or require Salesforce metadata expansion. Client/source-data owner must confirm the intended address."
Needs Client Clarification,PersonMailingState,MINSK REGION,Belarus,BY,,2,"State cannot be deterministically mapped for the current row. It may conflict with the country, be a city/county/country value in the state field, or require Salesforce metadata expansion. Client/source-data owner must confirm the intended address."
Needs Client Clarification,PersonMailingState,MIRABAD REGION,Uzbekistan,UZ,,2,"State cannot be deterministically mapped for the current row. It may conflict with the country, be a city/county/country value in the state field, or require Salesforce metadata expansion. Client/source-data owner must confirm the intended address."
Needs Client Clarification,PersonMailingState,Mississippi,Brazil,BR,,2,"State cannot be deterministically mapped for the current row. It may conflict with the country, be a city/county/country value in the state field, or require Salesforce metadata expansion. Client/source-data owner must confirm the intended address."
Needs Client Clarification,PersonMailingState,MONACO,Monaco,MC,,2,"State cannot be deterministically mapped for the current row. It may conflict with the country, be a city/county/country value in the state field, or require Salesforce metadata expansion. Client/source-data owner must confirm the intended address."
Needs Client Clarification,PersonMailingState,MOROCCO,Morocco,MA,,2,"State cannot be deterministically mapped for the current row. It may conflict with the country, be a city/county/country value in the state field, or require Salesforce metadata expansion. Client/source-data owner must confirm the intended address."
Needs Client Clarification,PersonMailingState,MURCIA,Spain,ES,,2,"State cannot be deterministically mapped for the current row. It may conflict with the country, be a city/county/country value in the state field, or require Salesforce metadata expansion. Client/source-data owner must confirm the intended address."
Needs Client Clarification,PersonMailingState,MV,Germany,DE,,2,"State cannot be deterministically mapped for the current row. It may conflict with the country, be a city/county/country value in the state field, or require Salesforce metadata expansion. Client/source-data owner must confirm the intended address."
Needs Client Clarification,PersonMailingState,MYSLOWICE,Poland,PL,,2,"State cannot be deterministically mapped for the current row. It may conflict with the country, be a city/county/country value in the state field, or require Salesforce metadata expansion. Client/source-data owner must confirm the intended address."
Fixable by Code Update,PersonMailingState,N/A,Lebanon,LB,,2,State is blank/NA. Script should omit/null PersonMailingStateCode instead of sending a literal placeholder.
Fixable by Code Update,PersonMailingState,NA,,,,2,State is blank/NA. Script should omit/null PersonMailingStateCode instead of sending a literal placeholder.
Fixable by Code Update,PersonMailingState,NA,Chile,CL,,2,State is blank/NA. Script should omit/null PersonMailingStateCode instead of sending a literal placeholder.
Fixable by Code Update,PersonMailingState,NA,Egypt,EG,,2,State is blank/NA. Script should omit/null PersonMailingStateCode instead of sending a literal placeholder.
Fixable by Code Update,PersonMailingState,NA,Kuwait,KW,,2,State is blank/NA. Script should omit/null PersonMailingStateCode instead of sending a literal placeholder.
Needs Client Clarification,PersonMailingState,NAPOLI,Italy,IT,,2,"State cannot be deterministically mapped for the current row. It may conflict with the country, be a city/county/country value in the state field, or require Salesforce metadata expansion. Client/source-data owner must confirm the intended address."
Fixable by Code Update,PersonMailingState,NA,Trinidad and Tobago,TT,,2,State is blank/NA. Script should omit/null PersonMailingStateCode instead of sending a literal placeholder.
Fixable by Code Update,PersonMailingState,NA,Uzbekistan,UZ,,2,State is blank/NA. Script should omit/null PersonMailingStateCode instead of sending a literal placeholder.
Needs Client Clarification,PersonMailingState,NAVARRA,Spain,ES,,2,"State cannot be deterministically mapped for the current row. It may conflict with the country, be a city/county/country value in the state field, or require Salesforce metadata expansion. Client/source-data owner must confirm the intended address."
Needs Client Clarification,PersonMailingState,NB,Netherlands,NL,,2,"State cannot be deterministically mapped for the current row. It may conflict with the country, be a city/county/country value in the state field, or require Salesforce metadata expansion. Client/source-data owner must confirm the intended address."
Needs Client Clarification,PersonMailingState,NEDERLAND,Netherlands,NL,,2,"State cannot be deterministically mapped for the current row. It may conflict with the country, be a city/county/country value in the state field, or require Salesforce metadata expansion. Client/source-data owner must confirm the intended address."
Needs Client Clarification,PersonMailingState,NEGEV,Israel,IL,,2,"State cannot be deterministically mapped for the current row. It may conflict with the country, be a city/county/country value in the state field, or require Salesforce metadata expansion. Client/source-data owner must confirm the intended address."
Needs Client Clarification,PersonMailingState,NEPAL,Nepal,NP,,2,"State cannot be deterministically mapped for the current row. It may conflict with the country, be a city/county/country value in the state field, or require Salesforce metadata expansion. Client/source-data owner must confirm the intended address."
Needs Client Clarification,PersonMailingState,NETHERLANDS,Netherlands,NL,,2,"State cannot be deterministically mapped for the current row. It may conflict with the country, be a city/county/country value in the state field, or require Salesforce metadata expansion. Client/source-data owner must confirm the intended address."
Needs Client Clarification,PersonMailingState,NEW CAIRO,Egypt,EG,,2,"State cannot be deterministically mapped for the current row. It may conflict with the country, be a city/county/country value in the state field, or require Salesforce metadata expansion. Client/source-data owner must confirm the intended address."
Needs Client Clarification,PersonMailingState,NEW PROVIDENCE,Bahamas,BS,,2,"State cannot be deterministically mapped for the current row. It may conflict with the country, be a city/county/country value in the state field, or require Salesforce metadata expansion. Client/source-data owner must confirm the intended address."
Needs Client Clarification,PersonMailingState,NON-US,Egypt,EG,,2,"State cannot be deterministically mapped for the current row. It may conflict with the country, be a city/county/country value in the state field, or require Salesforce metadata expansion. Client/source-data owner must confirm the intended address."
Needs Client Clarification,PersonMailingState,NOORD BRABANT,Netherlands,NL,,2,"State cannot be deterministically mapped for the current row. It may conflict with the country, be a city/county/country value in the state field, or require Salesforce metadata expansion. Client/source-data owner must confirm the intended address."
Needs Client Clarification,PersonMailingState,NORDRHEINWESTFALEN,Germany,DE,,2,"State cannot be deterministically mapped for the current row. It may conflict with the country, be a city/county/country value in the state field, or require Salesforce metadata expansion. Client/source-data owner must confirm the intended address."
Needs Client Clarification,PersonMailingState,NORTH BRABANT,Netherlands,NL,,2,"State cannot be deterministically mapped for the current row. It may conflict with the country, be a city/county/country value in the state field, or require Salesforce metadata expansion. Client/source-data owner must confirm the intended address."
Needs Client Clarification,PersonMailingState,NORTH-RHINE WESTPHAL,Germany,DE,,2,"State cannot be deterministically mapped for the current row. It may conflict with the country, be a city/county/country value in the state field, or require Salesforce metadata expansion. Client/source-data owner must confirm the intended address."
Needs Client Clarification,PersonMailingState,NORTHAMPTONSHIRE,United Kingdom,GB,,2,"State cannot be deterministically mapped for the current row. It may conflict with the country, be a city/county/country value in the state field, or require Salesforce metadata expansion. Client/source-data owner must confirm the intended address."
Needs Client Clarification,PersonMailingState,NOT APPLICABLE,Egypt,EG,,2,"State cannot be deterministically mapped for the current row. It may conflict with the country, be a city/county/country value in the state field, or require Salesforce metadata expansion. Client/source-data owner must confirm the intended address."
Needs Client Clarification,PersonMailingState,NOT APPLICABLE,India,IN,,2,"State cannot be deterministically mapped for the current row. It may conflict with the country, be a city/county/country value in the state field, or require Salesforce metadata expansion. Client/source-data owner must confirm the intended address."
Needs Client Clarification,PersonMailingState,NOTTINGHAMSHIRE,United Kingdom,GB,,2,"State cannot be deterministically mapped for the current row. It may conflict with the country, be a city/county/country value in the state field, or require Salesforce metadata expansion. Client/source-data owner must confirm the intended address."
Needs Client Clarification,PersonMailingState,NP,Bahamas,BS,,2,"State cannot be deterministically mapped for the current row. It may conflict with the country, be a city/county/country value in the state field, or require Salesforce metadata expansion. Client/source-data owner must confirm the intended address."
Needs Client Clarification,PersonMailingState,NU,,,,2,"State cannot be deterministically mapped for the current row. It may conflict with the country, be a city/county/country value in the state field, or require Salesforce metadata expansion. Client/source-data owner must confirm the intended address."
Needs Client Clarification,PersonMailingState,OCCITANIE,France,FR,,2,"State cannot be deterministically mapped for the current row. It may conflict with the country, be a city/county/country value in the state field, or require Salesforce metadata expansion. Client/source-data owner must confirm the intended address."
Needs Client Clarification,PersonMailingState,ODESA,Ukraine,UA,,2,"State cannot be deterministically mapped for the current row. It may conflict with the country, be a city/county/country value in the state field, or require Salesforce metadata expansion. Client/source-data owner must confirm the intended address."
Needs Client Clarification,PersonMailingState,ODESSA,Ukraine,UA,,2,"State cannot be deterministically mapped for the current row. It may conflict with the country, be a city/county/country value in the state field, or require Salesforce metadata expansion. Client/source-data owner must confirm the intended address."
Needs Client Clarification,PersonMailingState,ONTARIO,United States,US,,2,"State cannot be deterministically mapped for the current row. It may conflict with the country, be a city/county/country value in the state field, or require Salesforce metadata expansion. Client/source-data owner must confirm the intended address."
Needs Client Clarification,PersonMailingState,OSUN STATE,Nigeria,NG,,2,"State cannot be deterministically mapped for the current row. It may conflict with the country, be a city/county/country value in the state field, or require Salesforce metadata expansion. Client/source-data owner must confirm the intended address."
Needs Client Clarification,PersonMailingState,OTHERS,Singapore,SG,,2,"State cannot be deterministically mapped for the current row. It may conflict with the country, be a city/county/country value in the state field, or require Salesforce metadata expansion. Client/source-data owner must confirm the intended address."
Needs Client Clarification,PersonMailingState,OVERIJSSEL,Netherlands,NL,,2,"State cannot be deterministically mapped for the current row. It may conflict with the country, be a city/county/country value in the state field, or require Salesforce metadata expansion. Client/source-data owner must confirm the intended address."
Needs Client Clarification,PersonMailingState,PADOVA,Italy,IT,,2,"State cannot be deterministically mapped for the current row. It may conflict with the country, be a city/county/country value in the state field, or require Salesforce metadata expansion. Client/source-data owner must confirm the intended address."
Fixable by Code Update,PersonMailingState,PARA,Brazil,BR,PA,2,Script can normalize state 'PARA' with country 'Brazil' to PersonMailingCountryCode 'BR' and PersonMailingStateCode 'PA'.
Needs Client Clarification,PersonMailingState,PENANG,Malaysia,MY,,2,"State cannot be deterministically mapped for the current row. It may conflict with the country, be a city/county/country value in the state field, or require Salesforce metadata expansion. Client/source-data owner must confirm the intended address."
Needs Client Clarification,PersonMailingState,PHILIPPINES,Philippines,PH,,2,"State cannot be deterministically mapped for the current row. It may conflict with the country, be a city/county/country value in the state field, or require Salesforce metadata expansion. Client/source-data owner must confirm the intended address."
Needs Client Clarification,PersonMailingState,PL,Poland,PL,,2,"State cannot be deterministically mapped for the current row. It may conflict with the country, be a city/county/country value in the state field, or require Salesforce metadata expansion. Client/source-data owner must confirm the intended address."
Needs Client Clarification,PersonMailingState,PONDICHERRY,India,IN,,2,"State cannot be deterministically mapped for the current row. It may conflict with the country, be a city/county/country value in the state field, or require Salesforce metadata expansion. Client/source-data owner must confirm the intended address."
Needs Client Clarification,PersonMailingState,PORT OF SPAIN,Trinidad and Tobago,TT,,2,"State cannot be deterministically mapped for the current row. It may conflict with the country, be a city/county/country value in the state field, or require Salesforce metadata expansion. Client/source-data owner must confirm the intended address."
Needs Client Clarification,PersonMailingState,RAJSHAHI,Bangladesh,BD,,2,"State cannot be deterministically mapped for the current row. It may conflict with the country, be a city/county/country value in the state field, or require Salesforce metadata expansion. Client/source-data owner must confirm the intended address."
Needs Client Clarification,PersonMailingState,RAMAT GAN,Israel,IL,,2,"State cannot be deterministically mapped for the current row. It may conflict with the country, be a city/county/country value in the state field, or require Salesforce metadata expansion. Client/source-data owner must confirm the intended address."
Needs Client Clarification,PersonMailingState,RAS AL KHAIMAH,United Arab Emirates,AE,,2,"State cannot be deterministically mapped for the current row. It may conflict with the country, be a city/county/country value in the state field, or require Salesforce metadata expansion. Client/source-data owner must confirm the intended address."
Needs Client Clarification,PersonMailingState,REYKJAVIK,Iceland,IS,,2,"State cannot be deterministically mapped for the current row. It may conflict with the country, be a city/county/country value in the state field, or require Salesforce metadata expansion. Client/source-data owner must confirm the intended address."
Needs Client Clarification,PersonMailingState,RHONE,France,FR,,2,"State cannot be deterministically mapped for the current row. It may conflict with the country, be a city/county/country value in the state field, or require Salesforce metadata expansion. Client/source-data owner must confirm the intended address."
Needs Client Clarification,PersonMailingState,RIZAL,Philippines,PH,,2,"State cannot be deterministically mapped for the current row. It may conflict with the country, be a city/county/country value in the state field, or require Salesforce metadata expansion. Client/source-data owner must confirm the intended address."
Needs Client Clarification,PersonMailingState,RJ,,,,2,"State cannot be deterministically mapped for the current row. It may conflict with the country, be a city/county/country value in the state field, or require Salesforce metadata expansion. Client/source-data owner must confirm the intended address."
Needs Client Clarification,PersonMailingState,RJ / RIO DE JANEIRO,Brazil,BR,,2,"State cannot be deterministically mapped for the current row. It may conflict with the country, be a city/county/country value in the state field, or require Salesforce metadata expansion. Client/source-data owner must confirm the intended address."
Needs Client Clarification,PersonMailingState,RO,,,,2,"State cannot be deterministically mapped for the current row. It may conflict with the country, be a city/county/country value in the state field, or require Salesforce metadata expansion. Client/source-data owner must confirm the intended address."
Needs Client Clarification,PersonMailingState,ROMA,Italy,IT,,2,"State cannot be deterministically mapped for the current row. It may conflict with the country, be a city/county/country value in the state field, or require Salesforce metadata expansion. Client/source-data owner must confirm the intended address."
Fixable by Code Update,PersonMailingState,RONDONIA,Brazil,BR,RO,2,Script can normalize state 'RONDONIA' with country 'Brazil' to PersonMailingCountryCode 'BR' and PersonMailingStateCode 'RO'.
Needs Client Clarification,PersonMailingState,SA,,,,2,"State cannot be deterministically mapped for the current row. It may conflict with the country, be a city/county/country value in the state field, or require Salesforce metadata expansion. Client/source-data owner must confirm the intended address."
Needs Client Clarification,PersonMailingState,SA,Germany,DE,,2,"State cannot be deterministically mapped for the current row. It may conflict with the country, be a city/county/country value in the state field, or require Salesforce metadata expansion. Client/source-data owner must confirm the intended address."
Needs Client Clarification,PersonMailingState,SAITAMA-KEN,Japan,JP,,2,"State cannot be deterministically mapped for the current row. It may conflict with the country, be a city/county/country value in the state field, or require Salesforce metadata expansion. Client/source-data owner must confirm the intended address."
Needs Client Clarification,PersonMailingState,SAN MATEO,United States,US,,2,"State cannot be deterministically mapped for the current row. It may conflict with the country, be a city/county/country value in the state field, or require Salesforce metadata expansion. Client/source-data owner must confirm the intended address."
Needs Client Clarification,PersonMailingState,SANTA CLARA,United States,US,,2,"State cannot be deterministically mapped for the current row. It may conflict with the country, be a city/county/country value in the state field, or require Salesforce metadata expansion. Client/source-data owner must confirm the intended address."
Needs Client Clarification,PersonMailingState,SANTANDER,Colombia,CO,,2,"State cannot be deterministically mapped for the current row. It may conflict with the country, be a city/county/country value in the state field, or require Salesforce metadata expansion. Client/source-data owner must confirm the intended address."
Needs Client Clarification,PersonMailingState,SA,Saudi Arabia,SA,,2,"State cannot be deterministically mapped for the current row. It may conflict with the country, be a city/county/country value in the state field, or require Salesforce metadata expansion. Client/source-data owner must confirm the intended address."
Needs Client Clarification,PersonMailingState,SCHWEIZ,Switzerland,CH,,2,"State cannot be deterministically mapped for the current row. It may conflict with the country, be a city/county/country value in the state field, or require Salesforce metadata expansion. Client/source-data owner must confirm the intended address."
Fixable by Code Update,PersonMailingState,SE,Brazil,BR,SE,2,Script can normalize state 'SE' with country 'Brazil' to PersonMailingCountryCode 'BR' and PersonMailingStateCode 'SE'.
Needs Client Clarification,PersonMailingState,SELECT,India,IN,,2,"State cannot be deterministically mapped for the current row. It may conflict with the country, be a city/county/country value in the state field, or require Salesforce metadata expansion. Client/source-data owner must confirm the intended address."
Needs Client Clarification,PersonMailingState,SERBIA,Serbia,RS,,2,"State cannot be deterministically mapped for the current row. It may conflict with the country, be a city/county/country value in the state field, or require Salesforce metadata expansion. Client/source-data owner must confirm the intended address."
Needs Client Clarification,PersonMailingState,SETIF,Algeria,DZ,,2,"State cannot be deterministically mapped for the current row. It may conflict with the country, be a city/county/country value in the state field, or require Salesforce metadata expansion. Client/source-data owner must confirm the intended address."
Needs Client Clarification,PersonMailingState,SETUBAL,Portugal,PT,,2,"State cannot be deterministically mapped for the current row. It may conflict with the country, be a city/county/country value in the state field, or require Salesforce metadata expansion. Client/source-data owner must confirm the intended address."
Needs Client Clarification,PersonMailingState,SIND,Pakistan,PK,,2,"State cannot be deterministically mapped for the current row. It may conflict with the country, be a city/county/country value in the state field, or require Salesforce metadata expansion. Client/source-data owner must confirm the intended address."
Needs Client Clarification,PersonMailingState,SJAELLAND,Denmark,DK,,2,"State cannot be deterministically mapped for the current row. It may conflict with the country, be a city/county/country value in the state field, or require Salesforce metadata expansion. Client/source-data owner must confirm the intended address."
Needs Client Clarification,PersonMailingState,SLASKIE,Poland,PL,,2,"State cannot be deterministically mapped for the current row. It may conflict with the country, be a city/county/country value in the state field, or require Salesforce metadata expansion. Client/source-data owner must confirm the intended address."
Needs Client Clarification,PersonMailingState,SLOVAKIA,Slovakia,SK,,2,"State cannot be deterministically mapped for the current row. It may conflict with the country, be a city/county/country value in the state field, or require Salesforce metadata expansion. Client/source-data owner must confirm the intended address."
Needs Client Clarification,PersonMailingState,SLOVENIA,Slovenia,SI,,2,"State cannot be deterministically mapped for the current row. It may conflict with the country, be a city/county/country value in the state field, or require Salesforce metadata expansion. Client/source-data owner must confirm the intended address."
Needs Client Clarification,PersonMailingState,SOFIA-GRAD,Bulgaria,BG,,2,"State cannot be deterministically mapped for the current row. It may conflict with the country, be a city/county/country value in the state field, or require Salesforce metadata expansion. Client/source-data owner must confirm the intended address."
Needs Client Clarification,PersonMailingState,SOUTH AFRICA,South Africa,ZA,,2,"State cannot be deterministically mapped for the current row. It may conflict with the country, be a city/county/country value in the state field, or require Salesforce metadata expansion. Client/source-data owner must confirm the intended address."
Fixable by Code Update,PersonMailingState,SP,brazil,BR,SP,2,Script can normalize state 'SP' with country 'brazil' to PersonMailingCountryCode 'BR' and PersonMailingStateCode 'SP'.
Fixable by Code Update,PersonMailingState,SP,BRAZIL,BR,SP,2,Script can normalize state 'SP' with country 'BRAZIL' to PersonMailingCountryCode 'BR' and PersonMailingStateCode 'SP'.
Needs Client Clarification,PersonMailingState,STATE,United States,US,,2,"State cannot be deterministically mapped for the current row. It may conflict with the country, be a city/county/country value in the state field, or require Salesforce metadata expansion. Client/source-data owner must confirm the intended address."
Needs Client Clarification,PersonMailingState,SULAYMANIYAH,Iraq,IQ,,2,"State cannot be deterministically mapped for the current row. It may conflict with the country, be a city/county/country value in the state field, or require Salesforce metadata expansion. Client/source-data owner must confirm the intended address."
Needs Client Clarification,PersonMailingState,SW,,,,2,"State cannot be deterministically mapped for the current row. It may conflict with the country, be a city/county/country value in the state field, or require Salesforce metadata expansion. Client/source-data owner must confirm the intended address."
Needs Client Clarification,PersonMailingState,SYLHET,Bangladesh,BD,,2,"State cannot be deterministically mapped for the current row. It may conflict with the country, be a city/county/country value in the state field, or require Salesforce metadata expansion. Client/source-data owner must confirm the intended address."
Needs Client Clarification,PersonMailingState,TAIPEI CITY,Taiwan,TW,,2,"State cannot be deterministically mapped for the current row. It may conflict with the country, be a city/county/country value in the state field, or require Salesforce metadata expansion. Client/source-data owner must confirm the intended address."
Needs Client Clarification,PersonMailingState,TAIWAN (R.O.C.),Taiwan,TW,,2,"State cannot be deterministically mapped for the current row. It may conflict with the country, be a city/county/country value in the state field, or require Salesforce metadata expansion. Client/source-data owner must confirm the intended address."
Fixable by Code Update,PersonMailingState,TAS,Australia,AU,TAS,2,Script can normalize state 'TAS' with country 'Australia' to PersonMailingCountryCode 'AU' and PersonMailingStateCode 'TAS'.
Needs Client Clarification,PersonMailingState,TELENGANA,India,IN,,2,"State cannot be deterministically mapped for the current row. It may conflict with the country, be a city/county/country value in the state field, or require Salesforce metadata expansion. Client/source-data owner must confirm the intended address."
Needs Client Clarification,PersonMailingState,Tennessee,Italy,IT,,2,"State cannot be deterministically mapped for the current row. It may conflict with the country, be a city/county/country value in the state field, or require Salesforce metadata expansion. Client/source-data owner must confirm the intended address."
Fixable by Code Update,PersonMailingState,TG,India,IN,TG,2,Script can normalize state 'TG' with country 'India' to PersonMailingCountryCode 'IN' and PersonMailingStateCode 'TG'.
Needs Client Clarification,PersonMailingState,THAILAND,Thailand,TH,,2,"State cannot be deterministically mapped for the current row. It may conflict with the country, be a city/county/country value in the state field, or require Salesforce metadata expansion. Client/source-data owner must confirm the intended address."
Needs Client Clarification,PersonMailingState,THE NETHERLANDS,Netherlands,NL,,2,"State cannot be deterministically mapped for the current row. It may conflict with the country, be a city/county/country value in the state field, or require Salesforce metadata expansion. Client/source-data owner must confirm the intended address."
Needs Client Clarification,PersonMailingState,TOKYO-TO,Japan,JP,,2,"State cannot be deterministically mapped for the current row. It may conflict with the country, be a city/county/country value in the state field, or require Salesforce metadata expansion. Client/source-data owner must confirm the intended address."
Needs Client Clarification,PersonMailingState,TORTOLA,"Virgin Islands, British",VG,,2,"State cannot be deterministically mapped for the current row. It may conflict with the country, be a city/county/country value in the state field, or require Salesforce metadata expansion. Client/source-data owner must confirm the intended address."
Needs Client Clarification,PersonMailingState,TRUJILLO,Peru,PE,,2,"State cannot be deterministically mapped for the current row. It may conflict with the country, be a city/county/country value in the state field, or require Salesforce metadata expansion. Client/source-data owner must confirm the intended address."
Needs Client Clarification,PersonMailingState,TUNIS,Tunisia,TN,,2,"State cannot be deterministically mapped for the current row. It may conflict with the country, be a city/county/country value in the state field, or require Salesforce metadata expansion. Client/source-data owner must confirm the intended address."
Needs Client Clarification,PersonMailingState,TW,Taiwan,TW,,2,"State cannot be deterministically mapped for the current row. It may conflict with the country, be a city/county/country value in the state field, or require Salesforce metadata expansion. Client/source-data owner must confirm the intended address."
Needs Client Clarification,PersonMailingState,TX-TEXAS,United States,US,,2,"State cannot be deterministically mapped for the current row. It may conflict with the country, be a city/county/country value in the state field, or require Salesforce metadata expansion. Client/source-data owner must confirm the intended address."
Needs Client Clarification,PersonMailingState,UA,Ukraine,UA,,2,"State cannot be deterministically mapped for the current row. It may conflict with the country, be a city/county/country value in the state field, or require Salesforce metadata expansion. Client/source-data owner must confirm the intended address."
Needs Client Clarification,PersonMailingState,UGANDA,Uganda,UG,,2,"State cannot be deterministically mapped for the current row. It may conflict with the country, be a city/county/country value in the state field, or require Salesforce metadata expansion. Client/source-data owner must confirm the intended address."
Needs Client Clarification,PersonMailingState,UK,,,,2,"State cannot be deterministically mapped for the current row. It may conflict with the country, be a city/county/country value in the state field, or require Salesforce metadata expansion. Client/source-data owner must confirm the intended address."
Needs Client Clarification,PersonMailingState,ULAANBAATAR,Mongolia,MN,,2,"State cannot be deterministically mapped for the current row. It may conflict with the country, be a city/county/country value in the state field, or require Salesforce metadata expansion. Client/source-data owner must confirm the intended address."
Needs Client Clarification,PersonMailingState,UNITED STATES OF AME,United States,US,,2,"State cannot be deterministically mapped for the current row. It may conflict with the country, be a city/county/country value in the state field, or require Salesforce metadata expansion. Client/source-data owner must confirm the intended address."
Needs Client Clarification,PersonMailingState,US,United States,US,,2,"State cannot be deterministically mapped for the current row. It may conflict with the country, be a city/county/country value in the state field, or require Salesforce metadata expansion. Client/source-data owner must confirm the intended address."
Needs Client Clarification,PersonMailingState,UZBEKISTAN,Uzbekistan,UZ,,2,"State cannot be deterministically mapped for the current row. It may conflict with the country, be a city/county/country value in the state field, or require Salesforce metadata expansion. Client/source-data owner must confirm the intended address."
Needs Client Clarification,PersonMailingState,VADUZ,Liechtenstein,LI,,2,"State cannot be deterministically mapped for the current row. It may conflict with the country, be a city/county/country value in the state field, or require Salesforce metadata expansion. Client/source-data owner must confirm the intended address."
Needs Client Clarification,PersonMailingState,VALLADOLID,Spain,ES,,2,"State cannot be deterministically mapped for the current row. It may conflict with the country, be a city/county/country value in the state field, or require Salesforce metadata expansion. Client/source-data owner must confirm the intended address."
Needs Client Clarification,PersonMailingState,VALLE DEL CAUCA,Colombia,CO,,2,"State cannot be deterministically mapped for the current row. It may conflict with the country, be a city/county/country value in the state field, or require Salesforce metadata expansion. Client/source-data owner must confirm the intended address."
Needs Client Clarification,PersonMailingState,VAR,France,FR,,2,"State cannot be deterministically mapped for the current row. It may conflict with the country, be a city/county/country value in the state field, or require Salesforce metadata expansion. Client/source-data owner must confirm the intended address."
Needs Client Clarification,PersonMailingState,VASTRA GOTALANDS LAN,Sweden,SE,,2,"State cannot be deterministically mapped for the current row. It may conflict with the country, be a city/county/country value in the state field, or require Salesforce metadata expansion. Client/source-data owner must confirm the intended address."
Needs Client Clarification,PersonMailingState,VELLORE,India,IN,,2,"State cannot be deterministically mapped for the current row. It may conflict with the country, be a city/county/country value in the state field, or require Salesforce metadata expansion. Client/source-data owner must confirm the intended address."
Needs Client Clarification,PersonMailingState,VIZCAYA,Spain,ES,,2,"State cannot be deterministically mapped for the current row. It may conflict with the country, be a city/county/country value in the state field, or require Salesforce metadata expansion. Client/source-data owner must confirm the intended address."
Needs Client Clarification,PersonMailingState,VLAAMS BRABANT,Belgium,BE,,2,"State cannot be deterministically mapped for the current row. It may conflict with the country, be a city/county/country value in the state field, or require Salesforce metadata expansion. Client/source-data owner must confirm the intended address."
Needs Client Clarification,PersonMailingState,VLAAMS-BRABANT,Belgium,BE,,2,"State cannot be deterministically mapped for the current row. It may conflict with the country, be a city/county/country value in the state field, or require Salesforce metadata expansion. Client/source-data owner must confirm the intended address."
Needs Client Clarification,PersonMailingState,VS,Switzerland,CH,,2,"State cannot be deterministically mapped for the current row. It may conflict with the country, be a city/county/country value in the state field, or require Salesforce metadata expansion. Client/source-data owner must confirm the intended address."
Needs Client Clarification,PersonMailingState,W.P. KUALA LUMPUR,Malaysia,MY,,2,"State cannot be deterministically mapped for the current row. It may conflict with the country, be a city/county/country value in the state field, or require Salesforce metadata expansion. Client/source-data owner must confirm the intended address."
Needs Client Clarification,PersonMailingState,WA - WASHINGTON,United States,US,,2,"State cannot be deterministically mapped for the current row. It may conflict with the country, be a city/county/country value in the state field, or require Salesforce metadata expansion. Client/source-data owner must confirm the intended address."
Needs Client Clarification,PersonMailingState,WALLONIA,Belgium,BE,,2,"State cannot be deterministically mapped for the current row. It may conflict with the country, be a city/county/country value in the state field, or require Salesforce metadata expansion. Client/source-data owner must confirm the intended address."
Needs Client Clarification,PersonMailingState,WASHINGTON DC,United States,US,,2,"State cannot be deterministically mapped for the current row. It may conflict with the country, be a city/county/country value in the state field, or require Salesforce metadata expansion. Client/source-data owner must confirm the intended address."
Needs Client Clarification,PersonMailingState,Washington,India,IN,,2,"State cannot be deterministically mapped for the current row. It may conflict with the country, be a city/county/country value in the state field, or require Salesforce metadata expansion. Client/source-data owner must confirm the intended address."
Needs Client Clarification,PersonMailingState,WC,South Africa,ZA,,2,"State cannot be deterministically mapped for the current row. It may conflict with the country, be a city/county/country value in the state field, or require Salesforce metadata expansion. Client/source-data owner must confirm the intended address."
Needs Client Clarification,PersonMailingState,WEST INDIES,Trinidad and Tobago,TT,,2,"State cannot be deterministically mapped for the current row. It may conflict with the country, be a city/county/country value in the state field, or require Salesforce metadata expansion. Client/source-data owner must confirm the intended address."
Needs Client Clarification,PersonMailingState,WEST YORKSHIRE,United Kingdom,GB,,2,"State cannot be deterministically mapped for the current row. It may conflict with the country, be a city/county/country value in the state field, or require Salesforce metadata expansion. Client/source-data owner must confirm the intended address."
Needs Client Clarification,PersonMailingState,WIEN,Austria,AT,,2,"State cannot be deterministically mapped for the current row. It may conflict with the country, be a city/county/country value in the state field, or require Salesforce metadata expansion. Client/source-data owner must confirm the intended address."
Needs Client Clarification,PersonMailingState,XX,,,,2,"State cannot be deterministically mapped for the current row. It may conflict with the country, be a city/county/country value in the state field, or require Salesforce metadata expansion. Client/source-data owner must confirm the intended address."
Fixable by Code Update,PersonMailingState,四川,China,CN,,2,State is blank/NA. Script should omit/null PersonMailingStateCode instead of sending a literal placeholder.
Fixable by Code Update,PersonMailingState,江西,China,CN,,2,State is blank/NA. Script should omit/null PersonMailingStateCode instead of sending a literal placeholder.
Fixable by Code Update,PersonMailingState,湖北,China,CN,,2,State is blank/NA. Script should omit/null PersonMailingStateCode instead of sending a literal placeholder.
Fixable by Code Update,PersonMailingState,湖北省,China,CN,,2,State is blank/NA. Script should omit/null PersonMailingStateCode instead of sending a literal placeholder.
Fixable by Code Update,PersonMailingState,湖南,China,CN,,2,State is blank/NA. Script should omit/null PersonMailingStateCode instead of sending a literal placeholder.
Fixable by Code Update,PersonMailingState,重庆,China,CN,,2,State is blank/NA. Script should omit/null PersonMailingStateCode instead of sending a literal placeholder.
Fixable by Code Update,PersonMailingCountry,- PLEASE SELECT -,Russia,RU,,1,Script can normalize country value 'Russia' to PersonMailingCountryCode 'RU'.
Fixable by Code Update,PersonMailingCountry,-,"Korea, Republic Of (South)",KR,,1,"Script can normalize country value 'Korea, Republic Of (South)' to PersonMailingCountryCode 'KR'."
Fixable by Code Update,PersonMailingCountry,-,Russia,RU,,1,Script can normalize country value 'Russia' to PersonMailingCountryCode 'RU'.
Fixable by Code Update,PersonMailingCountry,?STANBUL,Turkey,TR,,1,Script can normalize country value 'Turkey' to PersonMailingCountryCode 'TR'.
Fixable by Code Update,PersonMailingCountry,.,"Korea, Republic Of (South)",KR,,1,"Script can normalize country value 'Korea, Republic Of (South)' to PersonMailingCountryCode 'KR'."
Fixable by Salesforce Config,PersonMailingCountry,0,Iran,,,1,Country/territory is not active as a country in the provided Salesforce Address.settings metadata. Salesforce admin must add/activate the country or decide an allowed replacement mapping.
Fixable by Code Update,PersonMailingCountry,0,Russia,RU,,1,Script can normalize country value 'Russia' to PersonMailingCountryCode 'RU'.
Fixable by Code Update,PersonMailingCountry,10,Viet Nam,VN,,1,Script can normalize country value 'Viet Nam' to PersonMailingCountryCode 'VN'.
Fixable by Code Update,PersonMailingCountry,42,Russia,RU,,1,Script can normalize country value 'Russia' to PersonMailingCountryCode 'RU'.
Fixable by Code Update,PersonMailingCountry,6,Viet Nam,VN,,1,Script can normalize country value 'Viet Nam' to PersonMailingCountryCode 'VN'.
Fixable by Code Update,PersonMailingCountry,830000,Viet Nam,VN,,1,Script can normalize country value 'Viet Nam' to PersonMailingCountryCode 'VN'.
Fixable by Code Update,PersonMailingCountry,ABIDJAN,Cote Divoire,CI,,1,Script can normalize country value 'Cote Divoire' to PersonMailingCountryCode 'CI'.
Needs Client Clarification,PersonMailingCountry,ADMIRALTY,Hong Kong,CN,91,1,"Client decision needed. Salesforce metadata has Hong Kong as a China subdivision (CountryCode CN, StateCode 91), not as a standalone country. Confirm whether to map to CN/91 or change Salesforce country config."
Fixable by Salesforce Config,PersonMailingCountry,AL-REMAL,Palestinian Territories,,,1,Country/territory is not active as a country in the provided Salesforce Address.settings metadata. Salesforce admin must add/activate the country or decide an allowed replacement mapping.
Fixable by Salesforce Config,PersonMailingCountry,ALEPPO,Syria,,,1,Country/territory is not active as a country in the provided Salesforce Address.settings metadata. Salesforce admin must add/activate the country or decide an allowed replacement mapping.
Fixable by Code Update,PersonMailingCountry,AN GIANG,Viet Nam,VN,,1,Script can normalize country value 'Viet Nam' to PersonMailingCountryCode 'VN'.
Fixable by Code Update,PersonMailingCountry,ARUSHA,Tanzania,TZ,,1,Script can normalize country value 'Tanzania' to PersonMailingCountryCode 'TZ'.
Fixable by Salesforce Config,PersonMailingCountry,ASH,iran,,,1,Country/territory is not active as a country in the provided Salesforce Address.settings metadata. Salesforce admin must add/activate the country or decide an allowed replacement mapping.
Needs Client Clarification,PersonMailingCountry,ASIA,Hong Kong,CN,91,1,"Client decision needed. Salesforce metadata has Hong Kong as a China subdivision (CountryCode CN, StateCode 91), not as a standalone country. Confirm whether to map to CN/91 or change Salesforce country config."
Fixable by Code Update,PersonMailingCountry,ASIA,"Korea, Republic Of (South)",KR,,1,"Script can normalize country value 'Korea, Republic Of (South)' to PersonMailingCountryCode 'KR'."
Fixable by Code Update,PersonMailingCountry,ATAKUM,Turkey,TR,,1,Script can normalize country value 'Turkey' to PersonMailingCountryCode 'TR'.
Fixable by Code Update,PersonMailingCountry,BA DINH,Viet Nam,VN,,1,Script can normalize country value 'Viet Nam' to PersonMailingCountryCode 'VN'.
Fixable by Code Update,PersonMailingCountry,BANPO DONG,"Korea, Republic Of (South)",KR,,1,"Script can normalize country value 'Korea, Republic Of (South)' to PersonMailingCountryCode 'KR'."
Fixable by Code Update,PersonMailingCountry,BASHCKORTOSTAN,Russia,RU,,1,Script can normalize country value 'Russia' to PersonMailingCountryCode 'RU'.
Fixable by Code Update,PersonMailingCountry,BD,Viet Nam,VN,,1,Script can normalize country value 'Viet Nam' to PersonMailingCountryCode 'VN'.
Fixable by Code Update,PersonMailingCountry,BEYKOZ,Turkey,TR,,1,Script can normalize country value 'Turkey' to PersonMailingCountryCode 'TR'.
Fixable by Code Update,PersonMailingCountry,BEYLIKDUZU,Turkey,TR,,1,Script can normalize country value 'Turkey' to PersonMailingCountryCode 'TR'.
Fixable by Code Update,PersonMailingCountry,BOLIVAR,Venezuela,VE,,1,Script can normalize country value 'Venezuela' to PersonMailingCountryCode 'VE'.
Fixable by Code Update,PersonMailingCountry,BUCHAREST,RO,RO,,1,Script can normalize country value 'RO' to PersonMailingCountryCode 'RO'.
Fixable by Code Update,PersonMailingCountry,BURDUR,Turkey,TR,,1,Script can normalize country value 'Turkey' to PersonMailingCountryCode 'TR'.
Fixable by Code Update,PersonMailingCountry,BURSA,Turkey,TR,,1,Script can normalize country value 'Turkey' to PersonMailingCountryCode 'TR'.
Fixable by Code Update,PersonMailingCountry,California,Estados Unidos,US,,1,Script can normalize country value 'Estados Unidos' to PersonMailingCountryCode 'US'.
Fixable by Salesforce Config,PersonMailingCountry,California,"Korea, Democratic People's Rep",,,1,Country/territory is not active as a country in the provided Salesforce Address.settings metadata. Salesforce admin must add/activate the country or decide an allowed replacement mapping.
Fixable by Code Update,PersonMailingCountry,California,Macau,MO,,1,Script can normalize country value 'Macau' to PersonMailingCountryCode 'MO'.
Fixable by Code Update,PersonMailingCountry,California,Netherland,NL,,1,Script can normalize country value 'Netherland' to PersonMailingCountryCode 'NL'.
Needs Client Clarification,PersonMailingCountry,California,North America,,,1,"Country value is not a country or contains mixed location data. Client/source-data owner must confirm the correct country and whether the value belongs in city, state, county, or another address field."
Fixable by Salesforce Config,PersonMailingCountry,California,Palestinian Territories,,,1,Country/territory is not active as a country in the provided Salesforce Address.settings metadata. Salesforce admin must add/activate the country or decide an allowed replacement mapping.
Fixable by Salesforce Config,PersonMailingCountry,California,Puerto Rico,,,1,Country/territory is not active as a country in the provided Salesforce Address.settings metadata. Salesforce admin must add/activate the country or decide an allowed replacement mapping.
Needs Client Clarification,PersonMailingCountry,California,SUA,,,1,Country value is not recognized by the current normalization rules or Salesforce metadata. Client/source-data owner must confirm the intended country.
Fixable by Salesforce Config,PersonMailingCountry,California,Syria,,,1,Country/territory is not active as a country in the provided Salesforce Address.settings metadata. Salesforce admin must add/activate the country or decide an allowed replacement mapping.
Fixable by Code Update,PersonMailingCountry,California,Tanzania,TZ,,1,Script can normalize country value 'Tanzania' to PersonMailingCountryCode 'TZ'.
Fixable by Code Update,PersonMailingCountry,California,The United States of America,US,,1,Script can normalize country value 'The United States of America' to PersonMailingCountryCode 'US'.
Fixable by Code Update,PersonMailingCountry,California,TR,TR,,1,Script can normalize country value 'TR' to PersonMailingCountryCode 'TR'.
Fixable by Code Update,PersonMailingCountry,California,U S A,US,,1,Script can normalize country value 'U S A' to PersonMailingCountryCode 'US'.
Fixable by Code Update,PersonMailingCountry,California,u.s.a,US,,1,Script can normalize country value 'u.s.a' to PersonMailingCountryCode 'US'.
Fixable by Code Update,PersonMailingCountry,California,UInited States,US,,1,Script can normalize country value 'UInited States' to PersonMailingCountryCode 'US'.
Fixable by Code Update,PersonMailingCountry,California,United State,US,,1,Script can normalize country value 'United State' to PersonMailingCountryCode 'US'.
Fixable by Code Update,PersonMailingCountry,California,United Stated,US,,1,Script can normalize country value 'United Stated' to PersonMailingCountryCode 'US'.
Fixable by Code Update,PersonMailingCountry,California,Unitesd States,US,,1,Script can normalize country value 'Unitesd States' to PersonMailingCountryCode 'US'.
Fixable by Code Update,PersonMailingCountry,California,Unitied States,US,,1,Script can normalize country value 'Unitied States' to PersonMailingCountryCode 'US'.
Fixable by Code Update,PersonMailingCountry,California,US of A,US,,1,Script can normalize country value 'US of A' to PersonMailingCountryCode 'US'.
Needs Client Clarification,PersonMailingCountry,California,USA (really? you need this?),,,1,Country value is not recognized by the current normalization rules or Salesforce metadata. Client/source-data owner must confirm the intended country.
Fixable by Code Update,PersonMailingCountry,California,USA n,US,,1,Script can normalize country value 'USA n' to PersonMailingCountryCode 'US'.
Fixable by Code Update,PersonMailingCountry,CAU GIAY,Viet Nam,VN,,1,Script can normalize country value 'Viet Nam' to PersonMailingCountryCode 'VN'.
Fixable by Code Update,PersonMailingCountry,CEKMEKOY,Turkey,TR,,1,Script can normalize country value 'Turkey' to PersonMailingCountryCode 'TR'.
Fixable by Code Update,PersonMailingCountry,CERCADO,Bolivia,BO,,1,Script can normalize country value 'Bolivia' to PersonMailingCountryCode 'BO'.
Fixable by Code Update,PersonMailingCountry,CHESHIRE,UK,GB,,1,Script can normalize country value 'UK' to PersonMailingCountryCode 'GB'.
Fixable by Code Update,PersonMailingCountry,CHOONGNAM,"Korea, South",KR,,1,"Script can normalize country value 'Korea, South' to PersonMailingCountryCode 'KR'."
Fixable by Code Update,PersonMailingCountry,CHUKOTKA AUTONOMOUS,Russia,RU,,1,Script can normalize country value 'Russia' to PersonMailingCountryCode 'RU'.
Fixable by Code Update,PersonMailingCountry,CHUNGNAM-DO,"Korea, Republic Of (South)",KR,,1,"Script can normalize country value 'Korea, Republic Of (South)' to PersonMailingCountryCode 'KR'."
Fixable by Code Update,PersonMailingCountry,CHUNGNAM,"Korea, Republic Of (South)",KR,,1,"Script can normalize country value 'Korea, Republic Of (South)' to PersonMailingCountryCode 'KR'."
Fixable by Code Update,PersonMailingCountry,CHUQUISACA,Bolivia,BO,,1,Script can normalize country value 'Bolivia' to PersonMailingCountryCode 'BO'.
Fixable by Code Update,PersonMailingCountry,CHUVASH REPUBLIC,Russia,RU,,1,Script can normalize country value 'Russia' to PersonMailingCountryCode 'RU'.
Fixable by Code Update,PersonMailingCountry,CHUVASHSKAYA RESBUBL,Russia,RU,,1,Script can normalize country value 'Russia' to PersonMailingCountryCode 'RU'.
Needs Client Clarification,PersonMailingCountry,CONGO,"Congo, Democratic Republic of",,,1,Country value is not recognized by the current normalization rules or Salesforce metadata. Client/source-data owner must confirm the intended country.
Fixable by Code Update,PersonMailingCountry,CUNDINAMARCA,Colombia | Colombia,CO,,1,Script can normalize country value 'Colombia | Colombia' to PersonMailingCountryCode 'CO'.
Fixable by Code Update,PersonMailingCountry,CZ,Czech Republic,CZ,,1,Script can normalize country value 'Czech Republic' to PersonMailingCountryCode 'CZ'.
Fixable by Code Update,PersonMailingCountry,CZECH,Czech Republic,CZ,,1,Script can normalize country value 'Czech Republic' to PersonMailingCountryCode 'CZ'.
Fixable by Code Update,PersonMailingCountry,DAEGU/GYEONGBUK,"Korea, Republic Of (South)",KR,,1,"Script can normalize country value 'Korea, Republic Of (South)' to PersonMailingCountryCode 'KR'."
Fixable by Code Update,PersonMailingCountry,DAEGU,Korea,KR,,1,Script can normalize country value 'Korea' to PersonMailingCountryCode 'KR'.
Fixable by Code Update,PersonMailingCountry,DAEJEON-SI,"Korea, Republic Of (South)",KR,,1,"Script can normalize country value 'Korea, Republic Of (South)' to PersonMailingCountryCode 'KR'."
Fixable by Code Update,PersonMailingCountry,DAEJOEN,"Korea, Republic Of (South)",KR,,1,"Script can normalize country value 'Korea, Republic Of (South)' to PersonMailingCountryCode 'KR'."
Fixable by Code Update,PersonMailingCountry,DAR-ES-SALAAM,Tanzania,TZ,,1,Script can normalize country value 'Tanzania' to PersonMailingCountryCode 'TZ'.
Needs Client Clarification,PersonMailingCountry,DF,mexico df,,,1,"Country value is not a country or contains mixed location data. Client/source-data owner must confirm the correct country and whether the value belongs in city, state, county, or another address field."
Fixable by Code Update,PersonMailingCountry,DN,Viet Nam,VN,,1,Script can normalize country value 'Viet Nam' to PersonMailingCountryCode 'VN'.
Fixable by Code Update,PersonMailingCountry,DONGJAK-GU,"Korea, Republic Of (South)",KR,,1,"Script can normalize country value 'Korea, Republic Of (South)' to PersonMailingCountryCode 'KR'."
Fixable by Salesforce Config,PersonMailingCountry,EAST AZARBAIJAN,Iran,,,1,Country/territory is not active as a country in the provided Salesforce Address.settings metadata. Salesforce admin must add/activate the country or decide an allowed replacement mapping.
Fixable by Code Update,PersonMailingCountry,ECA,Turkey,TR,,1,Script can normalize country value 'Turkey' to PersonMailingCountryCode 'TR'.
Fixable by Code Update,PersonMailingCountry,EGE,Turkey,TR,,1,Script can normalize country value 'Turkey' to PersonMailingCountryCode 'TR'.
Fixable by Code Update,PersonMailingCountry,ESKISEHIR,Turkey,TR,,1,Script can normalize country value 'Turkey' to PersonMailingCountryCode 'TR'.
Fixable by Code Update,PersonMailingCountry,ESSEX,UK,GB,,1,Script can normalize country value 'UK' to PersonMailingCountryCode 'GB'.
Fixable by Code Update,PersonMailingCountry,EUROPE,Turkey,TR,,1,Script can normalize country value 'Turkey' to PersonMailingCountryCode 'TR'.
Fixable by Salesforce Config,PersonMailingCountry,FARDIS,Iran,,,1,Country/territory is not active as a country in the provided Salesforce Address.settings metadata. Salesforce admin must add/activate the country or decide an allowed replacement mapping.
Fixable by Salesforce Config,PersonMailingCountry,FARS,Iran,,,1,Country/territory is not active as a country in the provided Salesforce Address.settings metadata. Salesforce admin must add/activate the country or decide an allowed replacement mapping.
Needs Client Clarification,PersonMailingCountry,FLORIDA,Palm Beach,,,1,"Country value is not a country or contains mixed location data. Client/source-data owner must confirm the correct country and whether the value belongs in city, state, county, or another address field."
Fixable by Code Update,PersonMailingCountry,GANGNAM,South Korea,KR,,1,Script can normalize country value 'South Korea' to PersonMailingCountryCode 'KR'.
Fixable by Code Update,PersonMailingCountry,GANGSEOGU,South Korea,KR,,1,Script can normalize country value 'South Korea' to PersonMailingCountryCode 'KR'.
Fixable by Code Update,PersonMailingCountry,GEUMJEONG GU,"Korea, Republic Of (South)",KR,,1,"Script can normalize country value 'Korea, Republic Of (South)' to PersonMailingCountryCode 'KR'."
Fixable by Code Update,PersonMailingCountry,GEYONGGIDO,"Korea, Republic Of (South)",KR,,1,"Script can normalize country value 'Korea, Republic Of (South)' to PersonMailingCountryCode 'KR'."
Fixable by Code Update,PersonMailingCountry,GIA LAI,Viet Nam,VN,,1,Script can normalize country value 'Viet Nam' to PersonMailingCountryCode 'VN'.
Fixable by Code Update,PersonMailingCountry,GO VAP,Viet Nam,VN,,1,Script can normalize country value 'Viet Nam' to PersonMailingCountryCode 'VN'.
Fixable by Code Update,PersonMailingCountry,GREATER LONDON,UK,GB,,1,Script can normalize country value 'UK' to PersonMailingCountryCode 'GB'.
Fixable by Salesforce Config,PersonMailingCountry,,Guam,,,1,Country/territory is not active as a country in the provided Salesforce Address.settings metadata. Salesforce admin must add/activate the country or decide an allowed replacement mapping.
Fixable by Salesforce Config,PersonMailingCountry,Guam,Guam,,,1,Country/territory is not active as a country in the provided Salesforce Address.settings metadata. Salesforce admin must add/activate the country or decide an allowed replacement mapping.
Fixable by Code Update,PersonMailingCountry,GWANGJU CITY,"Korea, Republic Of (South)",KR,,1,"Script can normalize country value 'Korea, Republic Of (South)' to PersonMailingCountryCode 'KR'."
Fixable by Code Update,PersonMailingCountry,GWANGJU,"Korea, Republic Of (South)",KR,,1,"Script can normalize country value 'Korea, Republic Of (South)' to PersonMailingCountryCode 'KR'."
Fixable by Code Update,PersonMailingCountry,GYEONGBUK,"Korea, South",KR,,1,"Script can normalize country value 'Korea, South' to PersonMailingCountryCode 'KR'."
Fixable by Code Update,PersonMailingCountry,GYEONGGGI-DO,"Korea, Republic Of (South)",KR,,1,"Script can normalize country value 'Korea, Republic Of (South)' to PersonMailingCountryCode 'KR'."
Fixable by Code Update,PersonMailingCountry,GYEONGGI PROVINCE,South Korea,KR,,1,Script can normalize country value 'South Korea' to PersonMailingCountryCode 'KR'.
Fixable by Code Update,PersonMailingCountry,GYEONGSANGBUKDO/POHA,"Korea, Republic Of (South)",KR,,1,"Script can normalize country value 'Korea, Republic Of (South)' to PersonMailingCountryCode 'KR'."
Fixable by Code Update,PersonMailingCountry,GYEONGSANGNAM-DO,"Korea, Republic Of (South)",KR,,1,"Script can normalize country value 'Korea, Republic Of (South)' to PersonMailingCountryCode 'KR'."
Fixable by Code Update,PersonMailingCountry,GYEONGSANGNAMDO,"Korea, Republic Of (South)",KR,,1,"Script can normalize country value 'Korea, Republic Of (South)' to PersonMailingCountryCode 'KR'."
Fixable by Code Update,PersonMailingCountry,GYEONSANGNAMDO,"Korea, Republic Of (South)",KR,,1,"Script can normalize country value 'Korea, Republic Of (South)' to PersonMailingCountryCode 'KR'."
Fixable by Code Update,PersonMailingCountry,GYUNGGI DO,"Korea, Republic Of (South)",KR,,1,"Script can normalize country value 'Korea, Republic Of (South)' to PersonMailingCountryCode 'KR'."
Fixable by Code Update,PersonMailingCountry,GYUNGGIDO,South Korea,KR,,1,Script can normalize country value 'South Korea' to PersonMailingCountryCode 'KR'.
Fixable by Code Update,PersonMailingCountry,HA GIANG,Viet Nam,VN,,1,Script can normalize country value 'Viet Nam' to PersonMailingCountryCode 'VN'.
Needs Client Clarification,PersonMailingCountry,HAIDIAN,Hong Kong,CN,91,1,"Client decision needed. Salesforce metadata has Hong Kong as a China subdivision (CountryCode CN, StateCode 91), not as a standalone country. Confirm whether to map to CN/91 or change Salesforce country config."
Fixable by Code Update,PersonMailingCountry,HAIPHONG,Viet Nam,VN,,1,Script can normalize country value 'Viet Nam' to PersonMailingCountryCode 'VN'.
Fixable by Salesforce Config,PersonMailingCountry,HAMEDAN_HAMEDAN_HAME,Iran,,,1,Country/territory is not active as a country in the provided Salesforce Address.settings metadata. Salesforce admin must add/activate the country or decide an allowed replacement mapping.
Fixable by Code Update,PersonMailingCountry,HAMPSHIRE,UK,GB,,1,Script can normalize country value 'UK' to PersonMailingCountryCode 'GB'.
Fixable by Code Update,PersonMailingCountry,HANOI CITY,Viet Nam,VN,,1,Script can normalize country value 'Viet Nam' to PersonMailingCountryCode 'VN'.
Needs Client Clarification,PersonMailingCountry,HAPPY VALLEY,Hong Kong,CN,91,1,"Client decision needed. Salesforce metadata has Hong Kong as a China subdivision (CountryCode CN, StateCode 91), not as a standalone country. Confirm whether to map to CN/91 or change Salesforce country config."
Fixable by Code Update,PersonMailingCountry,HARGHITA,Romani,RO,,1,Script can normalize country value 'Romani' to PersonMailingCountryCode 'RO'.
Needs Client Clarification,PersonMailingCountry,HKG,Hong Kong,CN,91,1,"Client decision needed. Salesforce metadata has Hong Kong as a China subdivision (CountryCode CN, StateCode 91), not as a standalone country. Confirm whether to map to CN/91 or change Salesforce country config."
Needs Client Clarification,PersonMailingCountry,HK,Hongkong,,,1,"Country value is not a country or contains mixed location data. Client/source-data owner must confirm the correct country and whether the value belongs in city, state, county, or another address field."
Needs Client Clarification,PersonMailingCountry,HKSAR,Hong Kong,CN,91,1,"Client decision needed. Salesforce metadata has Hong Kong as a China subdivision (CountryCode CN, StateCode 91), not as a standalone country. Confirm whether to map to CN/91 or change Salesforce country config."
Needs Client Clarification,PersonMailingCountry,HKSAR,Hong Kong SAR China,CN,91,1,"Client decision needed. Salesforce metadata has Hong Kong as a China subdivision (CountryCode CN, StateCode 91), not as a standalone country. Confirm whether to map to CN/91 or change Salesforce country config."
Fixable by Code Update,PersonMailingCountry,HO CHI MINH CITY/VIE,Viet Nam,VN,,1,Script can normalize country value 'Viet Nam' to PersonMailingCountryCode 'VN'.
Needs Client Clarification,PersonMailingCountry,HONG HONG,Hong Kong,CN,91,1,"Client decision needed. Salesforce metadata has Hong Kong as a China subdivision (CountryCode CN, StateCode 91), not as a standalone country. Confirm whether to map to CN/91 or change Salesforce country config."
Needs Client Clarification,PersonMailingCountry,HUNG HOM,Hong Kong,CN,91,1,"Client decision needed. Salesforce metadata has Hong Kong as a China subdivision (CountryCode CN, StateCode 91), not as a standalone country. Confirm whether to map to CN/91 or change Salesforce country config."
Fixable by Code Update,PersonMailingCountry,Illinois,Turkey,TR,,1,Script can normalize country value 'Turkey' to PersonMailingCountryCode 'TR'.
Fixable by Code Update,PersonMailingCountry,INCHEON,"Korea, Republic Of (South)",KR,,1,"Script can normalize country value 'Korea, Republic Of (South)' to PersonMailingCountryCode 'KR'."
Fixable by Salesforce Config,PersonMailingCountry,,Iran,,,1,Country/territory is not active as a country in the provided Salesforce Address.settings metadata. Salesforce admin must add/activate the country or decide an allowed replacement mapping.
Fixable by Salesforce Config,PersonMailingCountry,IR,Iran,,,1,Country/territory is not active as a country in the provided Salesforce Address.settings metadata. Salesforce admin must add/activate the country or decide an allowed replacement mapping.
Fixable by Code Update,PersonMailingCountry,ISKELE,Turkey,TR,,1,Script can normalize country value 'Turkey' to PersonMailingCountryCode 'TR'.
Needs Client Clarification,PersonMailingCountry,ISLANDS,Hong Kong,CN,91,1,"Client decision needed. Salesforce metadata has Hong Kong as a China subdivision (CountryCode CN, StateCode 91), not as a standalone country. Confirm whether to map to CN/91 or change Salesforce country config."
Fixable by Code Update,PersonMailingCountry,JEOLLABUK-DO,"Korea, Republic Of (South)",KR,,1,"Script can normalize country value 'Korea, Republic Of (South)' to PersonMailingCountryCode 'KR'."
Needs Client Clarification,PersonMailingCountry,JIANGSU,Hong Kong,CN,91,1,"Client decision needed. Salesforce metadata has Hong Kong as a China subdivision (CountryCode CN, StateCode 91), not as a standalone country. Confirm whether to map to CN/91 or change Salesforce country config."
Fixable by Code Update,PersonMailingCountry,JUNGU,"Korea, Republic Of (South)",KR,,1,"Script can normalize country value 'Korea, Republic Of (South)' to PersonMailingCountryCode 'KR'."
Fixable by Code Update,PersonMailingCountry,K.CAMLICA / USKUDAR,Turkey,TR,,1,Script can normalize country value 'Turkey' to PersonMailingCountryCode 'TR'.
Fixable by Code Update,PersonMailingCountry,KABARDINO-BALKARIA,Russia,RU,,1,Script can normalize country value 'Russia' to PersonMailingCountryCode 'RU'.
Fixable by Code Update,PersonMailingCountry,KALININGRAD REGION,Russia,RU,,1,Script can normalize country value 'Russia' to PersonMailingCountryCode 'RU'.
Fixable by Code Update,PersonMailingCountry,KALININGRAD,Russia,RU,,1,Script can normalize country value 'Russia' to PersonMailingCountryCode 'RU'.
Fixable by Code Update,PersonMailingCountry,KAOHSIUNG CITY,"Taiwan, R.O.C.",TW,,1,"Script can normalize country value 'Taiwan, R.O.C.' to PersonMailingCountryCode 'TW'."
Fixable by Code Update,PersonMailingCountry,KAZAN,Russia,RU,,1,Script can normalize country value 'Russia' to PersonMailingCountryCode 'RU'.
Fixable by Code Update,PersonMailingCountry,KECIOREN,Turkey,TR,,1,Script can normalize country value 'Turkey' to PersonMailingCountryCode 'TR'.
Fixable by Salesforce Config,PersonMailingCountry,KERMAN,iran,,,1,Country/territory is not active as a country in the provided Salesforce Address.settings metadata. Salesforce admin must add/activate the country or decide an allowed replacement mapping.
Fixable by Code Update,PersonMailingCountry,KHANH HOA,Viet Nam,VN,,1,Script can normalize country value 'Viet Nam' to PersonMailingCountryCode 'VN'.
Fixable by Salesforce Config,PersonMailingCountry,KH,IRAN,,,1,Country/territory is not active as a country in the provided Salesforce Address.settings metadata. Salesforce admin must add/activate the country or decide an allowed replacement mapping.
Fixable by Salesforce Config,PersonMailingCountry,KHOUZESTAN,Iran,,,1,Country/territory is not active as a country in the provided Salesforce Address.settings metadata. Salesforce admin must add/activate the country or decide an allowed replacement mapping.
Needs Client Clarification,PersonMailingCountry,KINSHASA,"Congo, Democratic Republic of",,,1,Country value is not recognized by the current normalization rules or Salesforce metadata. Client/source-data owner must confirm the intended country.
Fixable by Code Update,PersonMailingCountry,KIROV REGION,Russia,RU,,1,Script can normalize country value 'Russia' to PersonMailingCountryCode 'RU'.
Fixable by Code Update,PersonMailingCountry,KKTC,Turkey,TR,,1,Script can normalize country value 'Turkey' to PersonMailingCountryCode 'TR'.
Fixable by Code Update,PersonMailingCountry,KONAK,Turkey,TR,,1,Script can normalize country value 'Turkey' to PersonMailingCountryCode 'TR'.
Fixable by Code Update,PersonMailingCountry,,"Korea, Republic Of (South)",KR,,1,"Script can normalize country value 'Korea, Republic Of (South)' to PersonMailingCountryCode 'KR'."
Fixable by Code Update,PersonMailingCountry,KOREA/ CHEONGJU-SI/S,"Korea, Republic Of (South)",KR,,1,"Script can normalize country value 'Korea, Republic Of (South)' to PersonMailingCountryCode 'KR'."
Fixable by Code Update,PersonMailingCountry,KOREA/BUSAN,"Korea, Republic Of (South)",KR,,1,"Script can normalize country value 'Korea, Republic Of (South)' to PersonMailingCountryCode 'KR'."
Needs Client Clarification,PersonMailingCountry,KOWLOON CITY,Hong Kong,CN,91,1,"Client decision needed. Salesforce metadata has Hong Kong as a China subdivision (CountryCode CN, StateCode 91), not as a standalone country. Confirm whether to map to CN/91 or change Salesforce country config."
Fixable by Code Update,PersonMailingCountry,KRASNODAR,Russia,RU,,1,Script can normalize country value 'Russia' to PersonMailingCountryCode 'RU'.
Fixable by Code Update,PersonMailingCountry,KRASNODARSKIY KRAY,Russia,RU,,1,Script can normalize country value 'Russia' to PersonMailingCountryCode 'RU'.
Fixable by Code Update,PersonMailingCountry,KRASNOYARSKIY REGION,Russia,RU,,1,Script can normalize country value 'Russia' to PersonMailingCountryCode 'RU'.
Fixable by Code Update,PersonMailingCountry,KUCUKCEKMECE,Turkey,TR,,1,Script can normalize country value 'Turkey' to PersonMailingCountryCode 'TR'.
Fixable by Code Update,PersonMailingCountry,KUTAHYA,Turkey,TR,,1,Script can normalize country value 'Turkey' to PersonMailingCountryCode 'TR'.
Fixable by Code Update,PersonMailingCountry,KYEONGGI-DO,"Korea, Republic Of (South)",KR,,1,"Script can normalize country value 'Korea, Republic Of (South)' to PersonMailingCountryCode 'KR'."
Fixable by Code Update,PersonMailingCountry,KYEONGSANGNAM-DO PRO,"Korea, Republic Of (South)",KR,,1,"Script can normalize country value 'Korea, Republic Of (South)' to PersonMailingCountryCode 'KR'."
Fixable by Code Update,PersonMailingCountry,KYUNG KI DO,south korea,KR,,1,Script can normalize country value 'south korea' to PersonMailingCountryCode 'KR'.
Fixable by Code Update,PersonMailingCountry,KYUNG-KI DO,"Korea, Republic Of (South)",KR,,1,"Script can normalize country value 'Korea, Republic Of (South)' to PersonMailingCountryCode 'KR'."
Fixable by Code Update,PersonMailingCountry,KYUNGSANG NAMDO,"Korea, Republic Of (South)",KR,,1,"Script can normalize country value 'Korea, Republic Of (South)' to PersonMailingCountryCode 'KR'."
Fixable by Code Update,PersonMailingCountry,LANCASHIRE,UK,GB,,1,Script can normalize country value 'UK' to PersonMailingCountryCode 'GB'.
Needs Client Clarification,PersonMailingCountry,LANTAU ISLAND NEW TE,Hong Kong,CN,91,1,"Client decision needed. Salesforce metadata has Hong Kong as a China subdivision (CountryCode CN, StateCode 91), not as a standalone country. Confirm whether to map to CN/91 or change Salesforce country config."
Needs Client Clarification,PersonMailingCountry,LANTAU ISLAND,Hong Kong,CN,91,1,"Client decision needed. Salesforce metadata has Hong Kong as a China subdivision (CountryCode CN, StateCode 91), not as a standalone country. Confirm whether to map to CN/91 or change Salesforce country config."
Fixable by Code Update,PersonMailingCountry,LEFT BANK REGION,Russia,RU,,1,Script can normalize country value 'Russia' to PersonMailingCountryCode 'RU'.
Fixable by Code Update,PersonMailingCountry,LENINGRADSKAYA OBLAS,Russia,RU,,1,Script can normalize country value 'Russia' to PersonMailingCountryCode 'RU'.
Fixable by Code Update,PersonMailingCountry,LONDON,United Kingdon,GB,,1,Script can normalize country value 'United Kingdon' to PersonMailingCountryCode 'GB'.
Fixable by Code Update,PersonMailingCountry,MALTEPE,Turkey,TR,,1,Script can normalize country value 'Turkey' to PersonMailingCountryCode 'TR'.
Fixable by Code Update,PersonMailingCountry,MAPO-GU,"Korea, Republic Of (South)",KR,,1,"Script can normalize country value 'Korea, Republic Of (South)' to PersonMailingCountryCode 'KR'."
Fixable by Code Update,PersonMailingCountry,MAPOGU,"Korea, Republic Of (South)",KR,,1,"Script can normalize country value 'Korea, Republic Of (South)' to PersonMailingCountryCode 'KR'."
Fixable by Code Update,PersonMailingCountry,MAPO,"Korea, Republic Of (South)",KR,,1,"Script can normalize country value 'Korea, Republic Of (South)' to PersonMailingCountryCode 'KR'."
Fixable by Code Update,PersonMailingCountry,MARMARA,Turkey,TR,,1,Script can normalize country value 'Turkey' to PersonMailingCountryCode 'TR'.
Fixable by Code Update,PersonMailingCountry,Missouri,RUSSIA,RU,,1,Script can normalize country value 'RUSSIA' to PersonMailingCountryCode 'RU'.
Fixable by Code Update,PersonMailingCountry,MOC CHAU,Viet Nam,VN,,1,Script can normalize country value 'Viet Nam' to PersonMailingCountryCode 'VN'.
Fixable by Code Update,PersonMailingCountry,MOSCOE\W,Russia,RU,,1,Script can normalize country value 'Russia' to PersonMailingCountryCode 'RU'.
Fixable by Code Update,PersonMailingCountry,MOSCOW OBLAST,Russia,RU,,1,Script can normalize country value 'Russia' to PersonMailingCountryCode 'RU'.
Fixable by Code Update,PersonMailingCountry,MOSCOW/,Russia,RU,,1,Script can normalize country value 'Russia' to PersonMailingCountryCode 'RU'.
Fixable by Code Update,PersonMailingCountry,MOSKOVSKAYA OBLAST,Russia,RU,,1,Script can normalize country value 'Russia' to PersonMailingCountryCode 'RU'.
Fixable by Salesforce Config,PersonMailingCountry,MOSLEM,Iran,,,1,Country/territory is not active as a country in the provided Salesforce Address.settings metadata. Salesforce admin must add/activate the country or decide an allowed replacement mapping.
Fixable by Code Update,PersonMailingCountry,MOS,Russia,RU,,1,Script can normalize country value 'Russia' to PersonMailingCountryCode 'RU'.
Fixable by Code Update,PersonMailingCountry,MUGLA,Turkey,TR,,1,Script can normalize country value 'Turkey' to PersonMailingCountryCode 'TR'.
Fixable by Code Update,PersonMailingCountry,MURILLO,Bolivia,BO,,1,Script can normalize country value 'Bolivia' to PersonMailingCountryCode 'BO'.
Fixable by Code Update,PersonMailingCountry,MUSCAT,Sultanate of Oman,OM,,1,Script can normalize country value 'Sultanate of Oman' to PersonMailingCountryCode 'OM'.
Fixable by Code Update,PersonMailingCountry,MWANZA,Tanzania,TZ,,1,Script can normalize country value 'Tanzania' to PersonMailingCountryCode 'TZ'.
Fixable by Code Update,PersonMailingCountry,MYDUC,Viet Nam,VN,,1,Script can normalize country value 'Viet Nam' to PersonMailingCountryCode 'VN'.
Fixable by Code Update,PersonMailingCountry,N/A,"England, UK",GB,,1,"Script can normalize country value 'England, UK' to PersonMailingCountryCode 'GB'."
Needs Client Clarification,PersonMailingCountry,N/A,Hong Kong,CN,91,1,"Client decision needed. Salesforce metadata has Hong Kong as a China subdivision (CountryCode CN, StateCode 91), not as a standalone country. Confirm whether to map to CN/91 or change Salesforce country config."
Fixable by Code Update,PersonMailingCountry,N/A,South Korea,KR,,1,Script can normalize country value 'South Korea' to PersonMailingCountryCode 'KR'.
Fixable by Code Update,PersonMailingCountry,N/A,Viet Nam,VN,,1,Script can normalize country value 'Viet Nam' to PersonMailingCountryCode 'VN'.
Fixable by Code Update,PersonMailingCountry,NA,Czech Republic,CZ,,1,Script can normalize country value 'Czech Republic' to PersonMailingCountryCode 'CZ'.
Needs Client Clarification,PersonMailingCountry,NA,Hong Kong SAR,CN,91,1,"Client decision needed. Salesforce metadata has Hong Kong as a China subdivision (CountryCode CN, StateCode 91), not as a standalone country. Confirm whether to map to CN/91 or change Salesforce country config."
Fixable by Code Update,PersonMailingCountry,NAM TU LIEM,Viet Nam,VN,,1,Script can normalize country value 'Viet Nam' to PersonMailingCountryCode 'VN'.
Fixable by Code Update,PersonMailingCountry,NA,South Korea,KR,,1,Script can normalize country value 'South Korea' to PersonMailingCountryCode 'KR'.
Fixable by Code Update,PersonMailingCountry,NETHERLANDS ANTILLES,Curacao,CW,,1,Script can normalize country value 'Curacao' to PersonMailingCountryCode 'CW'.
Fixable by Code Update,PersonMailingCountry,NEUNGDONG-RO,"Korea, Republic Of (South)",KR,,1,"Script can normalize country value 'Korea, Republic Of (South)' to PersonMailingCountryCode 'KR'."
Fixable by Code Update,PersonMailingCountry,NGHE AN,Viet Nam,VN,,1,Script can normalize country value 'Viet Nam' to PersonMailingCountryCode 'VN'.
Needs Client Clarification,PersonMailingCountry,NO REGION,Hong Kong,CN,91,1,"Client decision needed. Salesforce metadata has Hong Kong as a China subdivision (CountryCode CN, StateCode 91), not as a standalone country. Confirm whether to map to CN/91 or change Salesforce country config."
Needs Client Clarification,PersonMailingCountry,NO STATE,Hong Kong,CN,91,1,"Client decision needed. Salesforce metadata has Hong Kong as a China subdivision (CountryCode CN, StateCode 91), not as a standalone country. Confirm whether to map to CN/91 or change Salesforce country config."
Fixable by Code Update,PersonMailingCountry,NONE,People's Republic of China,CN,,1,Script can normalize country value 'People's Republic of China' to PersonMailingCountryCode 'CN'.
Fixable by Code Update,PersonMailingCountry,NOORD HOLLAND,The Netherlands,NL,,1,Script can normalize country value 'The Netherlands' to PersonMailingCountryCode 'NL'.
Needs Client Clarification,PersonMailingCountry,NORTH POINT,Hong Kong,CN,91,1,"Client decision needed. Salesforce metadata has Hong Kong as a China subdivision (CountryCode CN, StateCode 91), not as a standalone country. Confirm whether to map to CN/91 or change Salesforce country config."
Fixable by Code Update,PersonMailingCountry,NORTH,Viet Nam,VN,,1,Script can normalize country value 'Viet Nam' to PersonMailingCountryCode 'VN'.
Needs Client Clarification,PersonMailingCountry,NOT APPLICABLE,Hong Kong,CN,91,1,"Client decision needed. Salesforce metadata has Hong Kong as a China subdivision (CountryCode CN, StateCode 91), not as a standalone country. Confirm whether to map to CN/91 or change Salesforce country config."
Fixable by Code Update,PersonMailingCountry,NOT APPLICABLE,Russia,RU,,1,Script can normalize country value 'Russia' to PersonMailingCountryCode 'RU'.
Fixable by Code Update,PersonMailingCountry,NOT SPECIFIED,Turkey,TR,,1,Script can normalize country value 'Turkey' to PersonMailingCountryCode 'TR'.
Fixable by Code Update,PersonMailingCountry,NOTTINGHAMSHIRE,UK,GB,,1,Script can normalize country value 'UK' to PersonMailingCountryCode 'GB'.
Fixable by Code Update,PersonMailingCountry,NO,UK,GB,,1,Script can normalize country value 'UK' to PersonMailingCountryCode 'GB'.
Fixable by Code Update,PersonMailingCountry,NOVOSIBIRSKAYA OBLAS,Russia,RU,,1,Script can normalize country value 'Russia' to PersonMailingCountryCode 'RU'.
Fixable by Code Update,PersonMailingCountry,NOVOSIBRSKAYA OBLAST,Russia,RU,,1,Script can normalize country value 'Russia' to PersonMailingCountryCode 'RU'.
Fixable by Code Update,PersonMailingCountry,NSW,Astralia,AU,,1,Script can normalize country value 'Astralia' to PersonMailingCountryCode 'AU'.
Needs Client Clarification,PersonMailingCountry,NT,Hong Kong,CN,91,1,"Client decision needed. Salesforce metadata has Hong Kong as a China subdivision (CountryCode CN, StateCode 91), not as a standalone country. Confirm whether to map to CN/91 or change Salesforce country config."
Fixable by Code Update,PersonMailingCountry,ONTARIO,Cananda,CA,,1,Script can normalize country value 'Cananda' to PersonMailingCountryCode 'CA'.
Fixable by Salesforce Config,PersonMailingCountry,OTHER,Iran,,,1,Country/territory is not active as a country in the provided Salesforce Address.settings metadata. Salesforce admin must add/activate the country or decide an allowed replacement mapping.
Needs Client Clarification,PersonMailingCountry,OUT OF US,Macedonia,,,1,Country value is not recognized by the current normalization rules or Salesforce metadata. Client/source-data owner must confirm the intended country.
Fixable by Code Update,PersonMailingCountry,PARDUBICKY KRAJ,Czech Republic,CZ,,1,Script can normalize country value 'Czech Republic' to PersonMailingCountryCode 'CZ'.
Fixable by Code Update,PersonMailingCountry,PENDIK,Turkey,TR,,1,Script can normalize country value 'Turkey' to PersonMailingCountryCode 'TR'.
Fixable by Code Update,PersonMailingCountry,PERM KRAI,Russia,RU,,1,Script can normalize country value 'Russia' to PersonMailingCountryCode 'RU'.
Fixable by Code Update,PersonMailingCountry,PERM REGION,Russia,RU,,1,Script can normalize country value 'Russia' to PersonMailingCountryCode 'RU'.
Fixable by Code Update,PersonMailingCountry,POHANG,"Korea, Republic Of (South)",KR,,1,"Script can normalize country value 'Korea, Republic Of (South)' to PersonMailingCountryCode 'KR'."
Fixable by Code Update,PersonMailingCountry,PRG,Czech Republic,CZ,,1,Script can normalize country value 'Czech Republic' to PersonMailingCountryCode 'CZ'.
Fixable by Code Update,PersonMailingCountry,PRIMORSKI KRAI,Russia,RU,,1,Script can normalize country value 'Russia' to PersonMailingCountryCode 'RU'.
Fixable by Code Update,PersonMailingCountry,PSKOV,Russia,RU,,1,Script can normalize country value 'Russia' to PersonMailingCountryCode 'RU'.
Fixable by Salesforce Config,PersonMailingCountry,Puerto Rico,Puerto Rico,,,1,Country/territory is not active as a country in the provided Salesforce Address.settings metadata. Salesforce admin must add/activate the country or decide an allowed replacement mapping.
Fixable by Salesforce Config,PersonMailingCountry,PUERTO RICO,Puerto Rico,,,1,Country/territory is not active as a country in the provided Salesforce Address.settings metadata. Salesforce admin must add/activate the country or decide an allowed replacement mapping.
Fixable by Code Update,PersonMailingCountry,REGION,Viet Nam,VN,,1,Script can normalize country value 'Viet Nam' to PersonMailingCountryCode 'VN'.
Fixable by Code Update,PersonMailingCountry,REPUBLIC OF KOREA,"Korea, Republic Of (South)",KR,,1,"Script can normalize country value 'Korea, Republic Of (South)' to PersonMailingCountryCode 'KR'."
Fixable by Code Update,PersonMailingCountry,REPUBLIC OF MOLDOVA,Republic of Moldova,MD,,1,Script can normalize country value 'Republic of Moldova' to PersonMailingCountryCode 'MD'.
Fixable by Code Update,PersonMailingCountry,REPUBLIC OF TATARSTA,Russia,RU,,1,Script can normalize country value 'Russia' to PersonMailingCountryCode 'RU'.
Fixable by Code Update,PersonMailingCountry,RJ,Brasil,BR,,1,Script can normalize country value 'Brasil' to PersonMailingCountryCode 'BR'.
Fixable by Code Update,PersonMailingCountry,RUS,Russia,RU,,1,Script can normalize country value 'Russia' to PersonMailingCountryCode 'RU'.
Fixable by Code Update,PersonMailingCountry,RUSSIAN FEDERATION,Russia,RU,,1,Script can normalize country value 'Russia' to PersonMailingCountryCode 'RU'.
Fixable by Code Update,PersonMailingCountry,RYAZAN,Russia,RU,,1,Script can normalize country value 'Russia' to PersonMailingCountryCode 'RU'.
Fixable by Code Update,PersonMailingCountry,S KOREA,South Korea,KR,,1,Script can normalize country value 'South Korea' to PersonMailingCountryCode 'KR'.
Needs Client Clarification,PersonMailingCountry,SAI WAN,Hong Kong,CN,91,1,"Client decision needed. Salesforce metadata has Hong Kong as a China subdivision (CountryCode CN, StateCode 91), not as a standalone country. Confirm whether to map to CN/91 or change Salesforce country config."
Fixable by Code Update,PersonMailingCountry,SAINT PETERBURG,Russia,RU,,1,Script can normalize country value 'Russia' to PersonMailingCountryCode 'RU'.
Fixable by Code Update,PersonMailingCountry,SAKHA REPUBLIC,Russia,RU,,1,Script can normalize country value 'Russia' to PersonMailingCountryCode 'RU'.
Fixable by Code Update,PersonMailingCountry,SALISBURY,Russia,RU,,1,Script can normalize country value 'Russia' to PersonMailingCountryCode 'RU'.
Fixable by Code Update,PersonMailingCountry,SAMARA REGION,Russia,RU,,1,Script can normalize country value 'Russia' to PersonMailingCountryCode 'RU'.
Fixable by Code Update,PersonMailingCountry,SANTA CRUZ,Bolivia,BO,,1,Script can normalize country value 'Bolivia' to PersonMailingCountryCode 'BO'.
Fixable by Code Update,PersonMailingCountry,SARATOV REGION,Russia,RU,,1,Script can normalize country value 'Russia' to PersonMailingCountryCode 'RU'.
Fixable by Code Update,PersonMailingCountry,SARIYER/ZEKERIYAKOY,Turkey,TR,,1,Script can normalize country value 'Turkey' to PersonMailingCountryCode 'TR'.
Fixable by Code Update,PersonMailingCountry,SELCUKLU,Turkey,TR,,1,Script can normalize country value 'Turkey' to PersonMailingCountryCode 'TR'.
Fixable by Code Update,PersonMailingCountry,SELECT STATE,Viet Nam,VN,,1,Script can normalize country value 'Viet Nam' to PersonMailingCountryCode 'VN'.
Fixable by Salesforce Config,PersonMailingCountry,"SEMNAN,IRAN",Iran,,,1,Country/territory is not active as a country in the provided Salesforce Address.settings metadata. Salesforce admin must add/activate the country or decide an allowed replacement mapping.
Fixable by Code Update,PersonMailingCountry,SEOCHO-GU,"Korea, Republic Of (South)",KR,,1,"Script can normalize country value 'Korea, Republic Of (South)' to PersonMailingCountryCode 'KR'."
Fixable by Code Update,PersonMailingCountry,SEODAEMUN-GU,"Korea, Republic Of (South)",KR,,1,"Script can normalize country value 'Korea, Republic Of (South)' to PersonMailingCountryCode 'KR'."
Fixable by Code Update,PersonMailingCountry,"SEONGNAM SI,GYEONGGI","Korea, Republic Of (South)",KR,,1,"Script can normalize country value 'Korea, Republic Of (South)' to PersonMailingCountryCode 'KR'."
Fixable by Code Update,PersonMailingCountry,SEOUL KOREA,"Korea, Republic Of (South)",KR,,1,"Script can normalize country value 'Korea, Republic Of (South)' to PersonMailingCountryCode 'KR'."
Fixable by Code Update,PersonMailingCountry,SEOUL,Korea,KR,,1,Script can normalize country value 'Korea' to PersonMailingCountryCode 'KR'.
Fixable by Code Update,PersonMailingCountry,SERDIVAN,Turkey,TR,,1,Script can normalize country value 'Turkey' to PersonMailingCountryCode 'TR'.
Needs Client Clarification,PersonMailingCountry,SHAM SHUI PO,Hong Kong,CN,91,1,"Client decision needed. Salesforce metadata has Hong Kong as a China subdivision (CountryCode CN, StateCode 91), not as a standalone country. Confirm whether to map to CN/91 or change Salesforce country config."
Needs Client Clarification,PersonMailingCountry,SHEI KEI MEI,Hong Kong,CN,91,1,"Client decision needed. Salesforce metadata has Hong Kong as a China subdivision (CountryCode CN, StateCode 91), not as a standalone country. Confirm whether to map to CN/91 or change Salesforce country config."
Fixable by Code Update,PersonMailingCountry,SISLI,Turkey,TR,,1,Script can normalize country value 'Turkey' to PersonMailingCountryCode 'TR'.
Fixable by Salesforce Config,PersonMailingCountry,South Dakota,Sudan,,,1,Country/territory is not active as a country in the provided Salesforce Address.settings metadata. Salesforce admin must add/activate the country or decide an allowed replacement mapping.
Needs Client Clarification,PersonMailingCountry,SOUTH ISLAND,Hong Kong,CN,91,1,"Client decision needed. Salesforce metadata has Hong Kong as a China subdivision (CountryCode CN, StateCode 91), not as a standalone country. Confirm whether to map to CN/91 or change Salesforce country config."
Fixable by Code Update,PersonMailingCountry,SOUTHEAST ASIA,Viet Nam,VN,,1,Script can normalize country value 'Viet Nam' to PersonMailingCountryCode 'VN'.
Needs Client Clarification,PersonMailingCountry,SOUTHSIDE,Hong Kong,CN,91,1,"Client decision needed. Salesforce metadata has Hong Kong as a China subdivision (CountryCode CN, StateCode 91), not as a standalone country. Confirm whether to map to CN/91 or change Salesforce country config."
Fixable by Code Update,PersonMailingCountry,SPB,Russia,RU,,1,Script can normalize country value 'Russia' to PersonMailingCountryCode 'RU'.
Fixable by Code Update,PersonMailingCountry,STAVROPOLSKY,Russia,RU,,1,Script can normalize country value 'Russia' to PersonMailingCountryCode 'RU'.
Fixable by Code Update,PersonMailingCountry,STREDOCESKY KRAJ,Czech Republic,CZ,,1,Script can normalize country value 'Czech Republic' to PersonMailingCountryCode 'CZ'.
Fixable by Code Update,PersonMailingCountry,STREDOCESKY,Czech Republic,CZ,,1,Script can normalize country value 'Czech Republic' to PersonMailingCountryCode 'CZ'.
Fixable by Code Update,PersonMailingCountry,SULTANBEYLI,Turkey,TR,,1,Script can normalize country value 'Turkey' to PersonMailingCountryCode 'TR'.
Fixable by Code Update,PersonMailingCountry,SYDKOREA,"Korea, Republic Of (South)",KR,,1,"Script can normalize country value 'Korea, Republic Of (South)' to PersonMailingCountryCode 'KR'."
Fixable by Salesforce Config,PersonMailingCountry,SYRIA,Syria,,,1,Country/territory is not active as a country in the provided Salesforce Address.settings metadata. Salesforce admin must add/activate the country or decide an allowed replacement mapping.
Fixable by Code Update,PersonMailingCountry,TAN BINH,Viet Nam,VN,,1,Script can normalize country value 'Viet Nam' to PersonMailingCountryCode 'VN'.
Fixable by Code Update,PersonMailingCountry,,Tanzania,TZ,,1,Script can normalize country value 'Tanzania' to PersonMailingCountryCode 'TZ'.
Fixable by Code Update,PersonMailingCountry,TATARSTAN,Russia,RU,,1,Script can normalize country value 'Russia' to PersonMailingCountryCode 'RU'.
Fixable by Code Update,PersonMailingCountry,THAI NGUYEN,Viet Nam,VN,,1,Script can normalize country value 'Viet Nam' to PersonMailingCountryCode 'VN'.
Fixable by Code Update,PersonMailingCountry,THANH HOA,Viet Nam,VN,,1,Script can normalize country value 'Viet Nam' to PersonMailingCountryCode 'VN'.
Fixable by Code Update,PersonMailingCountry,THANH XUAN - HA NOI,Viet Nam,VN,,1,Script can normalize country value 'Viet Nam' to PersonMailingCountryCode 'VN'.
Fixable by Code Update,PersonMailingCountry,THANH XUAN,Viet Nam,VN,,1,Script can normalize country value 'Viet Nam' to PersonMailingCountryCode 'VN'.
Fixable by Salesforce Config,PersonMailingCountry,THE,Iran,,,1,Country/territory is not active as a country in the provided Salesforce Address.settings metadata. Salesforce admin must add/activate the country or decide an allowed replacement mapping.
Fixable by Code Update,PersonMailingCountry,TPHCM,Viet Nam,VN,,1,Script can normalize country value 'Viet Nam' to PersonMailingCountryCode 'VN'.
Fixable by Code Update,PersonMailingCountry,"TR,",Turkey,TR,,1,Script can normalize country value 'Turkey' to PersonMailingCountryCode 'TR'.
Fixable by Code Update,PersonMailingCountry,TRA VINH,Viet Nam,VN,,1,Script can normalize country value 'Viet Nam' to PersonMailingCountryCode 'VN'.
Fixable by Code Update,PersonMailingCountry,TURKEY/ATASEHIR/ISTA,Turkey,TR,,1,Script can normalize country value 'Turkey' to PersonMailingCountryCode 'TR'.
Fixable by Code Update,PersonMailingCountry,TURKIYE,Turkey,TR,,1,Script can normalize country value 'Turkey' to PersonMailingCountryCode 'TR'.
Fixable by Code Update,PersonMailingCountry,TVER OBALST,Russia,RU,,1,Script can normalize country value 'Russia' to PersonMailingCountryCode 'RU'.
Fixable by Code Update,PersonMailingCountry,TVER,Russia,RU,,1,Script can normalize country value 'Russia' to PersonMailingCountryCode 'RU'.
Fixable by Code Update,PersonMailingCountry,TYRE,libanon,LB,,1,Script can normalize country value 'libanon' to PersonMailingCountryCode 'LB'.
Fixable by Code Update,PersonMailingCountry,TZ,Tanzania,TZ,,1,Script can normalize country value 'Tanzania' to PersonMailingCountryCode 'TZ'.
Fixable by Code Update,PersonMailingCountry,UAE,UAE,AE,,1,Script can normalize country value 'UAE' to PersonMailingCountryCode 'AE'.
Fixable by Code Update,PersonMailingCountry,ULUS,Turkey,TR,,1,Script can normalize country value 'Turkey' to PersonMailingCountryCode 'TR'.
Fixable by Code Update,PersonMailingCountry,ULYANOVSK OBLAST,Russia,RU,,1,Script can normalize country value 'Russia' to PersonMailingCountryCode 'RU'.
Fixable by Code Update,PersonMailingCountry,USKUDAR,Turkey,TR,,1,Script can normalize country value 'Turkey' to PersonMailingCountryCode 'TR'.
Fixable by Code Update,PersonMailingCountry,VIENTIANE,Laos,LA,,1,Script can normalize country value 'Laos' to PersonMailingCountryCode 'LA'.
Fixable by Code Update,PersonMailingCountry,VINH LOC,Viet Nam,VN,,1,Script can normalize country value 'Viet Nam' to PersonMailingCountryCode 'VN'.
Fixable by Code Update,PersonMailingCountry,VINH LONG,Viet Nam,VN,,1,Script can normalize country value 'Viet Nam' to PersonMailingCountryCode 'VN'.
Fixable by Code Update,PersonMailingCountry,VINOHRADY,Czech Republic,CZ,,1,Script can normalize country value 'Czech Republic' to PersonMailingCountryCode 'CZ'.
Fixable by Code Update,PersonMailingCountry,VN,Viet Nam,VN,,1,Script can normalize country value 'Viet Nam' to PersonMailingCountryCode 'VN'.
Fixable by Code Update,PersonMailingCountry,VOLGOGRAD REGION,Russia,RU,,1,Script can normalize country value 'Russia' to PersonMailingCountryCode 'RU'.
Fixable by Code Update,PersonMailingCountry,VORONEZHSKAYA OBLAST,Russia,RU,,1,Script can normalize country value 'Russia' to PersonMailingCountryCode 'RU'.
Needs Client Clarification,PersonMailingCountry,WAN CHAI,Hong Kong,CN,91,1,"Client decision needed. Salesforce metadata has Hong Kong as a China subdivision (CountryCode CN, StateCode 91), not as a standalone country. Confirm whether to map to CN/91 or change Salesforce country config."
Needs Client Clarification,PersonMailingCountry,WANCHAI,Hong Kong,CN,91,1,"Client decision needed. Salesforce metadata has Hong Kong as a China subdivision (CountryCode CN, StateCode 91), not as a standalone country. Confirm whether to map to CN/91 or change Salesforce country config."
Fixable by Code Update,PersonMailingCountry,WEKERIYAKOY,Turkey,TR,,1,Script can normalize country value 'Turkey' to PersonMailingCountryCode 'TR'.
Needs Client Clarification,PersonMailingCountry,WESTERN DISTRICT,Hong Kong,CN,91,1,"Client decision needed. Salesforce metadata has Hong Kong as a China subdivision (CountryCode CN, StateCode 91), not as a standalone country. Confirm whether to map to CN/91 or change Salesforce country config."
Fixable by Salesforce Config,PersonMailingCountry,Wisconsin,Cuba,,,1,Country/territory is not active as a country in the provided Salesforce Address.settings metadata. Salesforce admin must add/activate the country or decide an allowed replacement mapping.
Fixable by Code Update,PersonMailingCountry,XX,Czech Republic,CZ,,1,Script can normalize country value 'Czech Republic' to PersonMailingCountryCode 'CZ'.
Needs Client Clarification,PersonMailingCountry,YAU TONG,Hong Kong,CN,91,1,"Client decision needed. Salesforce metadata has Hong Kong as a China subdivision (CountryCode CN, StateCode 91), not as a standalone country. Confirm whether to map to CN/91 or change Salesforce country config."
Fixable by Salesforce Config,PersonMailingCountry,YAZD,Iran,,,1,Country/territory is not active as a country in the provided Salesforce Address.settings metadata. Salesforce admin must add/activate the country or decide an allowed replacement mapping.
Fixable by Code Update,PersonMailingCountry,YONGIN,"Korea, Republic Of (South)",KR,,1,"Script can normalize country value 'Korea, Republic Of (South)' to PersonMailingCountryCode 'KR'."
Fixable by Code Update,PersonMailingCountry,YONGSAN-GU,"Korea, Republic Of (South)",KR,,1,"Script can normalize country value 'Korea, Republic Of (South)' to PersonMailingCountryCode 'KR'."
Fixable by Code Update,PersonMailingCountry,YUSEONG-GU,"Korea, Republic Of (South)",KR,,1,"Script can normalize country value 'Korea, Republic Of (South)' to PersonMailingCountryCode 'KR'."
Fixable by Code Update,PersonMailingCountry,ZONGULDAK,Turkey,TR,,1,Script can normalize country value 'Turkey' to PersonMailingCountryCode 'TR'.
Fixable by Code Update,PersonMailingCountry,ВОЛГОГРАДСКАЯ ОБЛАСТ,Russia,RU,,1,Script can normalize country value 'Russia' to PersonMailingCountryCode 'RU'.
Fixable by Code Update,PersonMailingCountry,МОСКВА Г,Russia,RU,,1,Script can normalize country value 'Russia' to PersonMailingCountryCode 'RU'.
Fixable by Code Update,PersonMailingCountry,МОСКОВСКАЯ ОБЛАСТЬ,Russia,RU,,1,Script can normalize country value 'Russia' to PersonMailingCountryCode 'RU'.
Fixable by Code Update,PersonMailingCountry,РОСТОВСКАЯ ОБЛАСТЬ,Russia,RU,,1,Script can normalize country value 'Russia' to PersonMailingCountryCode 'RU'.
Fixable by Code Update,PersonMailingCountry,ТОМСК ОБЛАСТЬ РОССИИ,Russia,RU,,1,Script can normalize country value 'Russia' to PersonMailingCountryCode 'RU'.
Fixable by Code Update,PersonMailingCountry,강서구,"Korea, Republic Of (South)",KR,,1,"Script can normalize country value 'Korea, Republic Of (South)' to PersonMailingCountryCode 'KR'."
Fixable by Code Update,PersonMailingCountry,충청남도,"Korea, Republic Of (South)",KR,,1,"Script can normalize country value 'Korea, Republic Of (South)' to PersonMailingCountryCode 'KR'."
Needs Client Clarification,PersonMailingCountry,省/市,Hong Kong,CN,91,1,"Client decision needed. Salesforce metadata has Hong Kong as a China subdivision (CountryCode CN, StateCode 91), not as a standalone country. Confirm whether to map to CN/91 or change Salesforce country config."
Needs Client Clarification,PersonMailingState,- ABROAD,Greece,GR,,1,"State cannot be deterministically mapped for the current row. It may conflict with the country, be a city/county/country value in the state field, or require Salesforce metadata expansion. Client/source-data owner must confirm the intended address."
Needs Client Clarification,PersonMailingState,-- SELECT --,United Arab Emirates,AE,,1,"State cannot be deterministically mapped for the current row. It may conflict with the country, be a city/county/country value in the state field, or require Salesforce metadata expansion. Client/source-data owner must confirm the intended address."
Needs Client Clarification,PersonMailingState,-- SELECT A STATE --,Cyprus,CY,,1,"State cannot be deterministically mapped for the current row. It may conflict with the country, be a city/county/country value in the state field, or require Salesforce metadata expansion. Client/source-data owner must confirm the intended address."
Needs Client Clarification,PersonMailingState,-- SELECT ONE --,Thailand,TH,,1,"State cannot be deterministically mapped for the current row. It may conflict with the country, be a city/county/country value in the state field, or require Salesforce metadata expansion. Client/source-data owner must confirm the intended address."
Fixable by Code Update,PersonMailingState,--,NIGERIA,NG,,1,State is blank/NA. Script should omit/null PersonMailingStateCode instead of sending a literal placeholder.
Fixable by Code Update,PersonMailingState,--,Taiwan,TW,,1,State is blank/NA. Script should omit/null PersonMailingStateCode instead of sending a literal placeholder.
Fixable by Code Update,PersonMailingState,--,Ukraine,UA,,1,State is blank/NA. Script should omit/null PersonMailingStateCode instead of sending a literal placeholder.
Fixable by Code Update,PersonMailingState,-,Austria,AT,,1,State is blank/NA. Script should omit/null PersonMailingStateCode instead of sending a literal placeholder.
Fixable by Code Update,PersonMailingState,-,Denmark,DK,,1,State is blank/NA. Script should omit/null PersonMailingStateCode instead of sending a literal placeholder.
Fixable by Code Update,PersonMailingState,-,France,FR,,1,State is blank/NA. Script should omit/null PersonMailingStateCode instead of sending a literal placeholder.
Fixable by Code Update,PersonMailingState,-,Iceland,IS,,1,State is blank/NA. Script should omit/null PersonMailingStateCode instead of sending a literal placeholder.
Fixable by Code Update,PersonMailingState,-,Portugal,PT,,1,State is blank/NA. Script should omit/null PersonMailingStateCode instead of sending a literal placeholder.
Needs Client Clarification,PersonMailingState,-SELECT STATE-,Pakistan,PK,,1,"State cannot be deterministically mapped for the current row. It may conflict with the country, be a city/county/country value in the state field, or require Salesforce metadata expansion. Client/source-data owner must confirm the intended address."
Fixable by Code Update,PersonMailingState,-,Spain,ES,,1,State is blank/NA. Script should omit/null PersonMailingStateCode instead of sending a literal placeholder.
Fixable by Code Update,PersonMailingState,-,Switzerland,CH,,1,State is blank/NA. Script should omit/null PersonMailingStateCode instead of sending a literal placeholder.
Fixable by Code Update,PersonMailingState,-,United States,US,,1,State is blank/NA. Script should omit/null PersonMailingStateCode instead of sending a literal placeholder.
Needs Client Clarification,PersonMailingState,", DA’AN DISTRICT",Taiwan,TW,,1,"State cannot be deterministically mapped for the current row. It may conflict with the country, be a city/county/country value in the state field, or require Salesforce metadata expansion. Client/source-data owner must confirm the intended address."
Fixable by Code Update,PersonMailingState,°°,,,,1,State is blank/NA. Script should omit/null PersonMailingStateCode instead of sending a literal placeholder.
Needs Client Clarification,PersonMailingState,000,United Arab Emirates,AE,,1,"State cannot be deterministically mapped for the current row. It may conflict with the country, be a city/county/country value in the state field, or require Salesforce metadata expansion. Client/source-data owner must confirm the intended address."
Needs Client Clarification,PersonMailingState,01,,,,1,"State cannot be deterministically mapped for the current row. It may conflict with the country, be a city/county/country value in the state field, or require Salesforce metadata expansion. Client/source-data owner must confirm the intended address."
Needs Client Clarification,PersonMailingState,02,Nepal,NP,,1,"State cannot be deterministically mapped for the current row. It may conflict with the country, be a city/county/country value in the state field, or require Salesforce metadata expansion. Client/source-data owner must confirm the intended address."
Needs Client Clarification,PersonMailingState,06,France,FR,,1,"State cannot be deterministically mapped for the current row. It may conflict with the country, be a city/county/country value in the state field, or require Salesforce metadata expansion. Client/source-data owner must confirm the intended address."
Needs Client Clarification,PersonMailingState,1 / CAIRO / EGYPT,Egypt,EG,,1,"State cannot be deterministically mapped for the current row. It may conflict with the country, be a city/county/country value in the state field, or require Salesforce metadata expansion. Client/source-data owner must confirm the intended address."
Needs Client Clarification,PersonMailingState,"103, TAIWAN (R.O.C.)",Taiwan,TW,,1,"State cannot be deterministically mapped for the current row. It may conflict with the country, be a city/county/country value in the state field, or require Salesforce metadata expansion. Client/source-data owner must confirm the intended address."
Needs Client Clarification,PersonMailingState,110,China,CN,,1,"State cannot be deterministically mapped for the current row. It may conflict with the country, be a city/county/country value in the state field, or require Salesforce metadata expansion. Client/source-data owner must confirm the intended address."
Needs Client Clarification,PersonMailingState,111,United Kingdom,GB,,1,"State cannot be deterministically mapped for the current row. It may conflict with the country, be a city/county/country value in the state field, or require Salesforce metadata expansion. Client/source-data owner must confirm the intended address."
Needs Client Clarification,PersonMailingState,12,United States,US,,1,"State cannot be deterministically mapped for the current row. It may conflict with the country, be a city/county/country value in the state field, or require Salesforce metadata expansion. Client/source-data owner must confirm the intended address."
Needs Client Clarification,PersonMailingState,13 REGION METROPOLIT,Chile,CL,,1,"State cannot be deterministically mapped for the current row. It may conflict with the country, be a city/county/country value in the state field, or require Salesforce metadata expansion. Client/source-data owner must confirm the intended address."
Needs Client Clarification,PersonMailingState,3 MILES,Malawi,MW,,1,"State cannot be deterministically mapped for the current row. It may conflict with the country, be a city/county/country value in the state field, or require Salesforce metadata expansion. Client/source-data owner must confirm the intended address."
Needs Client Clarification,PersonMailingState,3079,United States,US,,1,"State cannot be deterministically mapped for the current row. It may conflict with the country, be a city/county/country value in the state field, or require Salesforce metadata expansion. Client/source-data owner must confirm the intended address."
Needs Client Clarification,PersonMailingState,3,Nepal,NP,,1,"State cannot be deterministically mapped for the current row. It may conflict with the country, be a city/county/country value in the state field, or require Salesforce metadata expansion. Client/source-data owner must confirm the intended address."
Needs Client Clarification,PersonMailingState,42,Algeria,DZ,,1,"State cannot be deterministically mapped for the current row. It may conflict with the country, be a city/county/country value in the state field, or require Salesforce metadata expansion. Client/source-data owner must confirm the intended address."
Needs Client Clarification,PersonMailingState,4383,United States,US,,1,"State cannot be deterministically mapped for the current row. It may conflict with the country, be a city/county/country value in the state field, or require Salesforce metadata expansion. Client/source-data owner must confirm the intended address."
Needs Client Clarification,PersonMailingState,5TH SETTELMENT,Egypt,EG,,1,"State cannot be deterministically mapped for the current row. It may conflict with the country, be a city/county/country value in the state field, or require Salesforce metadata expansion. Client/source-data owner must confirm the intended address."
Needs Client Clarification,PersonMailingState,6,,,,1,"State cannot be deterministically mapped for the current row. It may conflict with the country, be a city/county/country value in the state field, or require Salesforce metadata expansion. Client/source-data owner must confirm the intended address."
Needs Client Clarification,PersonMailingState,6 OF OCTOBER,Egypt,EG,,1,"State cannot be deterministically mapped for the current row. It may conflict with the country, be a city/county/country value in the state field, or require Salesforce metadata expansion. Client/source-data owner must confirm the intended address."
Needs Client Clarification,PersonMailingState,66,,,,1,"State cannot be deterministically mapped for the current row. It may conflict with the country, be a city/county/country value in the state field, or require Salesforce metadata expansion. Client/source-data owner must confirm the intended address."
Needs Client Clarification,PersonMailingState,67,France,FR,,1,"State cannot be deterministically mapped for the current row. It may conflict with the country, be a city/county/country value in the state field, or require Salesforce metadata expansion. Client/source-data owner must confirm the intended address."
Needs Client Clarification,PersonMailingState,6,United States,US,,1,"State cannot be deterministically mapped for the current row. It may conflict with the country, be a city/county/country value in the state field, or require Salesforce metadata expansion. Client/source-data owner must confirm the intended address."
Needs Client Clarification,PersonMailingState,8,,,,1,"State cannot be deterministically mapped for the current row. It may conflict with the country, be a city/county/country value in the state field, or require Salesforce metadata expansion. Client/source-data owner must confirm the intended address."
Needs Client Clarification,PersonMailingState,813,Taiwan,TW,,1,"State cannot be deterministically mapped for the current row. It may conflict with the country, be a city/county/country value in the state field, or require Salesforce metadata expansion. Client/source-data owner must confirm the intended address."
Needs Client Clarification,PersonMailingState,94611,United States,US,,1,"State cannot be deterministically mapped for the current row. It may conflict with the country, be a city/county/country value in the state field, or require Salesforce metadata expansion. Client/source-data owner must confirm the intended address."
Needs Client Clarification,PersonMailingState,9824,Pakistan,PK,,1,"State cannot be deterministically mapped for the current row. It may conflict with the country, be a city/county/country value in the state field, or require Salesforce metadata expansion. Client/source-data owner must confirm the intended address."
Needs Client Clarification,PersonMailingState,A.P,India,IN,,1,"State cannot be deterministically mapped for the current row. It may conflict with the country, be a city/county/country value in the state field, or require Salesforce metadata expansion. Client/source-data owner must confirm the intended address."
Needs Client Clarification,PersonMailingState,AA,,,,1,"State cannot be deterministically mapped for the current row. It may conflict with the country, be a city/county/country value in the state field, or require Salesforce metadata expansion. Client/source-data owner must confirm the intended address."
Needs Client Clarification,PersonMailingState,AA,Israel,IL,,1,"State cannot be deterministically mapped for the current row. It may conflict with the country, be a city/county/country value in the state field, or require Salesforce metadata expansion. Client/source-data owner must confirm the intended address."
Needs Client Clarification,PersonMailingState,AALBORG,Denmark,DK,,1,"State cannot be deterministically mapped for the current row. It may conflict with the country, be a city/county/country value in the state field, or require Salesforce metadata expansion. Client/source-data owner must confirm the intended address."
Needs Client Clarification,PersonMailingState,AARHUS N,Denmark,DK,,1,"State cannot be deterministically mapped for the current row. It may conflict with the country, be a city/county/country value in the state field, or require Salesforce metadata expansion. Client/source-data owner must confirm the intended address."
Fixable by Salesforce Config,PersonMailingState,AA,United States,US,,1,State/territory exists in Salesforce Address.settings for this country but is inactive. Salesforce admin must activate it or approve a replacement mapping.
Needs Client Clarification,PersonMailingState,ABHA,Yemen,YE,,1,"State cannot be deterministically mapped for the current row. It may conflict with the country, be a city/county/country value in the state field, or require Salesforce metadata expansion. Client/source-data owner must confirm the intended address."
Needs Client Clarification,PersonMailingState,ABIA,Nigeria,NG,,1,"State cannot be deterministically mapped for the current row. It may conflict with the country, be a city/county/country value in the state field, or require Salesforce metadata expansion. Client/source-data owner must confirm the intended address."
Needs Client Clarification,PersonMailingState,ABSERON,Azerbaijan,AZ,,1,"State cannot be deterministically mapped for the current row. It may conflict with the country, be a city/county/country value in the state field, or require Salesforce metadata expansion. Client/source-data owner must confirm the intended address."
Needs Client Clarification,PersonMailingState,ABU ZABY,United Arab Emirates,AE,,1,"State cannot be deterministically mapped for the current row. It may conflict with the country, be a city/county/country value in the state field, or require Salesforce metadata expansion. Client/source-data owner must confirm the intended address."
Needs Client Clarification,PersonMailingState,ABUDHABI,United Arab Emirates,AE,,1,"State cannot be deterministically mapped for the current row. It may conflict with the country, be a city/county/country value in the state field, or require Salesforce metadata expansion. Client/source-data owner must confirm the intended address."
Needs Client Clarification,PersonMailingState,ACC,Ghana,GH,,1,"State cannot be deterministically mapped for the current row. It may conflict with the country, be a city/county/country value in the state field, or require Salesforce metadata expansion. Client/source-data owner must confirm the intended address."
Needs Client Clarification,PersonMailingState,ACCRA,GHANA,GH,,1,"State cannot be deterministically mapped for the current row. It may conflict with the country, be a city/county/country value in the state field, or require Salesforce metadata expansion. Client/source-data owner must confirm the intended address."
Needs Client Clarification,PersonMailingState,A,China,CN,,1,"State cannot be deterministically mapped for the current row. It may conflict with the country, be a city/county/country value in the state field, or require Salesforce metadata expansion. Client/source-data owner must confirm the intended address."
Needs Client Clarification,PersonMailingState,AD DAWHA,Qatar,QA,,1,"State cannot be deterministically mapped for the current row. It may conflict with the country, be a city/county/country value in the state field, or require Salesforce metadata expansion. Client/source-data owner must confirm the intended address."
Needs Client Clarification,PersonMailingState,ADAMAWA STATE,Nigeria,NG,,1,"State cannot be deterministically mapped for the current row. It may conflict with the country, be a city/county/country value in the state field, or require Salesforce metadata expansion. Client/source-data owner must confirm the intended address."
Needs Client Clarification,PersonMailingState,ADAMAWA,Nigeria,NG,,1,"State cannot be deterministically mapped for the current row. It may conflict with the country, be a city/county/country value in the state field, or require Salesforce metadata expansion. Client/source-data owner must confirm the intended address."
Needs Client Clarification,PersonMailingState,ADDIS,Ethiopia,ET,,1,"State cannot be deterministically mapped for the current row. It may conflict with the country, be a city/county/country value in the state field, or require Salesforce metadata expansion. Client/source-data owner must confirm the intended address."
Needs Client Clarification,PersonMailingState,ADIS ABEBA,Ethiopia,ET,,1,"State cannot be deterministically mapped for the current row. It may conflict with the country, be a city/county/country value in the state field, or require Salesforce metadata expansion. Client/source-data owner must confirm the intended address."
Needs Client Clarification,PersonMailingState,ADJARA,Georgia,GE,,1,"State cannot be deterministically mapped for the current row. It may conflict with the country, be a city/county/country value in the state field, or require Salesforce metadata expansion. Client/source-data owner must confirm the intended address."
Needs Client Clarification,PersonMailingState,AE,United Arab Emirates,AE,,1,"State cannot be deterministically mapped for the current row. It may conflict with the country, be a city/county/country value in the state field, or require Salesforce metadata expansion. Client/source-data owner must confirm the intended address."
Needs Client Clarification,PersonMailingState,AFGHANISTAN,Afghanistan,AF,,1,"State cannot be deterministically mapped for the current row. It may conflict with the country, be a city/county/country value in the state field, or require Salesforce metadata expansion. Client/source-data owner must confirm the intended address."
Needs Client Clarification,PersonMailingState,AFRICA,Egypt,EG,,1,"State cannot be deterministically mapped for the current row. It may conflict with the country, be a city/county/country value in the state field, or require Salesforce metadata expansion. Client/source-data owner must confirm the intended address."
Needs Client Clarification,PersonMailingState,AGIOS IOANNIS,Greece,GR,,1,"State cannot be deterministically mapped for the current row. It may conflict with the country, be a city/county/country value in the state field, or require Salesforce metadata expansion. Client/source-data owner must confirm the intended address."
Needs Client Clarification,PersonMailingState,AGU,Mexico,MX,,1,"State cannot be deterministically mapped for the current row. It may conflict with the country, be a city/county/country value in the state field, or require Salesforce metadata expansion. Client/source-data owner must confirm the intended address."
Needs Client Clarification,PersonMailingState,AGUSAN DEL SUR,Philippines,PH,,1,"State cannot be deterministically mapped for the current row. It may conflict with the country, be a city/county/country value in the state field, or require Salesforce metadata expansion. Client/source-data owner must confirm the intended address."
Needs Client Clarification,PersonMailingState,AHAL,United Arab Emirates,AE,,1,"State cannot be deterministically mapped for the current row. It may conflict with the country, be a city/county/country value in the state field, or require Salesforce metadata expansion. Client/source-data owner must confirm the intended address."
Needs Client Clarification,PersonMailingState,AHMADI,Kuwait,KW,,1,"State cannot be deterministically mapped for the current row. It may conflict with the country, be a city/county/country value in the state field, or require Salesforce metadata expansion. Client/source-data owner must confirm the intended address."
Needs Client Clarification,PersonMailingState,AHP,France,FR,,1,"State cannot be deterministically mapped for the current row. It may conflict with the country, be a city/county/country value in the state field, or require Salesforce metadata expansion. Client/source-data owner must confirm the intended address."
Needs Client Clarification,PersonMailingState,AI,,,,1,"State cannot be deterministically mapped for the current row. It may conflict with the country, be a city/county/country value in the state field, or require Salesforce metadata expansion. Client/source-data owner must confirm the intended address."
Needs Client Clarification,PersonMailingState,AICHI-KEN,Japan,JP,,1,"State cannot be deterministically mapped for the current row. It may conflict with the country, be a city/county/country value in the state field, or require Salesforce metadata expansion. Client/source-data owner must confirm the intended address."
Needs Client Clarification,PersonMailingState,AIN LEGRADJ BENI OUR,Algeria,DZ,,1,"State cannot be deterministically mapped for the current row. It may conflict with the country, be a city/county/country value in the state field, or require Salesforce metadata expansion. Client/source-data owner must confirm the intended address."
Needs Client Clarification,PersonMailingState,AJARA,Georgia,GE,,1,"State cannot be deterministically mapped for the current row. It may conflict with the country, be a city/county/country value in the state field, or require Salesforce metadata expansion. Client/source-data owner must confirm the intended address."
Needs Client Clarification,PersonMailingState,AKERSHUS,Norway,NO,,1,"State cannot be deterministically mapped for the current row. It may conflict with the country, be a city/county/country value in the state field, or require Salesforce metadata expansion. Client/source-data owner must confirm the intended address."
Needs Client Clarification,PersonMailingState,AKTAU,Kazakhstan,KZ,,1,"State cannot be deterministically mapped for the current row. It may conflict with the country, be a city/county/country value in the state field, or require Salesforce metadata expansion. Client/source-data owner must confirm the intended address."
Needs Client Clarification,PersonMailingState,AKTOBE REGION,Kazakhstan,KZ,,1,"State cannot be deterministically mapped for the current row. It may conflict with the country, be a city/county/country value in the state field, or require Salesforce metadata expansion. Client/source-data owner must confirm the intended address."
Needs Client Clarification,PersonMailingState,AKWA IBOM STATE,Nigeria,NG,,1,"State cannot be deterministically mapped for the current row. It may conflict with the country, be a city/county/country value in the state field, or require Salesforce metadata expansion. Client/source-data owner must confirm the intended address."
Needs Client Clarification,PersonMailingState,AL AHSSA,Saudi Arabia,SA,,1,"State cannot be deterministically mapped for the current row. It may conflict with the country, be a city/county/country value in the state field, or require Salesforce metadata expansion. Client/source-data owner must confirm the intended address."
Needs Client Clarification,PersonMailingState,AL DAKHILYA REGION,Oman,OM,,1,"State cannot be deterministically mapped for the current row. It may conflict with the country, be a city/county/country value in the state field, or require Salesforce metadata expansion. Client/source-data owner must confirm the intended address."
Needs Client Clarification,PersonMailingState,AL JIZAH,Egypt,EG,,1,"State cannot be deterministically mapped for the current row. It may conflict with the country, be a city/county/country value in the state field, or require Salesforce metadata expansion. Client/source-data owner must confirm the intended address."
Needs Client Clarification,PersonMailingState,AL KHOUDH,Oman,OM,,1,"State cannot be deterministically mapped for the current row. It may conflict with the country, be a city/county/country value in the state field, or require Salesforce metadata expansion. Client/source-data owner must confirm the intended address."
Needs Client Clarification,PersonMailingState,AL SHARQIA,Egypt,EG,,1,"State cannot be deterministically mapped for the current row. It may conflict with the country, be a city/county/country value in the state field, or require Salesforce metadata expansion. Client/source-data owner must confirm the intended address."
Needs Client Clarification,PersonMailingState,AL SUWEIDI,Saudi Arabia,SA,,1,"State cannot be deterministically mapped for the current row. It may conflict with the country, be a city/county/country value in the state field, or require Salesforce metadata expansion. Client/source-data owner must confirm the intended address."
Needs Client Clarification,PersonMailingState,Alabama,Brazil,BR,,1,"State cannot be deterministically mapped for the current row. It may conflict with the country, be a city/county/country value in the state field, or require Salesforce metadata expansion. Client/source-data owner must confirm the intended address."
Needs Client Clarification,PersonMailingState,ALA,Kazakhstan,KZ,,1,"State cannot be deterministically mapped for the current row. It may conflict with the country, be a city/county/country value in the state field, or require Salesforce metadata expansion. Client/source-data owner must confirm the intended address."
Needs Client Clarification,PersonMailingState,ALAMEDA,United States,US,,1,"State cannot be deterministically mapped for the current row. It may conflict with the country, be a city/county/country value in the state field, or require Salesforce metadata expansion. Client/source-data owner must confirm the intended address."
Needs Client Clarification,PersonMailingState,ALAND,Finland,FI,,1,"State cannot be deterministically mapped for the current row. It may conflict with the country, be a city/county/country value in the state field, or require Salesforce metadata expansion. Client/source-data owner must confirm the intended address."
Needs Client Clarification,PersonMailingState,Alaska,Nigeria,NG,,1,"State cannot be deterministically mapped for the current row. It may conflict with the country, be a city/county/country value in the state field, or require Salesforce metadata expansion. Client/source-data owner must confirm the intended address."
Needs Client Clarification,PersonMailingState,ALAVA,Spain,ES,,1,"State cannot be deterministically mapped for the current row. It may conflict with the country, be a city/county/country value in the state field, or require Salesforce metadata expansion. Client/source-data owner must confirm the intended address."
Needs Client Clarification,PersonMailingState,ALBAY,Philippines,PH,,1,"State cannot be deterministically mapped for the current row. It may conflict with the country, be a city/county/country value in the state field, or require Salesforce metadata expansion. Client/source-data owner must confirm the intended address."
Needs Client Clarification,PersonMailingState,ALBERTA,United States,US,,1,"State cannot be deterministically mapped for the current row. It may conflict with the country, be a city/county/country value in the state field, or require Salesforce metadata expansion. Client/source-data owner must confirm the intended address."
Needs Client Clarification,PersonMailingState,ALEXANDRA,Singapore,SG,,1,"State cannot be deterministically mapped for the current row. It may conflict with the country, be a city/county/country value in the state field, or require Salesforce metadata expansion. Client/source-data owner must confirm the intended address."
Needs Client Clarification,PersonMailingState,ALEY,Lebanon,LB,,1,"State cannot be deterministically mapped for the current row. It may conflict with the country, be a city/county/country value in the state field, or require Salesforce metadata expansion. Client/source-data owner must confirm the intended address."
Needs Client Clarification,PersonMailingState,ALL,United States,US,,1,"State cannot be deterministically mapped for the current row. It may conflict with the country, be a city/county/country value in the state field, or require Salesforce metadata expansion. Client/source-data owner must confirm the intended address."
Needs Client Clarification,PersonMailingState,ALMADINAH,Saudi Arabia,SA,,1,"State cannot be deterministically mapped for the current row. It may conflict with the country, be a city/county/country value in the state field, or require Salesforce metadata expansion. Client/source-data owner must confirm the intended address."
Needs Client Clarification,PersonMailingState,ALMATY REHION,Kazakhstan,KZ,,1,"State cannot be deterministically mapped for the current row. It may conflict with the country, be a city/county/country value in the state field, or require Salesforce metadata expansion. Client/source-data owner must confirm the intended address."
Needs Client Clarification,PersonMailingState,ALTO DO PARANA,Paraguay,PY,,1,"State cannot be deterministically mapped for the current row. It may conflict with the country, be a city/county/country value in the state field, or require Salesforce metadata expansion. Client/source-data owner must confirm the intended address."
Needs Client Clarification,PersonMailingState,ALTRINCHAM,United Kingdom,GB,,1,"State cannot be deterministically mapped for the current row. It may conflict with the country, be a city/county/country value in the state field, or require Salesforce metadata expansion. Client/source-data owner must confirm the intended address."
Needs Client Clarification,PersonMailingState,AM,Jordan,JO,,1,"State cannot be deterministically mapped for the current row. It may conflict with the country, be a city/county/country value in the state field, or require Salesforce metadata expansion. Client/source-data owner must confirm the intended address."
Needs Client Clarification,PersonMailingState,AMM,Jordan,JO,,1,"State cannot be deterministically mapped for the current row. It may conflict with the country, be a city/county/country value in the state field, or require Salesforce metadata expansion. Client/source-data owner must confirm the intended address."
Needs Client Clarification,PersonMailingState,AMSTERDAM WEST,Netherlands,NL,,1,"State cannot be deterministically mapped for the current row. It may conflict with the country, be a city/county/country value in the state field, or require Salesforce metadata expansion. Client/source-data owner must confirm the intended address."
Needs Client Clarification,PersonMailingState,AN,Belgium,BE,,1,"State cannot be deterministically mapped for the current row. It may conflict with the country, be a city/county/country value in the state field, or require Salesforce metadata expansion. Client/source-data owner must confirm the intended address."
Needs Client Clarification,PersonMailingState,ANDALUCIA,Spain,ES,,1,"State cannot be deterministically mapped for the current row. It may conflict with the country, be a city/county/country value in the state field, or require Salesforce metadata expansion. Client/source-data owner must confirm the intended address."
Fixable by Code Update,PersonMailingState,ANDHRA PRADESH,India,IN,AP,1,Script can normalize state 'ANDHRA PRADESH' with country 'India' to PersonMailingCountryCode 'IN' and PersonMailingStateCode 'AP'.
Needs Client Clarification,PersonMailingState,ANDHRA,India,IN,,1,"State cannot be deterministically mapped for the current row. It may conflict with the country, be a city/county/country value in the state field, or require Salesforce metadata expansion. Client/source-data owner must confirm the intended address."
Needs Client Clarification,PersonMailingState,ANDHRAPRADESH,INDIA,IN,,1,"State cannot be deterministically mapped for the current row. It may conflict with the country, be a city/county/country value in the state field, or require Salesforce metadata expansion. Client/source-data owner must confirm the intended address."
Needs Client Clarification,PersonMailingState,ANDIJAN,Uzbekistan,UZ,,1,"State cannot be deterministically mapped for the current row. It may conflict with the country, be a city/county/country value in the state field, or require Salesforce metadata expansion. Client/source-data owner must confirm the intended address."
Needs Client Clarification,PersonMailingState,ANDORRA,Andorra,AD,,1,"State cannot be deterministically mapped for the current row. It may conflict with the country, be a city/county/country value in the state field, or require Salesforce metadata expansion. Client/source-data owner must confirm the intended address."
Needs Client Clarification,PersonMailingState,ANDRA PRADESH,India,IN,,1,"State cannot be deterministically mapped for the current row. It may conflict with the country, be a city/county/country value in the state field, or require Salesforce metadata expansion. Client/source-data owner must confirm the intended address."
Needs Client Clarification,PersonMailingState,ANHUI/XUANCHENG,China,CN,,1,"State cannot be deterministically mapped for the current row. It may conflict with the country, be a city/county/country value in the state field, or require Salesforce metadata expansion. Client/source-data owner must confirm the intended address."
Needs Client Clarification,PersonMailingState,ANTANANARIVO MADAGAS,Madagascar,MG,,1,"State cannot be deterministically mapped for the current row. It may conflict with the country, be a city/county/country value in the state field, or require Salesforce metadata expansion. Client/source-data owner must confirm the intended address."
Needs Client Clarification,PersonMailingState,ANTANANARIVO,Madagascar,MG,,1,"State cannot be deterministically mapped for the current row. It may conflict with the country, be a city/county/country value in the state field, or require Salesforce metadata expansion. Client/source-data owner must confirm the intended address."
Needs Client Clarification,PersonMailingState,ANT,Colombia,CO,,1,"State cannot be deterministically mapped for the current row. It may conflict with the country, be a city/county/country value in the state field, or require Salesforce metadata expansion. Client/source-data owner must confirm the intended address."
Needs Client Clarification,PersonMailingState,AQMOLA REGION,Kazakhstan,KZ,,1,"State cannot be deterministically mapped for the current row. It may conflict with the country, be a city/county/country value in the state field, or require Salesforce metadata expansion. Client/source-data owner must confirm the intended address."
Needs Client Clarification,PersonMailingState,AQP,Peru,PE,,1,"State cannot be deterministically mapped for the current row. It may conflict with the country, be a city/county/country value in the state field, or require Salesforce metadata expansion. Client/source-data owner must confirm the intended address."
Needs Client Clarification,PersonMailingState,AQ,Qatar,QA,,1,"State cannot be deterministically mapped for the current row. It may conflict with the country, be a city/county/country value in the state field, or require Salesforce metadata expansion. Client/source-data owner must confirm the intended address."
Needs Client Clarification,PersonMailingState,AQUITAINE,France,FR,,1,"State cannot be deterministically mapped for the current row. It may conflict with the country, be a city/county/country value in the state field, or require Salesforce metadata expansion. Client/source-data owner must confirm the intended address."
Needs Client Clarification,PersonMailingState,AR RIYADH,Saudi Arabia,SA,,1,"State cannot be deterministically mapped for the current row. It may conflict with the country, be a city/county/country value in the state field, or require Salesforce metadata expansion. Client/source-data owner must confirm the intended address."
Needs Client Clarification,PersonMailingState,AR-ARKANSAS,United States,US,,1,"State cannot be deterministically mapped for the current row. It may conflict with the country, be a city/county/country value in the state field, or require Salesforce metadata expansion. Client/source-data owner must confirm the intended address."
Needs Client Clarification,PersonMailingState,ARAD,Romania,RO,,1,"State cannot be deterministically mapped for the current row. It may conflict with the country, be a city/county/country value in the state field, or require Salesforce metadata expansion. Client/source-data owner must confirm the intended address."
Needs Client Clarification,PersonMailingState,ARARAT,Armenia,AM,,1,"State cannot be deterministically mapped for the current row. It may conflict with the country, be a city/county/country value in the state field, or require Salesforce metadata expansion. Client/source-data owner must confirm the intended address."
Needs Client Clarification,PersonMailingState,ARAUCANIA,Chile,CL,,1,"State cannot be deterministically mapped for the current row. It may conflict with the country, be a city/county/country value in the state field, or require Salesforce metadata expansion. Client/source-data owner must confirm the intended address."
Needs Client Clarification,PersonMailingState,AREQUIPA,Peru,PE,,1,"State cannot be deterministically mapped for the current row. It may conflict with the country, be a city/county/country value in the state field, or require Salesforce metadata expansion. Client/source-data owner must confirm the intended address."
Needs Client Clarification,PersonMailingState,ARGAU,Switzerland,CH,,1,"State cannot be deterministically mapped for the current row. It may conflict with the country, be a city/county/country value in the state field, or require Salesforce metadata expansion. Client/source-data owner must confirm the intended address."
Needs Client Clarification,PersonMailingState,ARGENTINA/BUENOS AIR,Argentina,AR,,1,"State cannot be deterministically mapped for the current row. It may conflict with the country, be a city/county/country value in the state field, or require Salesforce metadata expansion. Client/source-data owner must confirm the intended address."
Needs Client Clarification,PersonMailingState,ARGYLL,United Kingdom,GB,,1,"State cannot be deterministically mapped for the current row. It may conflict with the country, be a city/county/country value in the state field, or require Salesforce metadata expansion. Client/source-data owner must confirm the intended address."
Needs Client Clarification,PersonMailingState,ASH SHARQIA,Egypt,EG,,1,"State cannot be deterministically mapped for the current row. It may conflict with the country, be a city/county/country value in the state field, or require Salesforce metadata expansion. Client/source-data owner must confirm the intended address."
Needs Client Clarification,PersonMailingState,ASIA,Bangladesh,BD,,1,"State cannot be deterministically mapped for the current row. It may conflict with the country, be a city/county/country value in the state field, or require Salesforce metadata expansion. Client/source-data owner must confirm the intended address."
Needs Client Clarification,PersonMailingState,ASIA,Pakistan,PK,,1,"State cannot be deterministically mapped for the current row. It may conflict with the country, be a city/county/country value in the state field, or require Salesforce metadata expansion. Client/source-data owner must confirm the intended address."
Needs Client Clarification,PersonMailingState,ASIA,Taiwan,TW,,1,"State cannot be deterministically mapped for the current row. It may conflict with the country, be a city/county/country value in the state field, or require Salesforce metadata expansion. Client/source-data owner must confirm the intended address."
Needs Client Clarification,PersonMailingState,ASTANA,United States,US,,1,"State cannot be deterministically mapped for the current row. It may conflict with the country, be a city/county/country value in the state field, or require Salesforce metadata expansion. Client/source-data owner must confirm the intended address."
Needs Client Clarification,PersonMailingState,ASUNCION,Paraguay,PY,,1,"State cannot be deterministically mapped for the current row. It may conflict with the country, be a city/county/country value in the state field, or require Salesforce metadata expansion. Client/source-data owner must confirm the intended address."
Needs Client Clarification,PersonMailingState,ASU,Paraguay,PY,,1,"State cannot be deterministically mapped for the current row. It may conflict with the country, be a city/county/country value in the state field, or require Salesforce metadata expansion. Client/source-data owner must confirm the intended address."
Needs Client Clarification,PersonMailingState,AT,Austria,AT,,1,"State cannot be deterministically mapped for the current row. It may conflict with the country, be a city/county/country value in the state field, or require Salesforce metadata expansion. Client/source-data owner must confirm the intended address."
Needs Client Clarification,PersonMailingState,ATYRAU,Kazakhstan,KZ,,1,"State cannot be deterministically mapped for the current row. It may conflict with the country, be a city/county/country value in the state field, or require Salesforce metadata expansion. Client/source-data owner must confirm the intended address."
Needs Client Clarification,PersonMailingState,AU,,,,1,"State cannot be deterministically mapped for the current row. It may conflict with the country, be a city/county/country value in the state field, or require Salesforce metadata expansion. Client/source-data owner must confirm the intended address."
Needs Client Clarification,PersonMailingState,AUGSBURG_BAVARIA,Germany,DE,,1,"State cannot be deterministically mapped for the current row. It may conflict with the country, be a city/county/country value in the state field, or require Salesforce metadata expansion. Client/source-data owner must confirm the intended address."
Needs Client Clarification,PersonMailingState,AUK,New Zealand,NZ,,1,"State cannot be deterministically mapped for the current row. It may conflict with the country, be a city/county/country value in the state field, or require Salesforce metadata expansion. Client/source-data owner must confirm the intended address."
Needs Client Clarification,PersonMailingState,AUS,Australia,AU,,1,"State cannot be deterministically mapped for the current row. It may conflict with the country, be a city/county/country value in the state field, or require Salesforce metadata expansion. Client/source-data owner must confirm the intended address."
Needs Client Clarification,PersonMailingState,AUTRE,France,FR,,1,"State cannot be deterministically mapped for the current row. It may conflict with the country, be a city/county/country value in the state field, or require Salesforce metadata expansion. Client/source-data owner must confirm the intended address."
Needs Client Clarification,PersonMailingState,AUVERGNE,France,FR,,1,"State cannot be deterministically mapped for the current row. It may conflict with the country, be a city/county/country value in the state field, or require Salesforce metadata expansion. Client/source-data owner must confirm the intended address."
Needs Client Clarification,PersonMailingState,AVEIRO,Portugal,PT,,1,"State cannot be deterministically mapped for the current row. It may conflict with the country, be a city/county/country value in the state field, or require Salesforce metadata expansion. Client/source-data owner must confirm the intended address."
Needs Client Clarification,PersonMailingState,AW,,,,1,"State cannot be deterministically mapped for the current row. It may conflict with the country, be a city/county/country value in the state field, or require Salesforce metadata expansion. Client/source-data owner must confirm the intended address."
Needs Client Clarification,PersonMailingState,AX,United States,US,,1,"State cannot be deterministically mapped for the current row. It may conflict with the country, be a city/county/country value in the state field, or require Salesforce metadata expansion. Client/source-data owner must confirm the intended address."
Needs Client Clarification,PersonMailingState,AYRSHIRE,United Kingdom,GB,,1,"State cannot be deterministically mapped for the current row. It may conflict with the country, be a city/county/country value in the state field, or require Salesforce metadata expansion. Client/source-data owner must confirm the intended address."
Needs Client Clarification,PersonMailingState,AZERBAIJAN,Azerbaijan,AZ,,1,"State cannot be deterministically mapped for the current row. It may conflict with the country, be a city/county/country value in the state field, or require Salesforce metadata expansion. Client/source-data owner must confirm the intended address."
Needs Client Clarification,PersonMailingState,AZERBIJAN,Azerbaijan,AZ,,1,"State cannot be deterministically mapped for the current row. It may conflict with the country, be a city/county/country value in the state field, or require Salesforce metadata expansion. Client/source-data owner must confirm the intended address."
Needs Client Clarification,PersonMailingState,AZORES,Portugal,PT,,1,"State cannot be deterministically mapped for the current row. It may conflict with the country, be a city/county/country value in the state field, or require Salesforce metadata expansion. Client/source-data owner must confirm the intended address."
Needs Client Clarification,PersonMailingState,AZUAY,Ecuador,EC,,1,"State cannot be deterministically mapped for the current row. It may conflict with the country, be a city/county/country value in the state field, or require Salesforce metadata expansion. Client/source-data owner must confirm the intended address."
Needs Client Clarification,PersonMailingState,BA,,,,1,"State cannot be deterministically mapped for the current row. It may conflict with the country, be a city/county/country value in the state field, or require Salesforce metadata expansion. Client/source-data owner must confirm the intended address."
Needs Client Clarification,PersonMailingState,BADEN WUETTERMBERG,Germany,DE,,1,"State cannot be deterministically mapped for the current row. It may conflict with the country, be a city/county/country value in the state field, or require Salesforce metadata expansion. Client/source-data owner must confirm the intended address."
Needs Client Clarification,PersonMailingState,BADEN,Germany,DE,,1,"State cannot be deterministically mapped for the current row. It may conflict with the country, be a city/county/country value in the state field, or require Salesforce metadata expansion. Client/source-data owner must confirm the intended address."
Needs Client Clarification,PersonMailingState,BADENWURTEMBERG,Germany,DE,,1,"State cannot be deterministically mapped for the current row. It may conflict with the country, be a city/county/country value in the state field, or require Salesforce metadata expansion. Client/source-data owner must confirm the intended address."
Needs Client Clarification,PersonMailingState,BADENWUTTERMBERG,Germany,DE,,1,"State cannot be deterministically mapped for the current row. It may conflict with the country, be a city/county/country value in the state field, or require Salesforce metadata expansion. Client/source-data owner must confirm the intended address."
Needs Client Clarification,PersonMailingState,BAGHDAD,Iraq,IQ,,1,"State cannot be deterministically mapped for the current row. It may conflict with the country, be a city/county/country value in the state field, or require Salesforce metadata expansion. Client/source-data owner must confirm the intended address."
Needs Client Clarification,PersonMailingState,BAHIA_SALVADOR,Brazil,BR,,1,"State cannot be deterministically mapped for the current row. It may conflict with the country, be a city/county/country value in the state field, or require Salesforce metadata expansion. Client/source-data owner must confirm the intended address."
Needs Client Clarification,PersonMailingState,BAKU CITY,Azerbaijan,AZ,,1,"State cannot be deterministically mapped for the current row. It may conflict with the country, be a city/county/country value in the state field, or require Salesforce metadata expansion. Client/source-data owner must confirm the intended address."
Needs Client Clarification,PersonMailingState,BALANGODA/RATHNAPURA,Sri Lanka,LK,,1,"State cannot be deterministically mapped for the current row. It may conflict with the country, be a city/county/country value in the state field, or require Salesforce metadata expansion. Client/source-data owner must confirm the intended address."
Needs Client Clarification,PersonMailingState,BALOCHISTAN,Pakistan,PK,,1,"State cannot be deterministically mapped for the current row. It may conflict with the country, be a city/county/country value in the state field, or require Salesforce metadata expansion. Client/source-data owner must confirm the intended address."
Needs Client Clarification,PersonMailingState,BALQA,Jordan,JO,,1,"State cannot be deterministically mapped for the current row. It may conflict with the country, be a city/county/country value in the state field, or require Salesforce metadata expansion. Client/source-data owner must confirm the intended address."
Needs Client Clarification,PersonMailingState,BANADIR,Somalia,SO,,1,"State cannot be deterministically mapped for the current row. It may conflict with the country, be a city/county/country value in the state field, or require Salesforce metadata expansion. Client/source-data owner must confirm the intended address."
Needs Client Clarification,PersonMailingState,BANGLADESH,Bangladesh,BD,,1,"State cannot be deterministically mapped for the current row. It may conflict with the country, be a city/county/country value in the state field, or require Salesforce metadata expansion. Client/source-data owner must confirm the intended address."
Needs Client Clarification,PersonMailingState,BANGLADESHI,Bangladesh,BD,,1,"State cannot be deterministically mapped for the current row. It may conflict with the country, be a city/county/country value in the state field, or require Salesforce metadata expansion. Client/source-data owner must confirm the intended address."
Needs Client Clarification,PersonMailingState,BARCELONA,SPAIN,ES,,1,"State cannot be deterministically mapped for the current row. It may conflict with the country, be a city/county/country value in the state field, or require Salesforce metadata expansion. Client/source-data owner must confirm the intended address."
Needs Client Clarification,PersonMailingState,BARCELONA,United States,US,,1,"State cannot be deterministically mapped for the current row. It may conflict with the country, be a city/county/country value in the state field, or require Salesforce metadata expansion. Client/source-data owner must confirm the intended address."
Needs Client Clarification,PersonMailingState,BARISAL,Bangladesh,BD,,1,"State cannot be deterministically mapped for the current row. It may conflict with the country, be a city/county/country value in the state field, or require Salesforce metadata expansion. Client/source-data owner must confirm the intended address."
Needs Client Clarification,PersonMailingState,BARNET (GB-BNE),United Kingdom,GB,,1,"State cannot be deterministically mapped for the current row. It may conflict with the country, be a city/county/country value in the state field, or require Salesforce metadata expansion. Client/source-data owner must confirm the intended address."
Needs Client Clarification,PersonMailingState,BARNET,United Kingdom,GB,,1,"State cannot be deterministically mapped for the current row. It may conflict with the country, be a city/county/country value in the state field, or require Salesforce metadata expansion. Client/source-data owner must confirm the intended address."
Needs Client Clarification,PersonMailingState,BARRA DA TIJUCA,Brazil,BR,,1,"State cannot be deterministically mapped for the current row. It may conflict with the country, be a city/county/country value in the state field, or require Salesforce metadata expansion. Client/source-data owner must confirm the intended address."
Needs Client Clarification,PersonMailingState,BASEL LANDSHAFT,Switzerland,CH,,1,"State cannot be deterministically mapped for the current row. It may conflict with the country, be a city/county/country value in the state field, or require Salesforce metadata expansion. Client/source-data owner must confirm the intended address."
Needs Client Clarification,PersonMailingState,BASEL STADT,Switzerland,CH,,1,"State cannot be deterministically mapped for the current row. It may conflict with the country, be a city/county/country value in the state field, or require Salesforce metadata expansion. Client/source-data owner must confirm the intended address."
Needs Client Clarification,PersonMailingState,BASEL-LAND,Switzerland,CH,,1,"State cannot be deterministically mapped for the current row. It may conflict with the country, be a city/county/country value in the state field, or require Salesforce metadata expansion. Client/source-data owner must confirm the intended address."
Needs Client Clarification,PersonMailingState,BASELLAND,Switzerland,CH,,1,"State cannot be deterministically mapped for the current row. It may conflict with the country, be a city/county/country value in the state field, or require Salesforce metadata expansion. Client/source-data owner must confirm the intended address."
Needs Client Clarification,PersonMailingState,BAVARIAN,Germany,DE,,1,"State cannot be deterministically mapped for the current row. It may conflict with the country, be a city/county/country value in the state field, or require Salesforce metadata expansion. Client/source-data owner must confirm the intended address."
Needs Client Clarification,PersonMailingState,BAWSHER,Oman,OM,,1,"State cannot be deterministically mapped for the current row. It may conflict with the country, be a city/county/country value in the state field, or require Salesforce metadata expansion. Client/source-data owner must confirm the intended address."
Needs Client Clarification,PersonMailingState,BAY OF PLENTY,New Zealand,NZ,,1,"State cannot be deterministically mapped for the current row. It may conflict with the country, be a city/county/country value in the state field, or require Salesforce metadata expansion. Client/source-data owner must confirm the intended address."
Needs Client Clarification,PersonMailingState,BB,Slovakia,SK,,1,"State cannot be deterministically mapped for the current row. It may conflict with the country, be a city/county/country value in the state field, or require Salesforce metadata expansion. Client/source-data owner must confirm the intended address."
Fixable by Code Update,PersonMailingState,BC,CANADA,CA,BC,1,Script can normalize state 'BC' with country 'CANADA' to PersonMailingCountryCode 'CA' and PersonMailingStateCode 'BC'.
Fixable by Code Update,PersonMailingState,BC,Mexico,MX,BC,1,Script can normalize state 'BC' with country 'Mexico' to PersonMailingCountryCode 'MX' and PersonMailingStateCode 'BC'.
Needs Client Clarification,PersonMailingState,BCS,Mexico,MX,,1,"State cannot be deterministically mapped for the current row. It may conflict with the country, be a city/county/country value in the state field, or require Salesforce metadata expansion. Client/source-data owner must confirm the intended address."
Needs Client Clarification,PersonMailingState,BD,Bangladesh,BD,,1,"State cannot be deterministically mapped for the current row. It may conflict with the country, be a city/county/country value in the state field, or require Salesforce metadata expansion. Client/source-data owner must confirm the intended address."
Needs Client Clarification,PersonMailingState,BE,,,,1,"State cannot be deterministically mapped for the current row. It may conflict with the country, be a city/county/country value in the state field, or require Salesforce metadata expansion. Client/source-data owner must confirm the intended address."
Needs Client Clarification,PersonMailingState,BE,Belgium,BE,,1,"State cannot be deterministically mapped for the current row. It may conflict with the country, be a city/county/country value in the state field, or require Salesforce metadata expansion. Client/source-data owner must confirm the intended address."
Needs Client Clarification,PersonMailingState,BECKENHAM,United Kingdom,GB,,1,"State cannot be deterministically mapped for the current row. It may conflict with the country, be a city/county/country value in the state field, or require Salesforce metadata expansion. Client/source-data owner must confirm the intended address."
Needs Client Clarification,PersonMailingState,BEI JING,China,CN,,1,"State cannot be deterministically mapped for the current row. It may conflict with the country, be a city/county/country value in the state field, or require Salesforce metadata expansion. Client/source-data owner must confirm the intended address."
Needs Client Clarification,PersonMailingState,BEIJIN,China,CN,,1,"State cannot be deterministically mapped for the current row. It may conflict with the country, be a city/county/country value in the state field, or require Salesforce metadata expansion. Client/source-data owner must confirm the intended address."
Needs Client Clarification,PersonMailingState,BEIJING CHINA,China,CN,,1,"State cannot be deterministically mapped for the current row. It may conflict with the country, be a city/county/country value in the state field, or require Salesforce metadata expansion. Client/source-data owner must confirm the intended address."
Needs Client Clarification,PersonMailingState,BEIJING,Zimbabwe,ZW,,1,"State cannot be deterministically mapped for the current row. It may conflict with the country, be a city/county/country value in the state field, or require Salesforce metadata expansion. Client/source-data owner must confirm the intended address."
Needs Client Clarification,PersonMailingState,BEIRUT/ZAHLE/BEKAA,Lebanon,LB,,1,"State cannot be deterministically mapped for the current row. It may conflict with the country, be a city/county/country value in the state field, or require Salesforce metadata expansion. Client/source-data owner must confirm the intended address."
Needs Client Clarification,PersonMailingState,BEJA,Tunisia,TN,,1,"State cannot be deterministically mapped for the current row. It may conflict with the country, be a city/county/country value in the state field, or require Salesforce metadata expansion. Client/source-data owner must confirm the intended address."
Needs Client Clarification,PersonMailingState,BELIN,Germany,DE,,1,"State cannot be deterministically mapped for the current row. It may conflict with the country, be a city/county/country value in the state field, or require Salesforce metadata expansion. Client/source-data owner must confirm the intended address."
Needs Client Clarification,PersonMailingState,BENADIR,Somalia,SO,,1,"State cannot be deterministically mapped for the current row. It may conflict with the country, be a city/county/country value in the state field, or require Salesforce metadata expansion. Client/source-data owner must confirm the intended address."
Needs Client Clarification,PersonMailingState,BENI SAUF,Egypt,EG,,1,"State cannot be deterministically mapped for the current row. It may conflict with the country, be a city/county/country value in the state field, or require Salesforce metadata expansion. Client/source-data owner must confirm the intended address."
Needs Client Clarification,PersonMailingState,BENIDORM,Spain,ES,,1,"State cannot be deterministically mapped for the current row. It may conflict with the country, be a city/county/country value in the state field, or require Salesforce metadata expansion. Client/source-data owner must confirm the intended address."
Needs Client Clarification,PersonMailingState,BEOGRAD,Serbia,RS,,1,"State cannot be deterministically mapped for the current row. It may conflict with the country, be a city/county/country value in the state field, or require Salesforce metadata expansion. Client/source-data owner must confirm the intended address."
Needs Client Clarification,PersonMailingState,BEQAA VALLEY,Lebanon,LB,,1,"State cannot be deterministically mapped for the current row. It may conflict with the country, be a city/county/country value in the state field, or require Salesforce metadata expansion. Client/source-data owner must confirm the intended address."
Needs Client Clarification,PersonMailingState,BERKS,United Kingdom,GB,,1,"State cannot be deterministically mapped for the current row. It may conflict with the country, be a city/county/country value in the state field, or require Salesforce metadata expansion. Client/source-data owner must confirm the intended address."
Needs Client Clarification,PersonMailingState,BH,Bahrain,BH,,1,"State cannot be deterministically mapped for the current row. It may conflict with the country, be a city/county/country value in the state field, or require Salesforce metadata expansion. Client/source-data owner must confirm the intended address."
Needs Client Clarification,PersonMailingState,BH,Egypt,EG,,1,"State cannot be deterministically mapped for the current row. It may conflict with the country, be a city/county/country value in the state field, or require Salesforce metadata expansion. Client/source-data owner must confirm the intended address."
Needs Client Clarification,PersonMailingState,BHUBANESWAR IIT,India,IN,,1,"State cannot be deterministically mapped for the current row. It may conflict with the country, be a city/county/country value in the state field, or require Salesforce metadata expansion. Client/source-data owner must confirm the intended address."
Needs Client Clarification,PersonMailingState,BIHAR/ INDIA/ ASIA,India,IN,,1,"State cannot be deterministically mapped for the current row. It may conflict with the country, be a city/county/country value in the state field, or require Salesforce metadata expansion. Client/source-data owner must confirm the intended address."
Needs Client Clarification,PersonMailingState,BIHOR,Romania,RO,,1,"State cannot be deterministically mapped for the current row. It may conflict with the country, be a city/county/country value in the state field, or require Salesforce metadata expansion. Client/source-data owner must confirm the intended address."
Fixable by Code Update,PersonMailingState,BI,Italy,IT,BI,1,Script can normalize state 'BI' with country 'Italy' to PersonMailingCountryCode 'IT' and PersonMailingStateCode 'BI'.
Needs Client Clarification,PersonMailingState,BISHKEK,Kyrgyzstan,KG,,1,"State cannot be deterministically mapped for the current row. It may conflict with the country, be a city/county/country value in the state field, or require Salesforce metadata expansion. Client/source-data owner must confirm the intended address."
Needs Client Clarification,PersonMailingState,BIZERTE,Tunisia,TN,,1,"State cannot be deterministically mapped for the current row. It may conflict with the country, be a city/county/country value in the state field, or require Salesforce metadata expansion. Client/source-data owner must confirm the intended address."
Needs Client Clarification,PersonMailingState,BLEKINGE,Sweden,SE,,1,"State cannot be deterministically mapped for the current row. It may conflict with the country, be a city/county/country value in the state field, or require Salesforce metadata expansion. Client/source-data owner must confirm the intended address."
Needs Client Clarification,PersonMailingState,BLR,Belarus,BY,,1,"State cannot be deterministically mapped for the current row. It may conflict with the country, be a city/county/country value in the state field, or require Salesforce metadata expansion. Client/source-data owner must confirm the intended address."
Needs Client Clarification,PersonMailingState,BNS,Egypt,EG,,1,"State cannot be deterministically mapped for the current row. It may conflict with the country, be a city/county/country value in the state field, or require Salesforce metadata expansion. Client/source-data owner must confirm the intended address."
Needs Client Clarification,PersonMailingState,BOGOTA D.C.,Colombia,CO,,1,"State cannot be deterministically mapped for the current row. It may conflict with the country, be a city/county/country value in the state field, or require Salesforce metadata expansion. Client/source-data owner must confirm the intended address."
Needs Client Clarification,PersonMailingState,BOHOL,Philippines,PH,,1,"State cannot be deterministically mapped for the current row. It may conflict with the country, be a city/county/country value in the state field, or require Salesforce metadata expansion. Client/source-data owner must confirm the intended address."
Needs Client Clarification,PersonMailingState,BONN,Germany,DE,,1,"State cannot be deterministically mapped for the current row. It may conflict with the country, be a city/county/country value in the state field, or require Salesforce metadata expansion. Client/source-data owner must confirm the intended address."
Needs Client Clarification,PersonMailingState,BOUCHES DU RHONE,France,FR,,1,"State cannot be deterministically mapped for the current row. It may conflict with the country, be a city/county/country value in the state field, or require Salesforce metadata expansion. Client/source-data owner must confirm the intended address."
Needs Client Clarification,PersonMailingState,BOUCHES-DU-RHONE,France,FR,,1,"State cannot be deterministically mapped for the current row. It may conflict with the country, be a city/county/country value in the state field, or require Salesforce metadata expansion. Client/source-data owner must confirm the intended address."
Needs Client Clarification,PersonMailingState,BOURGOGNE,France,FR,,1,"State cannot be deterministically mapped for the current row. It may conflict with the country, be a city/county/country value in the state field, or require Salesforce metadata expansion. Client/source-data owner must confirm the intended address."
Needs Client Clarification,PersonMailingState,BOURGOU,Benin,BJ,,1,"State cannot be deterministically mapped for the current row. It may conflict with the country, be a city/county/country value in the state field, or require Salesforce metadata expansion. Client/source-data owner must confirm the intended address."
Needs Client Clarification,PersonMailingState,BRACKNELL,United Kingdom,GB,,1,"State cannot be deterministically mapped for the current row. It may conflict with the country, be a city/county/country value in the state field, or require Salesforce metadata expansion. Client/source-data owner must confirm the intended address."
Needs Client Clarification,PersonMailingState,"BRASIL, GOIANIA, CEN",Brazil,BR,,1,"State cannot be deterministically mapped for the current row. It may conflict with the country, be a city/county/country value in the state field, or require Salesforce metadata expansion. Client/source-data owner must confirm the intended address."
Needs Client Clarification,PersonMailingState,BRASILIA - DF,Brazil,BR,,1,"State cannot be deterministically mapped for the current row. It may conflict with the country, be a city/county/country value in the state field, or require Salesforce metadata expansion. Client/source-data owner must confirm the intended address."
Needs Client Clarification,PersonMailingState,BRASILIA/DF,Brazil,BR,,1,"State cannot be deterministically mapped for the current row. It may conflict with the country, be a city/county/country value in the state field, or require Salesforce metadata expansion. Client/source-data owner must confirm the intended address."
Needs Client Clarification,PersonMailingState,BRASILIA,Brazil,BR,,1,"State cannot be deterministically mapped for the current row. It may conflict with the country, be a city/county/country value in the state field, or require Salesforce metadata expansion. Client/source-data owner must confirm the intended address."
Needs Client Clarification,PersonMailingState,BRASOV,Romania,RO,,1,"State cannot be deterministically mapped for the current row. It may conflict with the country, be a city/county/country value in the state field, or require Salesforce metadata expansion. Client/source-data owner must confirm the intended address."
Needs Client Clarification,PersonMailingState,BRAZIL SAO PAULO SAO,Brazil,BR,,1,"State cannot be deterministically mapped for the current row. It may conflict with the country, be a city/county/country value in the state field, or require Salesforce metadata expansion. Client/source-data owner must confirm the intended address."
Needs Client Clarification,PersonMailingState,BREMEN,Germany,DE,,1,"State cannot be deterministically mapped for the current row. It may conflict with the country, be a city/county/country value in the state field, or require Salesforce metadata expansion. Client/source-data owner must confirm the intended address."
Needs Client Clarification,PersonMailingState,BRENT,United Kingdom,GB,,1,"State cannot be deterministically mapped for the current row. It may conflict with the country, be a city/county/country value in the state field, or require Salesforce metadata expansion. Client/source-data owner must confirm the intended address."
Needs Client Clarification,PersonMailingState,BRIDGETOWN,Barbados,BB,,1,"State cannot be deterministically mapped for the current row. It may conflict with the country, be a city/county/country value in the state field, or require Salesforce metadata expansion. Client/source-data owner must confirm the intended address."
Needs Client Clarification,PersonMailingState,BRISBANE,Australia,AU,,1,"State cannot be deterministically mapped for the current row. It may conflict with the country, be a city/county/country value in the state field, or require Salesforce metadata expansion. Client/source-data owner must confirm the intended address."
Needs Client Clarification,PersonMailingState,BRISTOL,United Kingdom,GB,,1,"State cannot be deterministically mapped for the current row. It may conflict with the country, be a city/county/country value in the state field, or require Salesforce metadata expansion. Client/source-data owner must confirm the intended address."
Needs Client Clarification,PersonMailingState,BRITISH COLUBMIA,Canada,CA,,1,"State cannot be deterministically mapped for the current row. It may conflict with the country, be a city/county/country value in the state field, or require Salesforce metadata expansion. Client/source-data owner must confirm the intended address."
Needs Client Clarification,PersonMailingState,BRUSSELS CENTRE,Belgium,BE,,1,"State cannot be deterministically mapped for the current row. It may conflict with the country, be a city/county/country value in the state field, or require Salesforce metadata expansion. Client/source-data owner must confirm the intended address."
Needs Client Clarification,PersonMailingState,BRUSSELS-CAPITAL,Belgium,BE,,1,"State cannot be deterministically mapped for the current row. It may conflict with the country, be a city/county/country value in the state field, or require Salesforce metadata expansion. Client/source-data owner must confirm the intended address."
Needs Client Clarification,PersonMailingState,BRUXELLES-CAPITALE,Belgium,BE,,1,"State cannot be deterministically mapped for the current row. It may conflict with the country, be a city/county/country value in the state field, or require Salesforce metadata expansion. Client/source-data owner must confirm the intended address."
Needs Client Clarification,PersonMailingState,BRUXELLES,Belgium,BE,,1,"State cannot be deterministically mapped for the current row. It may conflict with the country, be a city/county/country value in the state field, or require Salesforce metadata expansion. Client/source-data owner must confirm the intended address."
Needs Client Clarification,PersonMailingState,BUKIT BATOK,Singapore,SG,,1,"State cannot be deterministically mapped for the current row. It may conflict with the country, be a city/county/country value in the state field, or require Salesforce metadata expansion. Client/source-data owner must confirm the intended address."
Needs Client Clarification,PersonMailingState,BULACAN / REGION III,Philippines,PH,,1,"State cannot be deterministically mapped for the current row. It may conflict with the country, be a city/county/country value in the state field, or require Salesforce metadata expansion. Client/source-data owner must confirm the intended address."
Needs Client Clarification,PersonMailingState,BU,Norway,NO,,1,"State cannot be deterministically mapped for the current row. It may conflict with the country, be a city/county/country value in the state field, or require Salesforce metadata expansion. Client/source-data owner must confirm the intended address."
Needs Client Clarification,PersonMailingState,BUZAU,Romania,RO,,1,"State cannot be deterministically mapped for the current row. It may conflict with the country, be a city/county/country value in the state field, or require Salesforce metadata expansion. Client/source-data owner must confirm the intended address."
Needs Client Clarification,PersonMailingState,BW,,,,1,"State cannot be deterministically mapped for the current row. It may conflict with the country, be a city/county/country value in the state field, or require Salesforce metadata expansion. Client/source-data owner must confirm the intended address."
Needs Client Clarification,PersonMailingState,C.,,,,1,"State cannot be deterministically mapped for the current row. It may conflict with the country, be a city/county/country value in the state field, or require Salesforce metadata expansion. Client/source-data owner must confirm the intended address."
Needs Client Clarification,PersonMailingState,C.A.B.A.,Argentina,AR,,1,"State cannot be deterministically mapped for the current row. It may conflict with the country, be a city/county/country value in the state field, or require Salesforce metadata expansion. Client/source-data owner must confirm the intended address."
Needs Client Clarification,PersonMailingState,C0,United States,US,,1,"State cannot be deterministically mapped for the current row. It may conflict with the country, be a city/county/country value in the state field, or require Salesforce metadata expansion. Client/source-data owner must confirm the intended address."
Needs Client Clarification,PersonMailingState,CA / ON,Canada,CA,,1,"State cannot be deterministically mapped for the current row. It may conflict with the country, be a city/county/country value in the state field, or require Salesforce metadata expansion. Client/source-data owner must confirm the intended address."
Needs Client Clarification,PersonMailingState,CA EGYPT,Egypt,EG,,1,"State cannot be deterministically mapped for the current row. It may conflict with the country, be a city/county/country value in the state field, or require Salesforce metadata expansion. Client/source-data owner must confirm the intended address."
Needs Client Clarification,PersonMailingState,CA FLORIDA,China,CN,,1,"State cannot be deterministically mapped for the current row. It may conflict with the country, be a city/county/country value in the state field, or require Salesforce metadata expansion. Client/source-data owner must confirm the intended address."
Needs Client Clarification,PersonMailingState,CA GUANGDONG,China,CN,,1,"State cannot be deterministically mapped for the current row. It may conflict with the country, be a city/county/country value in the state field, or require Salesforce metadata expansion. Client/source-data owner must confirm the intended address."
Needs Client Clarification,PersonMailingState,CA/QC/MONTREAL,Canada,CA,,1,"State cannot be deterministically mapped for the current row. It may conflict with the country, be a city/county/country value in the state field, or require Salesforce metadata expansion. Client/source-data owner must confirm the intended address."
Needs Client Clarification,PersonMailingState,CA323,Saudi Arabia,SA,,1,"State cannot be deterministically mapped for the current row. It may conflict with the country, be a city/county/country value in the state field, or require Salesforce metadata expansion. Client/source-data owner must confirm the intended address."
Needs Client Clarification,PersonMailingState,CACAIRO,Egypt,EG,,1,"State cannot be deterministically mapped for the current row. It may conflict with the country, be a city/county/country value in the state field, or require Salesforce metadata expansion. Client/source-data owner must confirm the intended address."
Needs Client Clarification,PersonMailingState,CADFAG,United States,US,,1,"State cannot be deterministically mapped for the current row. It may conflict with the country, be a city/county/country value in the state field, or require Salesforce metadata expansion. Client/source-data owner must confirm the intended address."
Needs Client Clarification,PersonMailingState,CADIZ / SAN ROQUE,Spain,ES,,1,"State cannot be deterministically mapped for the current row. It may conflict with the country, be a city/county/country value in the state field, or require Salesforce metadata expansion. Client/source-data owner must confirm the intended address."
Needs Client Clarification,PersonMailingState,CAE,Bangladesh,BD,,1,"State cannot be deterministically mapped for the current row. It may conflict with the country, be a city/county/country value in the state field, or require Salesforce metadata expansion. Client/source-data owner must confirm the intended address."
Needs Client Clarification,PersonMailingState,CAHAINAN,China,CN,,1,"State cannot be deterministically mapped for the current row. It may conflict with the country, be a city/county/country value in the state field, or require Salesforce metadata expansion. Client/source-data owner must confirm the intended address."
Needs Client Clarification,PersonMailingState,CAIRO GOVERNORATE,Egypt,EG,,1,"State cannot be deterministically mapped for the current row. It may conflict with the country, be a city/county/country value in the state field, or require Salesforce metadata expansion. Client/source-data owner must confirm the intended address."
Needs Client Clarification,PersonMailingState,CAIRO/NASR CITY,Egypt,EG,,1,"State cannot be deterministically mapped for the current row. It may conflict with the country, be a city/county/country value in the state field, or require Salesforce metadata expansion. Client/source-data owner must confirm the intended address."
Needs Client Clarification,PersonMailingState,CAJAMARCA,Peru,PE,,1,"State cannot be deterministically mapped for the current row. It may conflict with the country, be a city/county/country value in the state field, or require Salesforce metadata expansion. Client/source-data owner must confirm the intended address."
Needs Client Clarification,PersonMailingState,CAJICA-CUNDINAMARCA,Colombia,CO,,1,"State cannot be deterministically mapped for the current row. It may conflict with the country, be a city/county/country value in the state field, or require Salesforce metadata expansion. Client/source-data owner must confirm the intended address."
Fixable by Code Update,PersonMailingState,CALIF.,United States,US,CA,1,Script can normalize state 'CALIF.' with country 'United States' to PersonMailingCountryCode 'US' and PersonMailingStateCode 'CA'.
Fixable by Code Update,PersonMailingState,CALIFORNIA - CA,United States,US,CA,1,Script can normalize state 'CALIFORNIA - CA' with country 'United States' to PersonMailingCountryCode 'US' and PersonMailingStateCode 'CA'.
Fixable by Code Update,PersonMailingState,CALIFORNIA - NORTH,United States,US,CA,1,Script can normalize state 'CALIFORNIA - NORTH' with country 'United States' to PersonMailingCountryCode 'US' and PersonMailingStateCode 'CA'.
Fixable by Code Update,PersonMailingState,CALIFORNIA [CA],United States,US,CA,1,Script can normalize state 'CALIFORNIA [CA]' with country 'United States' to PersonMailingCountryCode 'US' and PersonMailingStateCode 'CA'.
Needs Client Clarification,PersonMailingState,California,Afghanistan,AF,,1,"State cannot be deterministically mapped for the current row. It may conflict with the country, be a city/county/country value in the state field, or require Salesforce metadata expansion. Client/source-data owner must confirm the intended address."
Needs Client Clarification,PersonMailingState,California,Albania,AL,,1,"State cannot be deterministically mapped for the current row. It may conflict with the country, be a city/county/country value in the state field, or require Salesforce metadata expansion. Client/source-data owner must confirm the intended address."
Needs Client Clarification,PersonMailingState,California,Angola,AO,,1,"State cannot be deterministically mapped for the current row. It may conflict with the country, be a city/county/country value in the state field, or require Salesforce metadata expansion. Client/source-data owner must confirm the intended address."
Needs Client Clarification,PersonMailingState,California,ARGENTINA,AR,,1,"State cannot be deterministically mapped for the current row. It may conflict with the country, be a city/county/country value in the state field, or require Salesforce metadata expansion. Client/source-data owner must confirm the intended address."
Needs Client Clarification,PersonMailingState,California,Armenia,AM,,1,"State cannot be deterministically mapped for the current row. It may conflict with the country, be a city/county/country value in the state field, or require Salesforce metadata expansion. Client/source-data owner must confirm the intended address."
Needs Client Clarification,PersonMailingState,California,Belarus,BY,,1,"State cannot be deterministically mapped for the current row. It may conflict with the country, be a city/county/country value in the state field, or require Salesforce metadata expansion. Client/source-data owner must confirm the intended address."
Needs Client Clarification,PersonMailingState,California,Bermuda,BM,,1,"State cannot be deterministically mapped for the current row. It may conflict with the country, be a city/county/country value in the state field, or require Salesforce metadata expansion. Client/source-data owner must confirm the intended address."
Needs Client Clarification,PersonMailingState,California,Cambodia,KH,,1,"State cannot be deterministically mapped for the current row. It may conflict with the country, be a city/county/country value in the state field, or require Salesforce metadata expansion. Client/source-data owner must confirm the intended address."
Needs Client Clarification,PersonMailingState,California,Chad,TD,,1,"State cannot be deterministically mapped for the current row. It may conflict with the country, be a city/county/country value in the state field, or require Salesforce metadata expansion. Client/source-data owner must confirm the intended address."
Needs Client Clarification,PersonMailingState,CALIFORNIA,Chile,CL,,1,"State cannot be deterministically mapped for the current row. It may conflict with the country, be a city/county/country value in the state field, or require Salesforce metadata expansion. Client/source-data owner must confirm the intended address."
Needs Client Clarification,PersonMailingState,CALIFORNIA,China,CN,,1,"State cannot be deterministically mapped for the current row. It may conflict with the country, be a city/county/country value in the state field, or require Salesforce metadata expansion. Client/source-data owner must confirm the intended address."
Needs Client Clarification,PersonMailingState,California,Cyprus,CY,,1,"State cannot be deterministically mapped for the current row. It may conflict with the country, be a city/county/country value in the state field, or require Salesforce metadata expansion. Client/source-data owner must confirm the intended address."
Needs Client Clarification,PersonMailingState,California,Dominican Republic,DO,,1,"State cannot be deterministically mapped for the current row. It may conflict with the country, be a city/county/country value in the state field, or require Salesforce metadata expansion. Client/source-data owner must confirm the intended address."
Needs Client Clarification,PersonMailingState,CALIFORNIA,France,FR,,1,"State cannot be deterministically mapped for the current row. It may conflict with the country, be a city/county/country value in the state field, or require Salesforce metadata expansion. Client/source-data owner must confirm the intended address."
Needs Client Clarification,PersonMailingState,California,GHANA,GH,,1,"State cannot be deterministically mapped for the current row. It may conflict with the country, be a city/county/country value in the state field, or require Salesforce metadata expansion. Client/source-data owner must confirm the intended address."
Needs Client Clarification,PersonMailingState,California,Greece,GR,,1,"State cannot be deterministically mapped for the current row. It may conflict with the country, be a city/county/country value in the state field, or require Salesforce metadata expansion. Client/source-data owner must confirm the intended address."
Needs Client Clarification,PersonMailingState,CALIFORNIA,Guinea,GN,,1,"State cannot be deterministically mapped for the current row. It may conflict with the country, be a city/county/country value in the state field, or require Salesforce metadata expansion. Client/source-data owner must confirm the intended address."
Needs Client Clarification,PersonMailingState,California,Hungary,HU,,1,"State cannot be deterministically mapped for the current row. It may conflict with the country, be a city/county/country value in the state field, or require Salesforce metadata expansion. Client/source-data owner must confirm the intended address."
Needs Client Clarification,PersonMailingState,California,Iceland,IS,,1,"State cannot be deterministically mapped for the current row. It may conflict with the country, be a city/county/country value in the state field, or require Salesforce metadata expansion. Client/source-data owner must confirm the intended address."
Needs Client Clarification,PersonMailingState,California,india,IN,,1,"State cannot be deterministically mapped for the current row. It may conflict with the country, be a city/county/country value in the state field, or require Salesforce metadata expansion. Client/source-data owner must confirm the intended address."
Needs Client Clarification,PersonMailingState,California,INDIA,IN,,1,"State cannot be deterministically mapped for the current row. It may conflict with the country, be a city/county/country value in the state field, or require Salesforce metadata expansion. Client/source-data owner must confirm the intended address."
Needs Client Clarification,PersonMailingState,CALIFORNIA,India,IN,,1,"State cannot be deterministically mapped for the current row. It may conflict with the country, be a city/county/country value in the state field, or require Salesforce metadata expansion. Client/source-data owner must confirm the intended address."
Needs Client Clarification,PersonMailingState,California,Indonesia,ID,,1,"State cannot be deterministically mapped for the current row. It may conflict with the country, be a city/county/country value in the state field, or require Salesforce metadata expansion. Client/source-data owner must confirm the intended address."
Needs Client Clarification,PersonMailingState,California,jordan,JO,,1,"State cannot be deterministically mapped for the current row. It may conflict with the country, be a city/county/country value in the state field, or require Salesforce metadata expansion. Client/source-data owner must confirm the intended address."
Needs Client Clarification,PersonMailingState,California,Libya,LY,,1,"State cannot be deterministically mapped for the current row. It may conflict with the country, be a city/county/country value in the state field, or require Salesforce metadata expansion. Client/source-data owner must confirm the intended address."
Needs Client Clarification,PersonMailingState,California,Luxembourg,LU,,1,"State cannot be deterministically mapped for the current row. It may conflict with the country, be a city/county/country value in the state field, or require Salesforce metadata expansion. Client/source-data owner must confirm the intended address."
Needs Client Clarification,PersonMailingState,California,Madagascar,MG,,1,"State cannot be deterministically mapped for the current row. It may conflict with the country, be a city/county/country value in the state field, or require Salesforce metadata expansion. Client/source-data owner must confirm the intended address."
Needs Client Clarification,PersonMailingState,CALIFORNIA,Mexico,MX,,1,"State cannot be deterministically mapped for the current row. It may conflict with the country, be a city/county/country value in the state field, or require Salesforce metadata expansion. Client/source-data owner must confirm the intended address."
Needs Client Clarification,PersonMailingState,California,Mongolia,MN,,1,"State cannot be deterministically mapped for the current row. It may conflict with the country, be a city/county/country value in the state field, or require Salesforce metadata expansion. Client/source-data owner must confirm the intended address."
Needs Client Clarification,PersonMailingState,California,Oman,OM,,1,"State cannot be deterministically mapped for the current row. It may conflict with the country, be a city/county/country value in the state field, or require Salesforce metadata expansion. Client/source-data owner must confirm the intended address."
Needs Client Clarification,PersonMailingState,California,Panama,PA,,1,"State cannot be deterministically mapped for the current row. It may conflict with the country, be a city/county/country value in the state field, or require Salesforce metadata expansion. Client/source-data owner must confirm the intended address."
Needs Client Clarification,PersonMailingState,California,Pitcairn,PN,,1,"State cannot be deterministically mapped for the current row. It may conflict with the country, be a city/county/country value in the state field, or require Salesforce metadata expansion. Client/source-data owner must confirm the intended address."
Needs Client Clarification,PersonMailingState,California,Rwanda,RW,,1,"State cannot be deterministically mapped for the current row. It may conflict with the country, be a city/county/country value in the state field, or require Salesforce metadata expansion. Client/source-data owner must confirm the intended address."
Needs Client Clarification,PersonMailingState,California,Saint Lucia,LC,,1,"State cannot be deterministically mapped for the current row. It may conflict with the country, be a city/county/country value in the state field, or require Salesforce metadata expansion. Client/source-data owner must confirm the intended address."
Needs Client Clarification,PersonMailingState,California,Serbia,RS,,1,"State cannot be deterministically mapped for the current row. It may conflict with the country, be a city/county/country value in the state field, or require Salesforce metadata expansion. Client/source-data owner must confirm the intended address."
Needs Client Clarification,PersonMailingState,California,Slovakia,SK,,1,"State cannot be deterministically mapped for the current row. It may conflict with the country, be a city/county/country value in the state field, or require Salesforce metadata expansion. Client/source-data owner must confirm the intended address."
Needs Client Clarification,PersonMailingState,CALIFORNIA,Spain,ES,,1,"State cannot be deterministically mapped for the current row. It may conflict with the country, be a city/county/country value in the state field, or require Salesforce metadata expansion. Client/source-data owner must confirm the intended address."
Needs Client Clarification,PersonMailingState,California,Thailand,TH,,1,"State cannot be deterministically mapped for the current row. It may conflict with the country, be a city/county/country value in the state field, or require Salesforce metadata expansion. Client/source-data owner must confirm the intended address."
Needs Client Clarification,PersonMailingState,California,Tunisia,TN,,1,"State cannot be deterministically mapped for the current row. It may conflict with the country, be a city/county/country value in the state field, or require Salesforce metadata expansion. Client/source-data owner must confirm the intended address."
Needs Client Clarification,PersonMailingState,California,Vietnam,VN,,1,"State cannot be deterministically mapped for the current row. It may conflict with the country, be a city/county/country value in the state field, or require Salesforce metadata expansion. Client/source-data owner must confirm the intended address."
Needs Client Clarification,PersonMailingState,California,Zambia,ZM,,1,"State cannot be deterministically mapped for the current row. It may conflict with the country, be a city/county/country value in the state field, or require Salesforce metadata expansion. Client/source-data owner must confirm the intended address."
Needs Client Clarification,PersonMailingState,California,Zimbabwe,ZW,,1,"State cannot be deterministically mapped for the current row. It may conflict with the country, be a city/county/country value in the state field, or require Salesforce metadata expansion. Client/source-data owner must confirm the intended address."
Fixable by Code Update,PersonMailingState,CALIFORONIA,United States,US,CA,1,Script can normalize state 'CALIFORONIA' with country 'United States' to PersonMailingCountryCode 'US' and PersonMailingStateCode 'CA'.
Needs Client Clarification,PersonMailingState,CALLAO,Peru,PE,,1,"State cannot be deterministically mapped for the current row. It may conflict with the country, be a city/county/country value in the state field, or require Salesforce metadata expansion. Client/source-data owner must confirm the intended address."
Needs Client Clarification,PersonMailingState,CALLE 12 NO 9 98,Colombia,CO,,1,"State cannot be deterministically mapped for the current row. It may conflict with the country, be a city/county/country value in the state field, or require Salesforce metadata expansion. Client/source-data owner must confirm the intended address."
Needs Client Clarification,PersonMailingState,CAL,United States,US,,1,"State cannot be deterministically mapped for the current row. It may conflict with the country, be a city/county/country value in the state field, or require Salesforce metadata expansion. Client/source-data owner must confirm the intended address."
Needs Client Clarification,PersonMailingState,CAMBRIDGESHIRES,United Kingdom,GB,,1,"State cannot be deterministically mapped for the current row. It may conflict with the country, be a city/county/country value in the state field, or require Salesforce metadata expansion. Client/source-data owner must confirm the intended address."
Needs Client Clarification,PersonMailingState,CANADA,United States,US,,1,"State cannot be deterministically mapped for the current row. It may conflict with the country, be a city/county/country value in the state field, or require Salesforce metadata expansion. Client/source-data owner must confirm the intended address."
Needs Client Clarification,PersonMailingState,CAOYO,Nigeria,NG,,1,"State cannot be deterministically mapped for the current row. It may conflict with the country, be a city/county/country value in the state field, or require Salesforce metadata expansion. Client/source-data owner must confirm the intended address."
Needs Client Clarification,PersonMailingState,CAPITAL FEDERAL,Argentina,AR,,1,"State cannot be deterministically mapped for the current row. It may conflict with the country, be a city/county/country value in the state field, or require Salesforce metadata expansion. Client/source-data owner must confirm the intended address."
Needs Client Clarification,PersonMailingState,CARDIFF,United Kingdom,GB,,1,"State cannot be deterministically mapped for the current row. It may conflict with the country, be a city/county/country value in the state field, or require Salesforce metadata expansion. Client/source-data owner must confirm the intended address."
Needs Client Clarification,PersonMailingState,CARIBBEAN,Cayman Islands,KY,,1,"State cannot be deterministically mapped for the current row. It may conflict with the country, be a city/county/country value in the state field, or require Salesforce metadata expansion. Client/source-data owner must confirm the intended address."
Needs Client Clarification,PersonMailingState,CARIBBEAN,Trinidad and Tobago,TT,,1,"State cannot be deterministically mapped for the current row. It may conflict with the country, be a city/county/country value in the state field, or require Salesforce metadata expansion. Client/source-data owner must confirm the intended address."
Needs Client Clarification,PersonMailingState,CARINTHIA,Austria,AT,,1,"State cannot be deterministically mapped for the current row. It may conflict with the country, be a city/county/country value in the state field, or require Salesforce metadata expansion. Client/source-data owner must confirm the intended address."
Needs Client Clarification,PersonMailingState,CATOLONIA,Spain,ES,,1,"State cannot be deterministically mapped for the current row. It may conflict with the country, be a city/county/country value in the state field, or require Salesforce metadata expansion. Client/source-data owner must confirm the intended address."
Needs Client Clarification,PersonMailingState,CATX,United States,US,,1,"State cannot be deterministically mapped for the current row. It may conflict with the country, be a city/county/country value in the state field, or require Salesforce metadata expansion. Client/source-data owner must confirm the intended address."
Needs Client Clarification,PersonMailingState,CAUCASUS,Georgia,GE,,1,"State cannot be deterministically mapped for the current row. It may conflict with the country, be a city/county/country value in the state field, or require Salesforce metadata expansion. Client/source-data owner must confirm the intended address."
Needs Client Clarification,PersonMailingState,Cayman Islands,Cayman Islands,KY,,1,"State cannot be deterministically mapped for the current row. It may conflict with the country, be a city/county/country value in the state field, or require Salesforce metadata expansion. Client/source-data owner must confirm the intended address."
Needs Client Clarification,PersonMailingState,CAYO,Belize,BZ,,1,"State cannot be deterministically mapped for the current row. It may conflict with the country, be a city/county/country value in the state field, or require Salesforce metadata expansion. Client/source-data owner must confirm the intended address."
Needs Client Clarification,PersonMailingState,CAYON,Saint Kitts and Nevis,KN,,1,"State cannot be deterministically mapped for the current row. It may conflict with the country, be a city/county/country value in the state field, or require Salesforce metadata expansion. Client/source-data owner must confirm the intended address."
Needs Client Clarification,PersonMailingState,CAZXC,United States,US,,1,"State cannot be deterministically mapped for the current row. It may conflict with the country, be a city/county/country value in the state field, or require Salesforce metadata expansion. Client/source-data owner must confirm the intended address."
Needs Client Clarification,PersonMailingState,CA浙江,China,CN,,1,"State cannot be deterministically mapped for the current row. It may conflict with the country, be a city/county/country value in the state field, or require Salesforce metadata expansion. Client/source-data owner must confirm the intended address."
Needs Client Clarification,PersonMailingState,CA陕西省,China,CN,,1,"State cannot be deterministically mapped for the current row. It may conflict with the country, be a city/county/country value in the state field, or require Salesforce metadata expansion. Client/source-data owner must confirm the intended address."
Needs Client Clarification,PersonMailingState,CEBU CITY- REGION VI,Philippines,PH,,1,"State cannot be deterministically mapped for the current row. It may conflict with the country, be a city/county/country value in the state field, or require Salesforce metadata expansion. Client/source-data owner must confirm the intended address."
Needs Client Clarification,PersonMailingState,CE,Israel,IL,,1,"State cannot be deterministically mapped for the current row. It may conflict with the country, be a city/county/country value in the state field, or require Salesforce metadata expansion. Client/source-data owner must confirm the intended address."
Needs Client Clarification,PersonMailingState,CENTER,Cameroon,CM,,1,"State cannot be deterministically mapped for the current row. It may conflict with the country, be a city/county/country value in the state field, or require Salesforce metadata expansion. Client/source-data owner must confirm the intended address."
Needs Client Clarification,PersonMailingState,CENTRAL AMERICA,Costa Rica,CR,,1,"State cannot be deterministically mapped for the current row. It may conflict with the country, be a city/county/country value in the state field, or require Salesforce metadata expansion. Client/source-data owner must confirm the intended address."
Needs Client Clarification,PersonMailingState,CENTRAL JAVA,Indonesia,ID,,1,"State cannot be deterministically mapped for the current row. It may conflict with the country, be a city/county/country value in the state field, or require Salesforce metadata expansion. Client/source-data owner must confirm the intended address."
Needs Client Clarification,PersonMailingState,CENTRAL MACEDONIA,Greece,GR,,1,"State cannot be deterministically mapped for the current row. It may conflict with the country, be a city/county/country value in the state field, or require Salesforce metadata expansion. Client/source-data owner must confirm the intended address."
Needs Client Clarification,PersonMailingState,CENTRAL,Fiji,FJ,,1,"State cannot be deterministically mapped for the current row. It may conflict with the country, be a city/county/country value in the state field, or require Salesforce metadata expansion. Client/source-data owner must confirm the intended address."
Needs Client Clarification,PersonMailingState,CENTRAL,Lebanon,LB,,1,"State cannot be deterministically mapped for the current row. It may conflict with the country, be a city/county/country value in the state field, or require Salesforce metadata expansion. Client/source-data owner must confirm the intended address."
Needs Client Clarification,PersonMailingState,CENTRE,Cameroon,CM,,1,"State cannot be deterministically mapped for the current row. It may conflict with the country, be a city/county/country value in the state field, or require Salesforce metadata expansion. Client/source-data owner must confirm the intended address."
Needs Client Clarification,PersonMailingState,CENTRUM,Poland,PL,,1,"State cannot be deterministically mapped for the current row. It may conflict with the country, be a city/county/country value in the state field, or require Salesforce metadata expansion. Client/source-data owner must confirm the intended address."
Needs Client Clarification,PersonMailingState,CHALANDRI,Greece,GR,,1,"State cannot be deterministically mapped for the current row. It may conflict with the country, be a city/county/country value in the state field, or require Salesforce metadata expansion. Client/source-data owner must confirm the intended address."
Needs Client Clarification,PersonMailingState,CHANGHUA,Taiwan,TW,,1,"State cannot be deterministically mapped for the current row. It may conflict with the country, be a city/county/country value in the state field, or require Salesforce metadata expansion. Client/source-data owner must confirm the intended address."
Needs Client Clarification,PersonMailingState,CHAOYANG,China,CN,,1,"State cannot be deterministically mapped for the current row. It may conflict with the country, be a city/county/country value in the state field, or require Salesforce metadata expansion. Client/source-data owner must confirm the intended address."
Needs Client Clarification,PersonMailingState,CHARENTE,France,FR,,1,"State cannot be deterministically mapped for the current row. It may conflict with the country, be a city/county/country value in the state field, or require Salesforce metadata expansion. Client/source-data owner must confirm the intended address."
Needs Client Clarification,PersonMailingState,CHATISGARH,India,IN,,1,"State cannot be deterministically mapped for the current row. It may conflict with the country, be a city/county/country value in the state field, or require Salesforce metadata expansion. Client/source-data owner must confirm the intended address."
Needs Client Clarification,PersonMailingState,CHATTISGARH,India,IN,,1,"State cannot be deterministically mapped for the current row. It may conflict with the country, be a city/county/country value in the state field, or require Salesforce metadata expansion. Client/source-data owner must confirm the intended address."
Needs Client Clarification,PersonMailingState,CHENG DU,China,CN,,1,"State cannot be deterministically mapped for the current row. It may conflict with the country, be a city/county/country value in the state field, or require Salesforce metadata expansion. Client/source-data owner must confirm the intended address."
Needs Client Clarification,PersonMailingState,Chengdu,China,CN,,1,"State cannot be deterministically mapped for the current row. It may conflict with the country, be a city/county/country value in the state field, or require Salesforce metadata expansion. Client/source-data owner must confirm the intended address."
Needs Client Clarification,PersonMailingState,CHIANG MAI,Thailand,TH,,1,"State cannot be deterministically mapped for the current row. It may conflict with the country, be a city/county/country value in the state field, or require Salesforce metadata expansion. Client/source-data owner must confirm the intended address."
Needs Client Clarification,PersonMailingState,CHINA MAINLAND,China,CN,,1,"State cannot be deterministically mapped for the current row. It may conflict with the country, be a city/county/country value in the state field, or require Salesforce metadata expansion. Client/source-data owner must confirm the intended address."
Needs Client Clarification,PersonMailingState,"CHINA,HUNAN,CHANGSHA",China,CN,,1,"State cannot be deterministically mapped for the current row. It may conflict with the country, be a city/county/country value in the state field, or require Salesforce metadata expansion. Client/source-data owner must confirm the intended address."
Needs Client Clarification,PersonMailingState,CHINA/ANHUI/WUHU,China,CN,,1,"State cannot be deterministically mapped for the current row. It may conflict with the country, be a city/county/country value in the state field, or require Salesforce metadata expansion. Client/source-data owner must confirm the intended address."
Needs Client Clarification,PersonMailingState,CHINA/GUANGZHOU PROV,China,CN,,1,"State cannot be deterministically mapped for the current row. It may conflict with the country, be a city/county/country value in the state field, or require Salesforce metadata expansion. Client/source-data owner must confirm the intended address."
Needs Client Clarification,PersonMailingState,CHINA/HUBEI,China,CN,,1,"State cannot be deterministically mapped for the current row. It may conflict with the country, be a city/county/country value in the state field, or require Salesforce metadata expansion. Client/source-data owner must confirm the intended address."
Needs Client Clarification,PersonMailingState,CHINA/JIANGSU/YANGZH,China,CN,,1,"State cannot be deterministically mapped for the current row. It may conflict with the country, be a city/county/country value in the state field, or require Salesforce metadata expansion. Client/source-data owner must confirm the intended address."
Needs Client Clarification,PersonMailingState,CHINA/ZHEJIANG/HANGZ,China,CN,,1,"State cannot be deterministically mapped for the current row. It may conflict with the country, be a city/county/country value in the state field, or require Salesforce metadata expansion. Client/source-data owner must confirm the intended address."
Needs Client Clarification,PersonMailingState,CHISINAU,"Moldova, Republic Of",MD,,1,"State cannot be deterministically mapped for the current row. It may conflict with the country, be a city/county/country value in the state field, or require Salesforce metadata expansion. Client/source-data owner must confirm the intended address."
Needs Client Clarification,PersonMailingState,CHONGQINCHONGQING,China,CN,,1,"State cannot be deterministically mapped for the current row. It may conflict with the country, be a city/county/country value in the state field, or require Salesforce metadata expansion. Client/source-data owner must confirm the intended address."
Needs Client Clarification,PersonMailingState,CHOOSE FROM,United States,US,,1,"State cannot be deterministically mapped for the current row. It may conflict with the country, be a city/county/country value in the state field, or require Salesforce metadata expansion. Client/source-data owner must confirm the intended address."
Needs Client Clarification,PersonMailingState,CHOOSE ONE...,Morocco,MA,,1,"State cannot be deterministically mapped for the current row. It may conflict with the country, be a city/county/country value in the state field, or require Salesforce metadata expansion. Client/source-data owner must confirm the intended address."
Needs Client Clarification,PersonMailingState,CHOOSE ONE...,United States,US,,1,"State cannot be deterministically mapped for the current row. It may conflict with the country, be a city/county/country value in the state field, or require Salesforce metadata expansion. Client/source-data owner must confirm the intended address."
Needs Client Clarification,PersonMailingState,CHRIST CHURCH,Barbados,BB,,1,"State cannot be deterministically mapped for the current row. It may conflict with the country, be a city/county/country value in the state field, or require Salesforce metadata expansion. Client/source-data owner must confirm the intended address."
Needs Client Clarification,PersonMailingState,CHUKHA,Bhutan,BT,,1,"State cannot be deterministically mapped for the current row. It may conflict with the country, be a city/county/country value in the state field, or require Salesforce metadata expansion. Client/source-data owner must confirm the intended address."
Needs Client Clarification,PersonMailingState,CHUOKU,Japan,JP,,1,"State cannot be deterministically mapped for the current row. It may conflict with the country, be a city/county/country value in the state field, or require Salesforce metadata expansion. Client/source-data owner must confirm the intended address."
Needs Client Clarification,PersonMailingState,CIRENCESTER,United Kingdom,GB,,1,"State cannot be deterministically mapped for the current row. It may conflict with the country, be a city/county/country value in the state field, or require Salesforce metadata expansion. Client/source-data owner must confirm the intended address."
Needs Client Clarification,PersonMailingState,CKRY,Guinea,GN,,1,"State cannot be deterministically mapped for the current row. It may conflict with the country, be a city/county/country value in the state field, or require Salesforce metadata expansion. Client/source-data owner must confirm the intended address."
Needs Client Clarification,PersonMailingState,CL SANTIAGO MAIPU,Chile,CL,,1,"State cannot be deterministically mapped for the current row. It may conflict with the country, be a city/county/country value in the state field, or require Salesforce metadata expansion. Client/source-data owner must confirm the intended address."
Needs Client Clarification,PersonMailingState,CLARK,United States,US,,1,"State cannot be deterministically mapped for the current row. It may conflict with the country, be a city/county/country value in the state field, or require Salesforce metadata expansion. Client/source-data owner must confirm the intended address."
Needs Client Clarification,PersonMailingState,CLINTON,United States,US,,1,"State cannot be deterministically mapped for the current row. It may conflict with the country, be a city/county/country value in the state field, or require Salesforce metadata expansion. Client/source-data owner must confirm the intended address."
Needs Client Clarification,PersonMailingState,CO GALWAY,Ireland,IE,,1,"State cannot be deterministically mapped for the current row. It may conflict with the country, be a city/county/country value in the state field, or require Salesforce metadata expansion. Client/source-data owner must confirm the intended address."
Needs Client Clarification,PersonMailingState,CO TIPPERARY,Ireland,IE,,1,"State cannot be deterministically mapped for the current row. It may conflict with the country, be a city/county/country value in the state field, or require Salesforce metadata expansion. Client/source-data owner must confirm the intended address."
Needs Client Clarification,PersonMailingState,"CO, WICKLOW",Ireland,IE,,1,"State cannot be deterministically mapped for the current row. It may conflict with the country, be a city/county/country value in the state field, or require Salesforce metadata expansion. Client/source-data owner must confirm the intended address."
Needs Client Clarification,PersonMailingState,CO. DUBLIN,Ireland,IE,,1,"State cannot be deterministically mapped for the current row. It may conflict with the country, be a city/county/country value in the state field, or require Salesforce metadata expansion. Client/source-data owner must confirm the intended address."
Needs Client Clarification,PersonMailingState,COAST,Kenya,KE,,1,"State cannot be deterministically mapped for the current row. It may conflict with the country, be a city/county/country value in the state field, or require Salesforce metadata expansion. Client/source-data owner must confirm the intended address."
Needs Client Clarification,PersonMailingState,COLINA,Chile,CL,,1,"State cannot be deterministically mapped for the current row. It may conflict with the country, be a city/county/country value in the state field, or require Salesforce metadata expansion. Client/source-data owner must confirm the intended address."
Needs Client Clarification,PersonMailingState,COLLIN,United States,US,,1,"State cannot be deterministically mapped for the current row. It may conflict with the country, be a city/county/country value in the state field, or require Salesforce metadata expansion. Client/source-data owner must confirm the intended address."
Needs Client Clarification,PersonMailingState,COLOGNY,Switzerland,CH,,1,"State cannot be deterministically mapped for the current row. It may conflict with the country, be a city/county/country value in the state field, or require Salesforce metadata expansion. Client/source-data owner must confirm the intended address."
Needs Client Clarification,PersonMailingState,Colombia,Colombia,CO,,1,"State cannot be deterministically mapped for the current row. It may conflict with the country, be a city/county/country value in the state field, or require Salesforce metadata expansion. Client/source-data owner must confirm the intended address."
Needs Client Clarification,PersonMailingState,COLOMBIA,United States,US,,1,"State cannot be deterministically mapped for the current row. It may conflict with the country, be a city/county/country value in the state field, or require Salesforce metadata expansion. Client/source-data owner must confirm the intended address."
Needs Client Clarification,PersonMailingState,COLOMBO-15,Sri Lanka,LK,,1,"State cannot be deterministically mapped for the current row. It may conflict with the country, be a city/county/country value in the state field, or require Salesforce metadata expansion. Client/source-data owner must confirm the intended address."
Needs Client Clarification,PersonMailingState,COLOMBO,Sri Lanka,LK,,1,"State cannot be deterministically mapped for the current row. It may conflict with the country, be a city/county/country value in the state field, or require Salesforce metadata expansion. Client/source-data owner must confirm the intended address."
Needs Client Clarification,PersonMailingState,Colorado,Honduras,HN,,1,"State cannot be deterministically mapped for the current row. It may conflict with the country, be a city/county/country value in the state field, or require Salesforce metadata expansion. Client/source-data owner must confirm the intended address."
Needs Client Clarification,PersonMailingState,CONAKRY,Guinea,GN,,1,"State cannot be deterministically mapped for the current row. It may conflict with the country, be a city/county/country value in the state field, or require Salesforce metadata expansion. Client/source-data owner must confirm the intended address."
Needs Client Clarification,PersonMailingState,Connecticut,Peru,PE,,1,"State cannot be deterministically mapped for the current row. It may conflict with the country, be a city/county/country value in the state field, or require Salesforce metadata expansion. Client/source-data owner must confirm the intended address."
Needs Client Clarification,PersonMailingState,COPENHAGEN NV,Denmark,DK,,1,"State cannot be deterministically mapped for the current row. It may conflict with the country, be a city/county/country value in the state field, or require Salesforce metadata expansion. Client/source-data owner must confirm the intended address."
Needs Client Clarification,PersonMailingState,COPPERBELT,Zambia,ZM,,1,"State cannot be deterministically mapped for the current row. It may conflict with the country, be a city/county/country value in the state field, or require Salesforce metadata expansion. Client/source-data owner must confirm the intended address."
Needs Client Clarification,PersonMailingState,CORNWALL,United States,US,,1,"State cannot be deterministically mapped for the current row. It may conflict with the country, be a city/county/country value in the state field, or require Salesforce metadata expansion. Client/source-data owner must confirm the intended address."
Needs Client Clarification,PersonMailingState,CORTES,Honduras,HN,,1,"State cannot be deterministically mapped for the current row. It may conflict with the country, be a city/county/country value in the state field, or require Salesforce metadata expansion. Client/source-data owner must confirm the intended address."
Needs Client Clarification,PersonMailingState,COUNTY,Germany,DE,,1,"State cannot be deterministically mapped for the current row. It may conflict with the country, be a city/county/country value in the state field, or require Salesforce metadata expansion. Client/source-data owner must confirm the intended address."
Needs Client Clarification,PersonMailingState,CPH,Denmark,DK,,1,"State cannot be deterministically mapped for the current row. It may conflict with the country, be a city/county/country value in the state field, or require Salesforce metadata expansion. Client/source-data owner must confirm the intended address."
Needs Client Clarification,PersonMailingState,CQ,China,CN,,1,"State cannot be deterministically mapped for the current row. It may conflict with the country, be a city/county/country value in the state field, or require Salesforce metadata expansion. Client/source-data owner must confirm the intended address."
Needs Client Clarification,PersonMailingState,CROYDON,United Kingdom,GB,,1,"State cannot be deterministically mapped for the current row. It may conflict with the country, be a city/county/country value in the state field, or require Salesforce metadata expansion. Client/source-data owner must confirm the intended address."
Fixable by Code Update,PersonMailingState,CS,Italy,IT,CS,1,Script can normalize state 'CS' with country 'Italy' to PersonMailingCountryCode 'IT' and PersonMailingStateCode 'CS'.
Fixable by Code Update,PersonMailingState,CT.,United States,US,CT,1,Script can normalize state 'CT.' with country 'United States' to PersonMailingCountryCode 'US' and PersonMailingStateCode 'CT'.
Needs Client Clarification,PersonMailingState,CUIDAD GUATEMALA,Guatemala,GT,,1,"State cannot be deterministically mapped for the current row. It may conflict with the country, be a city/county/country value in the state field, or require Salesforce metadata expansion. Client/source-data owner must confirm the intended address."
Needs Client Clarification,PersonMailingState,CUMBRIA,United States,US,,1,"State cannot be deterministically mapped for the current row. It may conflict with the country, be a city/county/country value in the state field, or require Salesforce metadata expansion. Client/source-data owner must confirm the intended address."
Needs Client Clarification,PersonMailingState,CUNDINAMARCA COLOMBI,Colombia,CO,,1,"State cannot be deterministically mapped for the current row. It may conflict with the country, be a city/county/country value in the state field, or require Salesforce metadata expansion. Client/source-data owner must confirm the intended address."
Needs Client Clarification,PersonMailingState,Cundinamarca,Colombia,CO,,1,"State cannot be deterministically mapped for the current row. It may conflict with the country, be a city/county/country value in the state field, or require Salesforce metadata expansion. Client/source-data owner must confirm the intended address."
Needs Client Clarification,PersonMailingState,CUREPIPE,Mauritius,MU,,1,"State cannot be deterministically mapped for the current row. It may conflict with the country, be a city/county/country value in the state field, or require Salesforce metadata expansion. Client/source-data owner must confirm the intended address."
Needs Client Clarification,PersonMailingState,CUSCO,peru,PE,,1,"State cannot be deterministically mapped for the current row. It may conflict with the country, be a city/county/country value in the state field, or require Salesforce metadata expansion. Client/source-data owner must confirm the intended address."
Needs Client Clarification,PersonMailingState,CYCLADES,Greece,GR,,1,"State cannot be deterministically mapped for the current row. It may conflict with the country, be a city/county/country value in the state field, or require Salesforce metadata expansion. Client/source-data owner must confirm the intended address."
Needs Client Clarification,PersonMailingState,CY,Cyprus,CY,,1,"State cannot be deterministically mapped for the current row. It may conflict with the country, be a city/county/country value in the state field, or require Salesforce metadata expansion. Client/source-data owner must confirm the intended address."
Needs Client Clarification,PersonMailingState,CYPRUS,Cyprus,CY,,1,"State cannot be deterministically mapped for the current row. It may conflict with the country, be a city/county/country value in the state field, or require Salesforce metadata expansion. Client/source-data owner must confirm the intended address."
Needs Client Clarification,PersonMailingState,D.C.,United States,US,,1,"State cannot be deterministically mapped for the current row. It may conflict with the country, be a city/county/country value in the state field, or require Salesforce metadata expansion. Client/source-data owner must confirm the intended address."
Needs Client Clarification,PersonMailingState,D.F.,Mexico,MX,,1,"State cannot be deterministically mapped for the current row. It may conflict with the country, be a city/county/country value in the state field, or require Salesforce metadata expansion. Client/source-data owner must confirm the intended address."
Needs Client Clarification,PersonMailingState,DABOUQ,Jordan,JO,,1,"State cannot be deterministically mapped for the current row. It may conflict with the country, be a city/county/country value in the state field, or require Salesforce metadata expansion. Client/source-data owner must confirm the intended address."
Needs Client Clarification,PersonMailingState,DADRA AND NAGAR HAVE,India,IN,,1,"State cannot be deterministically mapped for the current row. It may conflict with the country, be a city/county/country value in the state field, or require Salesforce metadata expansion. Client/source-data owner must confirm the intended address."
Needs Client Clarification,PersonMailingState,DAKHALIA,Oman,OM,,1,"State cannot be deterministically mapped for the current row. It may conflict with the country, be a city/county/country value in the state field, or require Salesforce metadata expansion. Client/source-data owner must confirm the intended address."
Needs Client Clarification,PersonMailingState,DAMIETTA,Egypt,EG,,1,"State cannot be deterministically mapped for the current row. It may conflict with the country, be a city/county/country value in the state field, or require Salesforce metadata expansion. Client/source-data owner must confirm the intended address."
Needs Client Clarification,PersonMailingState,DANSHUI DISTRICT,Taiwan,TW,,1,"State cannot be deterministically mapped for the current row. It may conflict with the country, be a city/county/country value in the state field, or require Salesforce metadata expansion. Client/source-data owner must confirm the intended address."
Needs Client Clarification,PersonMailingState,DAYKUNDI_ALAWDAL,Afghanistan,AF,,1,"State cannot be deterministically mapped for the current row. It may conflict with the country, be a city/county/country value in the state field, or require Salesforce metadata expansion. Client/source-data owner must confirm the intended address."
Needs Client Clarification,PersonMailingState,DDDDD,Bangladesh,BD,,1,"State cannot be deterministically mapped for the current row. It may conflict with the country, be a city/county/country value in the state field, or require Salesforce metadata expansion. Client/source-data owner must confirm the intended address."
Needs Client Clarification,PersonMailingState,DEKALB,United States,US,,1,"State cannot be deterministically mapped for the current row. It may conflict with the country, be a city/county/country value in the state field, or require Salesforce metadata expansion. Client/source-data owner must confirm the intended address."
Needs Client Clarification,PersonMailingState,DELTA,Nigeria,NG,,1,"State cannot be deterministically mapped for the current row. It may conflict with the country, be a city/county/country value in the state field, or require Salesforce metadata expansion. Client/source-data owner must confirm the intended address."
Needs Client Clarification,PersonMailingState,DENBIGHSHIRE,United Kingdom,GB,,1,"State cannot be deterministically mapped for the current row. It may conflict with the country, be a city/county/country value in the state field, or require Salesforce metadata expansion. Client/source-data owner must confirm the intended address."
Needs Client Clarification,PersonMailingState,DERBYSHIRE,United Kingdom,GB,,1,"State cannot be deterministically mapped for the current row. It may conflict with the country, be a city/county/country value in the state field, or require Salesforce metadata expansion. Client/source-data owner must confirm the intended address."
Needs Client Clarification,PersonMailingState,DERRY,United Kingdom,GB,,1,"State cannot be deterministically mapped for the current row. It may conflict with the country, be a city/county/country value in the state field, or require Salesforce metadata expansion. Client/source-data owner must confirm the intended address."
Needs Client Clarification,PersonMailingState,DF,Argentina,AR,,1,"State cannot be deterministically mapped for the current row. It may conflict with the country, be a city/county/country value in the state field, or require Salesforce metadata expansion. Client/source-data owner must confirm the intended address."
Fixable by Code Update,PersonMailingState,DF,BRAZIL,BR,DF,1,Script can normalize state 'DF' with country 'BRAZIL' to PersonMailingCountryCode 'BR' and PersonMailingStateCode 'DF'.
Needs Client Clarification,PersonMailingState,DF,United States,US,,1,"State cannot be deterministically mapped for the current row. It may conflict with the country, be a city/county/country value in the state field, or require Salesforce metadata expansion. Client/source-data owner must confirm the intended address."
Needs Client Clarification,PersonMailingState,DHANKUTA,Nepal,NP,,1,"State cannot be deterministically mapped for the current row. It may conflict with the country, be a city/county/country value in the state field, or require Salesforce metadata expansion. Client/source-data owner must confirm the intended address."
Needs Client Clarification,PersonMailingState,DHANMONDI,Bangladesh,BD,,1,"State cannot be deterministically mapped for the current row. It may conflict with the country, be a city/county/country value in the state field, or require Salesforce metadata expansion. Client/source-data owner must confirm the intended address."
Needs Client Clarification,PersonMailingState,DIF,Mexico,MX,,1,"State cannot be deterministically mapped for the current row. It may conflict with the country, be a city/county/country value in the state field, or require Salesforce metadata expansion. Client/source-data owner must confirm the intended address."
Needs Client Clarification,PersonMailingState,DISTRICT 1,Romania,RO,,1,"State cannot be deterministically mapped for the current row. It may conflict with the country, be a city/county/country value in the state field, or require Salesforce metadata expansion. Client/source-data owner must confirm the intended address."
Needs Client Clarification,PersonMailingState,DISTRITO FEDERAL,MEXICO,MX,,1,"State cannot be deterministically mapped for the current row. It may conflict with the country, be a city/county/country value in the state field, or require Salesforce metadata expansion. Client/source-data owner must confirm the intended address."
Needs Client Clarification,PersonMailingState,DK,,,,1,"State cannot be deterministically mapped for the current row. It may conflict with the country, be a city/county/country value in the state field, or require Salesforce metadata expansion. Client/source-data owner must confirm the intended address."
Needs Client Clarification,PersonMailingState,DKI,Indonesia,ID,,1,"State cannot be deterministically mapped for the current row. It may conflict with the country, be a city/county/country value in the state field, or require Salesforce metadata expansion. Client/source-data owner must confirm the intended address."
Needs Client Clarification,PersonMailingState,DN,Dominican Republic,DO,,1,"State cannot be deterministically mapped for the current row. It may conflict with the country, be a city/county/country value in the state field, or require Salesforce metadata expansion. Client/source-data owner must confirm the intended address."
Needs Client Clarification,PersonMailingState,DNIPROPETROVSKA OBLA,Ukraine,UA,,1,"State cannot be deterministically mapped for the current row. It may conflict with the country, be a city/county/country value in the state field, or require Salesforce metadata expansion. Client/source-data owner must confirm the intended address."
Needs Client Clarification,PersonMailingState,DNIPROPETROVSK,Ukraine,UA,,1,"State cannot be deterministically mapped for the current row. It may conflict with the country, be a city/county/country value in the state field, or require Salesforce metadata expansion. Client/source-data owner must confirm the intended address."
Needs Client Clarification,PersonMailingState,DOKKI,Egypt,EG,,1,"State cannot be deterministically mapped for the current row. It may conflict with the country, be a city/county/country value in the state field, or require Salesforce metadata expansion. Client/source-data owner must confirm the intended address."
Needs Client Clarification,PersonMailingState,DORDOGNE,France,FR,,1,"State cannot be deterministically mapped for the current row. It may conflict with the country, be a city/county/country value in the state field, or require Salesforce metadata expansion. Client/source-data owner must confirm the intended address."
Needs Client Clarification,PersonMailingState,DRAVEIL,France,FR,,1,"State cannot be deterministically mapped for the current row. It may conflict with the country, be a city/county/country value in the state field, or require Salesforce metadata expansion. Client/source-data owner must confirm the intended address."
Needs Client Clarification,PersonMailingState,DRENTHE,Netherlands,NL,,1,"State cannot be deterministically mapped for the current row. It may conflict with the country, be a city/county/country value in the state field, or require Salesforce metadata expansion. Client/source-data owner must confirm the intended address."
Needs Client Clarification,PersonMailingState,DR,Netherlands,NL,,1,"State cannot be deterministically mapped for the current row. It may conflict with the country, be a city/county/country value in the state field, or require Salesforce metadata expansion. Client/source-data owner must confirm the intended address."
Needs Client Clarification,PersonMailingState,DR,United States,US,,1,"State cannot be deterministically mapped for the current row. It may conflict with the country, be a city/county/country value in the state field, or require Salesforce metadata expansion. Client/source-data owner must confirm the intended address."
Needs Client Clarification,PersonMailingState,DRUTEN,Netherlands,NL,,1,"State cannot be deterministically mapped for the current row. It may conflict with the country, be a city/county/country value in the state field, or require Salesforce metadata expansion. Client/source-data owner must confirm the intended address."
Needs Client Clarification,PersonMailingState,DUARTE,Dominican Republic,DO,,1,"State cannot be deterministically mapped for the current row. It may conflict with the country, be a city/county/country value in the state field, or require Salesforce metadata expansion. Client/source-data owner must confirm the intended address."
Needs Client Clarification,PersonMailingState,"DUBAI, UAE",United Arab Emirates,AE,,1,"State cannot be deterministically mapped for the current row. It may conflict with the country, be a city/county/country value in the state field, or require Salesforce metadata expansion. Client/source-data owner must confirm the intended address."
Needs Client Clarification,PersonMailingState,DUBAI,United Arab emirates,AE,,1,"State cannot be deterministically mapped for the current row. It may conflict with the country, be a city/county/country value in the state field, or require Salesforce metadata expansion. Client/source-data owner must confirm the intended address."
Needs Client Clarification,PersonMailingState,DUBLIN 4,Ireland,IE,,1,"State cannot be deterministically mapped for the current row. It may conflict with the country, be a city/county/country value in the state field, or require Salesforce metadata expansion. Client/source-data owner must confirm the intended address."
Needs Client Clarification,PersonMailingState,DUBLIN 9,Ireland,IE,,1,"State cannot be deterministically mapped for the current row. It may conflict with the country, be a city/county/country value in the state field, or require Salesforce metadata expansion. Client/source-data owner must confirm the intended address."
Needs Client Clarification,PersonMailingState,DUQUE DE CAXIAS,BRAZIL,BR,,1,"State cannot be deterministically mapped for the current row. It may conflict with the country, be a city/county/country value in the state field, or require Salesforce metadata expansion. Client/source-data owner must confirm the intended address."
Needs Client Clarification,PersonMailingState,DU,United Arab Emirates,AE,,1,"State cannot be deterministically mapped for the current row. It may conflict with the country, be a city/county/country value in the state field, or require Salesforce metadata expansion. Client/source-data owner must confirm the intended address."
Needs Client Clarification,PersonMailingState,EALING,United Kingdom,GB,,1,"State cannot be deterministically mapped for the current row. It may conflict with the country, be a city/county/country value in the state field, or require Salesforce metadata expansion. Client/source-data owner must confirm the intended address."
Needs Client Clarification,PersonMailingState,EA,Saudi Arabia,SA,,1,"State cannot be deterministically mapped for the current row. It may conflict with the country, be a city/county/country value in the state field, or require Salesforce metadata expansion. Client/source-data owner must confirm the intended address."
Needs Client Clarification,PersonMailingState,EAST MIDLANDS,United Kingdom,GB,,1,"State cannot be deterministically mapped for the current row. It may conflict with the country, be a city/county/country value in the state field, or require Salesforce metadata expansion. Client/source-data owner must confirm the intended address."
Needs Client Clarification,PersonMailingState,EAST NUSA TENGGARA,Indonesia,ID,,1,"State cannot be deterministically mapped for the current row. It may conflict with the country, be a city/county/country value in the state field, or require Salesforce metadata expansion. Client/source-data owner must confirm the intended address."
Needs Client Clarification,PersonMailingState,EAST RENFREWSHIRE,United Kingdom,GB,,1,"State cannot be deterministically mapped for the current row. It may conflict with the country, be a city/county/country value in the state field, or require Salesforce metadata expansion. Client/source-data owner must confirm the intended address."
Needs Client Clarification,PersonMailingState,EASTER PROVINCE,Saudi Arabia,SA,,1,"State cannot be deterministically mapped for the current row. It may conflict with the country, be a city/county/country value in the state field, or require Salesforce metadata expansion. Client/source-data owner must confirm the intended address."
Needs Client Clarification,PersonMailingState,EAST,Singapore,SG,,1,"State cannot be deterministically mapped for the current row. It may conflict with the country, be a city/county/country value in the state field, or require Salesforce metadata expansion. Client/source-data owner must confirm the intended address."
Needs Client Clarification,PersonMailingState,ECUADOR,ECUADOR,EC,,1,"State cannot be deterministically mapped for the current row. It may conflict with the country, be a city/county/country value in the state field, or require Salesforce metadata expansion. Client/source-data owner must confirm the intended address."
Needs Client Clarification,PersonMailingState,EDO STATE,Nigeria,NG,,1,"State cannot be deterministically mapped for the current row. It may conflict with the country, be a city/county/country value in the state field, or require Salesforce metadata expansion. Client/source-data owner must confirm the intended address."
Needs Client Clarification,PersonMailingState,EDO,Nigeria,NG,,1,"State cannot be deterministically mapped for the current row. It may conflict with the country, be a city/county/country value in the state field, or require Salesforce metadata expansion. Client/source-data owner must confirm the intended address."
Needs Client Clarification,PersonMailingState,EGBT,China,CN,,1,"State cannot be deterministically mapped for the current row. It may conflict with the country, be a city/county/country value in the state field, or require Salesforce metadata expansion. Client/source-data owner must confirm the intended address."
Needs Client Clarification,PersonMailingState,EGY,Egypt,EG,,1,"State cannot be deterministically mapped for the current row. It may conflict with the country, be a city/county/country value in the state field, or require Salesforce metadata expansion. Client/source-data owner must confirm the intended address."
Needs Client Clarification,PersonMailingState,EGYPT / AL AJMI /AL,Egypt,EG,,1,"State cannot be deterministically mapped for the current row. It may conflict with the country, be a city/county/country value in the state field, or require Salesforce metadata expansion. Client/source-data owner must confirm the intended address."
Needs Client Clarification,PersonMailingState,EGYPT/CAIRO/HELWAN,Egypt,EG,,1,"State cannot be deterministically mapped for the current row. It may conflict with the country, be a city/county/country value in the state field, or require Salesforce metadata expansion. Client/source-data owner must confirm the intended address."
Needs Client Clarification,PersonMailingState,EIKSMARKA,Norway,NO,,1,"State cannot be deterministically mapped for the current row. It may conflict with the country, be a city/county/country value in the state field, or require Salesforce metadata expansion. Client/source-data owner must confirm the intended address."
Needs Client Clarification,PersonMailingState,EIRE,Ireland,IE,,1,"State cannot be deterministically mapped for the current row. It may conflict with the country, be a city/county/country value in the state field, or require Salesforce metadata expansion. Client/source-data owner must confirm the intended address."
Needs Client Clarification,PersonMailingState,EL HASA PROVINCE (EA,Saudi Arabia,SA,,1,"State cannot be deterministically mapped for the current row. It may conflict with the country, be a city/county/country value in the state field, or require Salesforce metadata expansion. Client/source-data owner must confirm the intended address."
Needs Client Clarification,PersonMailingState,EL SALVADOR,El Salvador,SV,,1,"State cannot be deterministically mapped for the current row. It may conflict with the country, be a city/county/country value in the state field, or require Salesforce metadata expansion. Client/source-data owner must confirm the intended address."
Needs Client Clarification,PersonMailingState,EL SHARKIA /AWLAD SA,Egypt,EG,,1,"State cannot be deterministically mapped for the current row. It may conflict with the country, be a city/county/country value in the state field, or require Salesforce metadata expansion. Client/source-data owner must confirm the intended address."
Needs Client Clarification,PersonMailingState,ELBIHERA,Egypt,EG,,1,"State cannot be deterministically mapped for the current row. It may conflict with the country, be a city/county/country value in the state field, or require Salesforce metadata expansion. Client/source-data owner must confirm the intended address."
Needs Client Clarification,PersonMailingState,ELNOZHA,Egypt,EG,,1,"State cannot be deterministically mapped for the current row. It may conflict with the country, be a city/county/country value in the state field, or require Salesforce metadata expansion. Client/source-data owner must confirm the intended address."
Needs Client Clarification,PersonMailingState,ELOUED,Algeria,DZ,,1,"State cannot be deterministically mapped for the current row. It may conflict with the country, be a city/county/country value in the state field, or require Salesforce metadata expansion. Client/source-data owner must confirm the intended address."
Needs Client Clarification,PersonMailingState,ELPAZAR,Egypt,EG,,1,"State cannot be deterministically mapped for the current row. It may conflict with the country, be a city/county/country value in the state field, or require Salesforce metadata expansion. Client/source-data owner must confirm the intended address."
Needs Client Clarification,PersonMailingState,E,Mexico,MX,,1,"State cannot be deterministically mapped for the current row. It may conflict with the country, be a city/county/country value in the state field, or require Salesforce metadata expansion. Client/source-data owner must confirm the intended address."
Needs Client Clarification,PersonMailingState,EMILIA-ROMAGNA,Italy,IT,,1,"State cannot be deterministically mapped for the current row. It may conflict with the country, be a city/county/country value in the state field, or require Salesforce metadata expansion. Client/source-data owner must confirm the intended address."
Needs Client Clarification,PersonMailingState,ENG,United Kingdom,GB,,1,"State cannot be deterministically mapped for the current row. It may conflict with the country, be a city/county/country value in the state field, or require Salesforce metadata expansion. Client/source-data owner must confirm the intended address."
Needs Client Clarification,PersonMailingState,EP,Saudi Arabia,SA,,1,"State cannot be deterministically mapped for the current row. It may conflict with the country, be a city/county/country value in the state field, or require Salesforce metadata expansion. Client/source-data owner must confirm the intended address."
Needs Client Clarification,PersonMailingState,ESCALDES ENGORDANY,Andorra,AD,,1,"State cannot be deterministically mapped for the current row. It may conflict with the country, be a city/county/country value in the state field, or require Salesforce metadata expansion. Client/source-data owner must confirm the intended address."
Needs Client Clarification,PersonMailingState,ESCH/ALZETTE,Luxembourg,LU,,1,"State cannot be deterministically mapped for the current row. It may conflict with the country, be a city/county/country value in the state field, or require Salesforce metadata expansion. Client/source-data owner must confirm the intended address."
Needs Client Clarification,PersonMailingState,ESTELI,Nicaragua,NI,,1,"State cannot be deterministically mapped for the current row. It may conflict with the country, be a city/county/country value in the state field, or require Salesforce metadata expansion. Client/source-data owner must confirm the intended address."
Needs Client Clarification,PersonMailingState,ESTONIA,Estonia,EE,,1,"State cannot be deterministically mapped for the current row. It may conflict with the country, be a city/county/country value in the state field, or require Salesforce metadata expansion. Client/source-data owner must confirm the intended address."
Needs Client Clarification,PersonMailingState,EU,,,,1,"State cannot be deterministically mapped for the current row. It may conflict with the country, be a city/county/country value in the state field, or require Salesforce metadata expansion. Client/source-data owner must confirm the intended address."
Needs Client Clarification,PersonMailingState,EU,France,FR,,1,"State cannot be deterministically mapped for the current row. It may conflict with the country, be a city/county/country value in the state field, or require Salesforce metadata expansion. Client/source-data owner must confirm the intended address."
Needs Client Clarification,PersonMailingState,EU,Hungary,HU,,1,"State cannot be deterministically mapped for the current row. It may conflict with the country, be a city/county/country value in the state field, or require Salesforce metadata expansion. Client/source-data owner must confirm the intended address."
Needs Client Clarification,PersonMailingState,EUROPE,Germany,DE,,1,"State cannot be deterministically mapped for the current row. It may conflict with the country, be a city/county/country value in the state field, or require Salesforce metadata expansion. Client/source-data owner must confirm the intended address."
Needs Client Clarification,PersonMailingState,EUROPE,Hungary,HU,,1,"State cannot be deterministically mapped for the current row. It may conflict with the country, be a city/county/country value in the state field, or require Salesforce metadata expansion. Client/source-data owner must confirm the intended address."
Needs Client Clarification,PersonMailingState,EUROPE,Malta,MT,,1,"State cannot be deterministically mapped for the current row. It may conflict with the country, be a city/county/country value in the state field, or require Salesforce metadata expansion. Client/source-data owner must confirm the intended address."
Needs Client Clarification,PersonMailingState,EUROPE,Slovakia,SK,,1,"State cannot be deterministically mapped for the current row. It may conflict with the country, be a city/county/country value in the state field, or require Salesforce metadata expansion. Client/source-data owner must confirm the intended address."
Needs Client Clarification,PersonMailingState,EUROPE,United States,US,,1,"State cannot be deterministically mapped for the current row. It may conflict with the country, be a city/county/country value in the state field, or require Salesforce metadata expansion. Client/source-data owner must confirm the intended address."
Needs Client Clarification,PersonMailingState,EVN,Armenia,AM,,1,"State cannot be deterministically mapped for the current row. It may conflict with the country, be a city/county/country value in the state field, or require Salesforce metadata expansion. Client/source-data owner must confirm the intended address."
Needs Client Clarification,PersonMailingState,FAQOUS,Egypt,EG,,1,"State cannot be deterministically mapped for the current row. It may conflict with the country, be a city/county/country value in the state field, or require Salesforce metadata expansion. Client/source-data owner must confirm the intended address."
Needs Client Clarification,PersonMailingState,FAR NORTH,New Zealand,NZ,,1,"State cannot be deterministically mapped for the current row. It may conflict with the country, be a city/county/country value in the state field, or require Salesforce metadata expansion. Client/source-data owner must confirm the intended address."
Needs Client Clarification,PersonMailingState,FARO,Portugal,PT,,1,"State cannot be deterministically mapped for the current row. It may conflict with the country, be a city/county/country value in the state field, or require Salesforce metadata expansion. Client/source-data owner must confirm the intended address."
Needs Client Clarification,PersonMailingState,FCO MORAZAN,Honduras,HN,,1,"State cannot be deterministically mapped for the current row. It may conflict with the country, be a city/county/country value in the state field, or require Salesforce metadata expansion. Client/source-data owner must confirm the intended address."
Needs Client Clarification,PersonMailingState,FCT ABUJA,Nigeria,NG,,1,"State cannot be deterministically mapped for the current row. It may conflict with the country, be a city/county/country value in the state field, or require Salesforce metadata expansion. Client/source-data owner must confirm the intended address."
Needs Client Clarification,PersonMailingState,FCT,NIGERIA,NG,,1,"State cannot be deterministically mapped for the current row. It may conflict with the country, be a city/county/country value in the state field, or require Salesforce metadata expansion. Client/source-data owner must confirm the intended address."
Needs Client Clarification,PersonMailingState,FEDERAL CAPITAL TERR,Nigeria,NG,,1,"State cannot be deterministically mapped for the current row. It may conflict with the country, be a city/county/country value in the state field, or require Salesforce metadata expansion. Client/source-data owner must confirm the intended address."
Needs Client Clarification,PersonMailingState,FEDERAL TERRITORY,Malaysia,MY,,1,"State cannot be deterministically mapped for the current row. It may conflict with the country, be a city/county/country value in the state field, or require Salesforce metadata expansion. Client/source-data owner must confirm the intended address."
Needs Client Clarification,PersonMailingState,FEDERATION OF BOSNIA,Bosnia and Herzegovina,BA,,1,"State cannot be deterministically mapped for the current row. It may conflict with the country, be a city/county/country value in the state field, or require Salesforce metadata expansion. Client/source-data owner must confirm the intended address."
Fixable by Code Update,PersonMailingState,FI,Italy,IT,FI,1,Script can normalize state 'FI' with country 'Italy' to PersonMailingCountryCode 'IT' and PersonMailingStateCode 'FI'.
Needs Client Clarification,PersonMailingState,FINISTERE,France,FR,,1,"State cannot be deterministically mapped for the current row. It may conflict with the country, be a city/county/country value in the state field, or require Salesforce metadata expansion. Client/source-data owner must confirm the intended address."
Needs Client Clarification,PersonMailingState,FINLAND,Finland,FI,,1,"State cannot be deterministically mapped for the current row. It may conflict with the country, be a city/county/country value in the state field, or require Salesforce metadata expansion. Client/source-data owner must confirm the intended address."
Needs Client Clarification,PersonMailingState,FINLAND,United States,US,,1,"State cannot be deterministically mapped for the current row. It may conflict with the country, be a city/county/country value in the state field, or require Salesforce metadata expansion. Client/source-data owner must confirm the intended address."
Needs Client Clarification,PersonMailingState,FLEMISH BRABANT,Belgium,BE,,1,"State cannot be deterministically mapped for the current row. It may conflict with the country, be a city/county/country value in the state field, or require Salesforce metadata expansion. Client/source-data owner must confirm the intended address."
Needs Client Clarification,PersonMailingState,FLEVOLAND,Netherlands,NL,,1,"State cannot be deterministically mapped for the current row. It may conflict with the country, be a city/county/country value in the state field, or require Salesforce metadata expansion. Client/source-data owner must confirm the intended address."
Needs Client Clarification,PersonMailingState,FLORIDA,Ukraine,UA,,1,"State cannot be deterministically mapped for the current row. It may conflict with the country, be a city/county/country value in the state field, or require Salesforce metadata expansion. Client/source-data owner must confirm the intended address."
Needs Client Clarification,PersonMailingState,FOREIGN,Finland,FI,,1,"State cannot be deterministically mapped for the current row. It may conflict with the country, be a city/county/country value in the state field, or require Salesforce metadata expansion. Client/source-data owner must confirm the intended address."
Needs Client Clarification,PersonMailingState,FRANCE (+33),France,FR,,1,"State cannot be deterministically mapped for the current row. It may conflict with the country, be a city/county/country value in the state field, or require Salesforce metadata expansion. Client/source-data owner must confirm the intended address."
Needs Client Clarification,PersonMailingState,FRANCE GRENOBLE,France,FR,,1,"State cannot be deterministically mapped for the current row. It may conflict with the country, be a city/county/country value in the state field, or require Salesforce metadata expansion. Client/source-data owner must confirm the intended address."
Needs Client Clarification,PersonMailingState,FREETOWN,Sierra Leone,SL,,1,"State cannot be deterministically mapped for the current row. It may conflict with the country, be a city/county/country value in the state field, or require Salesforce metadata expansion. Client/source-data owner must confirm the intended address."
Needs Client Clarification,PersonMailingState,FRIBOURG,Switzerland,CH,,1,"State cannot be deterministically mapped for the current row. It may conflict with the country, be a city/county/country value in the state field, or require Salesforce metadata expansion. Client/source-data owner must confirm the intended address."
Needs Client Clarification,PersonMailingState,FRIESLAND,Netherlands,NL,,1,"State cannot be deterministically mapped for the current row. It may conflict with the country, be a city/county/country value in the state field, or require Salesforce metadata expansion. Client/source-data owner must confirm the intended address."
Needs Client Clarification,PersonMailingState,FRIULI VENEZIA-GIULI,Italy,IT,,1,"State cannot be deterministically mapped for the current row. It may conflict with the country, be a city/county/country value in the state field, or require Salesforce metadata expansion. Client/source-data owner must confirm the intended address."
Needs Client Clarification,PersonMailingState,FSFSFSF,Pakistan,PK,,1,"State cannot be deterministically mapped for the current row. It may conflict with the country, be a city/county/country value in the state field, or require Salesforce metadata expansion. Client/source-data owner must confirm the intended address."
Needs Client Clarification,PersonMailingState,FT,,,,1,"State cannot be deterministically mapped for the current row. It may conflict with the country, be a city/county/country value in the state field, or require Salesforce metadata expansion. Client/source-data owner must confirm the intended address."
Needs Client Clarification,PersonMailingState,FUJAIRAH,United Arab Emirates,AE,,1,"State cannot be deterministically mapped for the current row. It may conflict with the country, be a city/county/country value in the state field, or require Salesforce metadata expansion. Client/source-data owner must confirm the intended address."
Needs Client Clarification,PersonMailingState,FYN,Denmark,DK,,1,"State cannot be deterministically mapped for the current row. It may conflict with the country, be a city/county/country value in the state field, or require Salesforce metadata expansion. Client/source-data owner must confirm the intended address."
Needs Client Clarification,PersonMailingState,GA - GEORGIA,United States,US,,1,"State cannot be deterministically mapped for the current row. It may conflict with the country, be a city/county/country value in the state field, or require Salesforce metadata expansion. Client/source-data owner must confirm the intended address."
Needs Client Clarification,PersonMailingState,GAITENG,South Africa,ZA,,1,"State cannot be deterministically mapped for the current row. It may conflict with the country, be a city/county/country value in the state field, or require Salesforce metadata expansion. Client/source-data owner must confirm the intended address."
Needs Client Clarification,PersonMailingState,GALATSI,Greece,GR,,1,"State cannot be deterministically mapped for the current row. It may conflict with the country, be a city/county/country value in the state field, or require Salesforce metadata expansion. Client/source-data owner must confirm the intended address."
Needs Client Clarification,PersonMailingState,GALES,United Kingdom,GB,,1,"State cannot be deterministically mapped for the current row. It may conflict with the country, be a city/county/country value in the state field, or require Salesforce metadata expansion. Client/source-data owner must confirm the intended address."
Needs Client Clarification,PersonMailingState,GANSU PROVINCE,China,CN,,1,"State cannot be deterministically mapped for the current row. It may conflict with the country, be a city/county/country value in the state field, or require Salesforce metadata expansion. Client/source-data owner must confirm the intended address."
Needs Client Clarification,PersonMailingState,GASABO,Rwanda,RW,,1,"State cannot be deterministically mapped for the current row. It may conflict with the country, be a city/county/country value in the state field, or require Salesforce metadata expansion. Client/source-data owner must confirm the intended address."
Needs Client Clarification,PersonMailingState,GAUTENG CA,South Africa,ZA,,1,"State cannot be deterministically mapped for the current row. It may conflict with the country, be a city/county/country value in the state field, or require Salesforce metadata expansion. Client/source-data owner must confirm the intended address."
Needs Client Clarification,PersonMailingState,GD,China,CN,,1,"State cannot be deterministically mapped for the current row. It may conflict with the country, be a city/county/country value in the state field, or require Salesforce metadata expansion. Client/source-data owner must confirm the intended address."
Needs Client Clarification,PersonMailingState,GD,CHINA,CN,,1,"State cannot be deterministically mapped for the current row. It may conflict with the country, be a city/county/country value in the state field, or require Salesforce metadata expansion. Client/source-data owner must confirm the intended address."
Needs Client Clarification,PersonMailingState,GELDLAND,Netherlands,NL,,1,"State cannot be deterministically mapped for the current row. It may conflict with the country, be a city/county/country value in the state field, or require Salesforce metadata expansion. Client/source-data owner must confirm the intended address."
Needs Client Clarification,PersonMailingState,GENTOFTE,Denmark,DK,,1,"State cannot be deterministically mapped for the current row. It may conflict with the country, be a city/county/country value in the state field, or require Salesforce metadata expansion. Client/source-data owner must confirm the intended address."
Needs Client Clarification,PersonMailingState,GEOGIA,United States,US,,1,"State cannot be deterministically mapped for the current row. It may conflict with the country, be a city/county/country value in the state field, or require Salesforce metadata expansion. Client/source-data owner must confirm the intended address."
Needs Client Clarification,PersonMailingState,Georgia,Georgia,GE,,1,"State cannot be deterministically mapped for the current row. It may conflict with the country, be a city/county/country value in the state field, or require Salesforce metadata expansion. Client/source-data owner must confirm the intended address."
Needs Client Clarification,PersonMailingState,GERMANY/BAVARIA,Germany,DE,,1,"State cannot be deterministically mapped for the current row. It may conflict with the country, be a city/county/country value in the state field, or require Salesforce metadata expansion. Client/source-data owner must confirm the intended address."
Needs Client Clarification,PersonMailingState,Germany,Germany,DE,,1,"State cannot be deterministically mapped for the current row. It may conflict with the country, be a city/county/country value in the state field, or require Salesforce metadata expansion. Client/source-data owner must confirm the intended address."
Needs Client Clarification,PersonMailingState,GGGGGG,United States,US,,1,"State cannot be deterministically mapped for the current row. It may conflict with the country, be a city/county/country value in the state field, or require Salesforce metadata expansion. Client/source-data owner must confirm the intended address."
Needs Client Clarification,PersonMailingState,GH,,,,1,"State cannot be deterministically mapped for the current row. It may conflict with the country, be a city/county/country value in the state field, or require Salesforce metadata expansion. Client/source-data owner must confirm the intended address."
Needs Client Clarification,PersonMailingState,GHARBIA,Egypt,EG,,1,"State cannot be deterministically mapped for the current row. It may conflict with the country, be a city/county/country value in the state field, or require Salesforce metadata expansion. Client/source-data owner must confirm the intended address."
Needs Client Clarification,PersonMailingState,GHARDAIA,Algeria,DZ,,1,"State cannot be deterministically mapped for the current row. It may conflict with the country, be a city/county/country value in the state field, or require Salesforce metadata expansion. Client/source-data owner must confirm the intended address."
Needs Client Clarification,PersonMailingState,GH,Ghana,GH,,1,"State cannot be deterministically mapped for the current row. It may conflict with the country, be a city/county/country value in the state field, or require Salesforce metadata expansion. Client/source-data owner must confirm the intended address."
Needs Client Clarification,PersonMailingState,GIANGSU,China,CN,,1,"State cannot be deterministically mapped for the current row. It may conflict with the country, be a city/county/country value in the state field, or require Salesforce metadata expansion. Client/source-data owner must confirm the intended address."
Needs Client Clarification,PersonMailingState,GIBRALTAR,Gibraltar,GI,,1,"State cannot be deterministically mapped for the current row. It may conflict with the country, be a city/county/country value in the state field, or require Salesforce metadata expansion. Client/source-data owner must confirm the intended address."
Needs Client Clarification,PersonMailingState,GILGIT BALTISTAN,Pakistan,PK,,1,"State cannot be deterministically mapped for the current row. It may conflict with the country, be a city/county/country value in the state field, or require Salesforce metadata expansion. Client/source-data owner must confirm the intended address."
Needs Client Clarification,PersonMailingState,GIPUZKOA,Spain,ES,,1,"State cannot be deterministically mapped for the current row. It may conflict with the country, be a city/county/country value in the state field, or require Salesforce metadata expansion. Client/source-data owner must confirm the intended address."
Needs Client Clarification,PersonMailingState,GISBORNE,New Zealand,NZ,,1,"State cannot be deterministically mapped for the current row. It may conflict with the country, be a city/county/country value in the state field, or require Salesforce metadata expansion. Client/source-data owner must confirm the intended address."
Needs Client Clarification,PersonMailingState,GJAKOVE,United States,US,,1,"State cannot be deterministically mapped for the current row. It may conflict with the country, be a city/county/country value in the state field, or require Salesforce metadata expansion. Client/source-data owner must confirm the intended address."
Fixable by Code Update,PersonMailingState,GJ,India,IN,GJ,1,Script can normalize state 'GJ' with country 'India' to PersonMailingCountryCode 'IN' and PersonMailingStateCode 'GJ'.
Needs Client Clarification,PersonMailingState,GLASGOW,United Kingdom,GB,,1,"State cannot be deterministically mapped for the current row. It may conflict with the country, be a city/county/country value in the state field, or require Salesforce metadata expansion. Client/source-data owner must confirm the intended address."
Needs Client Clarification,PersonMailingState,GLOUCESTERSHIRE,United Kingdom,GB,,1,"State cannot be deterministically mapped for the current row. It may conflict with the country, be a city/county/country value in the state field, or require Salesforce metadata expansion. Client/source-data owner must confirm the intended address."
Needs Client Clarification,PersonMailingState,GNIEZNIENSKI,Poland,PL,,1,"State cannot be deterministically mapped for the current row. It may conflict with the country, be a city/county/country value in the state field, or require Salesforce metadata expansion. Client/source-data owner must confirm the intended address."
Needs Client Clarification,PersonMailingState,GOMBE,Nigeria,NG,,1,"State cannot be deterministically mapped for the current row. It may conflict with the country, be a city/county/country value in the state field, or require Salesforce metadata expansion. Client/source-data owner must confirm the intended address."
Needs Client Clarification,PersonMailingState,GOMEL,Belarus,BY,,1,"State cannot be deterministically mapped for the current row. It may conflict with the country, be a city/county/country value in the state field, or require Salesforce metadata expansion. Client/source-data owner must confirm the intended address."
Needs Client Clarification,PersonMailingState,GOTHENBERG,Sweden,SE,,1,"State cannot be deterministically mapped for the current row. It may conflict with the country, be a city/county/country value in the state field, or require Salesforce metadata expansion. Client/source-data owner must confirm the intended address."
Needs Client Clarification,PersonMailingState,GOWER PENINSULA,United Kingdom,GB,,1,"State cannot be deterministically mapped for the current row. It may conflict with the country, be a city/county/country value in the state field, or require Salesforce metadata expansion. Client/source-data owner must confirm the intended address."
Needs Client Clarification,PersonMailingState,GRAD  ZAGREB,Croatia,HR,,1,"State cannot be deterministically mapped for the current row. It may conflict with the country, be a city/county/country value in the state field, or require Salesforce metadata expansion. Client/source-data owner must confirm the intended address."
Needs Client Clarification,PersonMailingState,GRANADA,Spain,ES,,1,"State cannot be deterministically mapped for the current row. It may conflict with the country, be a city/county/country value in the state field, or require Salesforce metadata expansion. Client/source-data owner must confirm the intended address."
Needs Client Clarification,PersonMailingState,GRAND BAHAMA,Bahamas,BS,,1,"State cannot be deterministically mapped for the current row. It may conflict with the country, be a city/county/country value in the state field, or require Salesforce metadata expansion. Client/source-data owner must confirm the intended address."
Needs Client Clarification,PersonMailingState,GRAND CASABLANCA,Morocco,MA,,1,"State cannot be deterministically mapped for the current row. It may conflict with the country, be a city/county/country value in the state field, or require Salesforce metadata expansion. Client/source-data owner must confirm the intended address."
Needs Client Clarification,PersonMailingState,GRAUBUENDEN,Switzerland,CH,,1,"State cannot be deterministically mapped for the current row. It may conflict with the country, be a city/county/country value in the state field, or require Salesforce metadata expansion. Client/source-data owner must confirm the intended address."
Needs Client Clarification,PersonMailingState,GREAT LONDON,United Kingdom,GB,,1,"State cannot be deterministically mapped for the current row. It may conflict with the country, be a city/county/country value in the state field, or require Salesforce metadata expansion. Client/source-data owner must confirm the intended address."
Needs Client Clarification,PersonMailingState,GREATER BANGKOK,Thailand,TH,,1,"State cannot be deterministically mapped for the current row. It may conflict with the country, be a city/county/country value in the state field, or require Salesforce metadata expansion. Client/source-data owner must confirm the intended address."
Needs Client Clarification,PersonMailingState,GREATER POLAND,Poland,PL,,1,"State cannot be deterministically mapped for the current row. It may conflict with the country, be a city/county/country value in the state field, or require Salesforce metadata expansion. Client/source-data owner must confirm the intended address."
Needs Client Clarification,PersonMailingState,GREATER-ACCRA,Ghana,GH,,1,"State cannot be deterministically mapped for the current row. It may conflict with the country, be a city/county/country value in the state field, or require Salesforce metadata expansion. Client/source-data owner must confirm the intended address."
Needs Client Clarification,PersonMailingState,GREECE,Greece,GR,,1,"State cannot be deterministically mapped for the current row. It may conflict with the country, be a city/county/country value in the state field, or require Salesforce metadata expansion. Client/source-data owner must confirm the intended address."
Needs Client Clarification,PersonMailingState,GREECE,United States,US,,1,"State cannot be deterministically mapped for the current row. It may conflict with the country, be a city/county/country value in the state field, or require Salesforce metadata expansion. Client/source-data owner must confirm the intended address."
Needs Client Clarification,PersonMailingState,GRENADA VILLAGE,New Zealand,NZ,,1,"State cannot be deterministically mapped for the current row. It may conflict with the country, be a city/county/country value in the state field, or require Salesforce metadata expansion. Client/source-data owner must confirm the intended address."
Needs Client Clarification,PersonMailingState,GRONINGEN,Netherlands,NL,,1,"State cannot be deterministically mapped for the current row. It may conflict with the country, be a city/county/country value in the state field, or require Salesforce metadata expansion. Client/source-data owner must confirm the intended address."
Needs Client Clarification,PersonMailingState,GRS,Afghanistan,AF,,1,"State cannot be deterministically mapped for the current row. It may conflict with the country, be a city/county/country value in the state field, or require Salesforce metadata expansion. Client/source-data owner must confirm the intended address."
Needs Client Clarification,PersonMailingState,GR,Switzerland,CH,,1,"State cannot be deterministically mapped for the current row. It may conflict with the country, be a city/county/country value in the state field, or require Salesforce metadata expansion. Client/source-data owner must confirm the intended address."
Needs Client Clarification,PersonMailingState,GT,Guatemala,GT,,1,"State cannot be deterministically mapped for the current row. It may conflict with the country, be a city/county/country value in the state field, or require Salesforce metadata expansion. Client/source-data owner must confirm the intended address."
Needs Client Clarification,PersonMailingState,GUADALAJARA,Spain,ES,,1,"State cannot be deterministically mapped for the current row. It may conflict with the country, be a city/county/country value in the state field, or require Salesforce metadata expansion. Client/source-data owner must confirm the intended address."
Needs Client Clarification,PersonMailingState,GUAGNZHOU,China,CN,,1,"State cannot be deterministically mapped for the current row. It may conflict with the country, be a city/county/country value in the state field, or require Salesforce metadata expansion. Client/source-data owner must confirm the intended address."
Fixable by Salesforce Config,PersonMailingState,Guam,United States,US,,1,State/territory exists in Salesforce Address.settings for this country but is inactive. Salesforce admin must activate it or approve a replacement mapping.
Needs Client Clarification,PersonMailingState,GUANG DONG,China,CN,,1,"State cannot be deterministically mapped for the current row. It may conflict with the country, be a city/county/country value in the state field, or require Salesforce metadata expansion. Client/source-data owner must confirm the intended address."
Needs Client Clarification,PersonMailingState,GUANGDON,China,CN,,1,"State cannot be deterministically mapped for the current row. It may conflict with the country, be a city/county/country value in the state field, or require Salesforce metadata expansion. Client/source-data owner must confirm the intended address."
Needs Client Clarification,PersonMailingState,GUANGXI ZHUANG AUTON,China,CN,,1,"State cannot be deterministically mapped for the current row. It may conflict with the country, be a city/county/country value in the state field, or require Salesforce metadata expansion. Client/source-data owner must confirm the intended address."
Needs Client Clarification,PersonMailingState,GUANGZHOU / GUANGDON,China,CN,,1,"State cannot be deterministically mapped for the current row. It may conflict with the country, be a city/county/country value in the state field, or require Salesforce metadata expansion. Client/source-data owner must confirm the intended address."
Needs Client Clarification,PersonMailingState,GUARULHOS,Brazil,BR,,1,"State cannot be deterministically mapped for the current row. It may conflict with the country, be a city/county/country value in the state field, or require Salesforce metadata expansion. Client/source-data owner must confirm the intended address."
Needs Client Clarification,PersonMailingState,GUATEMALA,United States,US,,1,"State cannot be deterministically mapped for the current row. It may conflict with the country, be a city/county/country value in the state field, or require Salesforce metadata expansion. Client/source-data owner must confirm the intended address."
Needs Client Clarification,PersonMailingState,GUIPUZCOA,Spain,ES,,1,"State cannot be deterministically mapped for the current row. It may conflict with the country, be a city/county/country value in the state field, or require Salesforce metadata expansion. Client/source-data owner must confirm the intended address."
Needs Client Clarification,PersonMailingState,GUJ,India,IN,,1,"State cannot be deterministically mapped for the current row. It may conflict with the country, be a city/county/country value in the state field, or require Salesforce metadata expansion. Client/source-data owner must confirm the intended address."
Needs Client Clarification,PersonMailingState,GUMMA-KEN,Japan,JP,,1,"State cannot be deterministically mapped for the current row. It may conflict with the country, be a city/county/country value in the state field, or require Salesforce metadata expansion. Client/source-data owner must confirm the intended address."
Needs Client Clarification,PersonMailingState,GURGAON,India,IN,,1,"State cannot be deterministically mapped for the current row. It may conflict with the country, be a city/county/country value in the state field, or require Salesforce metadata expansion. Client/source-data owner must confirm the intended address."
Needs Client Clarification,PersonMailingState,H.P.,India,IN,,1,"State cannot be deterministically mapped for the current row. It may conflict with the country, be a city/county/country value in the state field, or require Salesforce metadata expansion. Client/source-data owner must confirm the intended address."
Needs Client Clarification,PersonMailingState,HA NOI,United States,US,,1,"State cannot be deterministically mapped for the current row. It may conflict with the country, be a city/county/country value in the state field, or require Salesforce metadata expansion. Client/source-data owner must confirm the intended address."
Needs Client Clarification,PersonMailingState,HA-MERKAZ,Israel,IL,,1,"State cannot be deterministically mapped for the current row. It may conflict with the country, be a city/county/country value in the state field, or require Salesforce metadata expansion. Client/source-data owner must confirm the intended address."
Needs Client Clarification,PersonMailingState,HAAGLAND,Netherlands,NL,,1,"State cannot be deterministically mapped for the current row. It may conflict with the country, be a city/county/country value in the state field, or require Salesforce metadata expansion. Client/source-data owner must confirm the intended address."
Needs Client Clarification,PersonMailingState,HACKNEY,United Kingdom,GB,,1,"State cannot be deterministically mapped for the current row. It may conflict with the country, be a city/county/country value in the state field, or require Salesforce metadata expansion. Client/source-data owner must confirm the intended address."
Needs Client Clarification,PersonMailingState,HAERBIN/HEILONGJIANG,China,CN,,1,"State cannot be deterministically mapped for the current row. It may conflict with the country, be a city/county/country value in the state field, or require Salesforce metadata expansion. Client/source-data owner must confirm the intended address."
Needs Client Clarification,PersonMailingState,HAIFA DISTRICT,Israel,IL,,1,"State cannot be deterministically mapped for the current row. It may conflict with the country, be a city/county/country value in the state field, or require Salesforce metadata expansion. Client/source-data owner must confirm the intended address."
Needs Client Clarification,PersonMailingState,HAIKOU,China,CN,,1,"State cannot be deterministically mapped for the current row. It may conflict with the country, be a city/county/country value in the state field, or require Salesforce metadata expansion. Client/source-data owner must confirm the intended address."
Needs Client Clarification,PersonMailingState,HAINAUT,Belgium,BE,,1,"State cannot be deterministically mapped for the current row. It may conflict with the country, be a city/county/country value in the state field, or require Salesforce metadata expansion. Client/source-data owner must confirm the intended address."
Needs Client Clarification,PersonMailingState,HANGZHOU,China,CN,,1,"State cannot be deterministically mapped for the current row. It may conflict with the country, be a city/county/country value in the state field, or require Salesforce metadata expansion. Client/source-data owner must confirm the intended address."
Needs Client Clarification,PersonMailingState,HANNOVER,Germany,DE,,1,"State cannot be deterministically mapped for the current row. It may conflict with the country, be a city/county/country value in the state field, or require Salesforce metadata expansion. Client/source-data owner must confirm the intended address."
Needs Client Clarification,PersonMailingState,HARARGE,Ethiopia,ET,,1,"State cannot be deterministically mapped for the current row. It may conflict with the country, be a city/county/country value in the state field, or require Salesforce metadata expansion. Client/source-data owner must confirm the intended address."
Needs Client Clarification,PersonMailingState,HARGHITA,Romania,RO,,1,"State cannot be deterministically mapped for the current row. It may conflict with the country, be a city/county/country value in the state field, or require Salesforce metadata expansion. Client/source-data owner must confirm the intended address."
Needs Client Clarification,PersonMailingState,HASHARON,Israel,IL,,1,"State cannot be deterministically mapped for the current row. It may conflict with the country, be a city/county/country value in the state field, or require Salesforce metadata expansion. Client/source-data owner must confirm the intended address."
Needs Client Clarification,PersonMailingState,HAUT-KATANGA,United States,US,,1,"State cannot be deterministically mapped for the current row. It may conflict with the country, be a city/county/country value in the state field, or require Salesforce metadata expansion. Client/source-data owner must confirm the intended address."
Needs Client Clarification,PersonMailingState,HAUTE DE FRANCE,France,FR,,1,"State cannot be deterministically mapped for the current row. It may conflict with the country, be a city/county/country value in the state field, or require Salesforce metadata expansion. Client/source-data owner must confirm the intended address."
Needs Client Clarification,PersonMailingState,HAUTE MATSIATRA,Madagascar,MG,,1,"State cannot be deterministically mapped for the current row. It may conflict with the country, be a city/county/country value in the state field, or require Salesforce metadata expansion. Client/source-data owner must confirm the intended address."
Needs Client Clarification,PersonMailingState,HAUTE SAVOIE,France,FR,,1,"State cannot be deterministically mapped for the current row. It may conflict with the country, be a city/county/country value in the state field, or require Salesforce metadata expansion. Client/source-data owner must confirm the intended address."
Needs Client Clarification,PersonMailingState,HAUTE-VIENNE,France,FR,,1,"State cannot be deterministically mapped for the current row. It may conflict with the country, be a city/county/country value in the state field, or require Salesforce metadata expansion. Client/source-data owner must confirm the intended address."
Needs Client Clarification,PersonMailingState,HAUTES ALPES,France,FR,,1,"State cannot be deterministically mapped for the current row. It may conflict with the country, be a city/county/country value in the state field, or require Salesforce metadata expansion. Client/source-data owner must confirm the intended address."
Needs Client Clarification,PersonMailingState,Hauts De Seine,France,FR,,1,"State cannot be deterministically mapped for the current row. It may conflict with the country, be a city/county/country value in the state field, or require Salesforce metadata expansion. Client/source-data owner must confirm the intended address."
Needs Client Clarification,PersonMailingState,Hawaii,Ukraine,UA,,1,"State cannot be deterministically mapped for the current row. It may conflict with the country, be a city/county/country value in the state field, or require Salesforce metadata expansion. Client/source-data owner must confirm the intended address."
Needs Client Clarification,PersonMailingState,HAWALLY,Kuwait,KW,,1,"State cannot be deterministically mapped for the current row. It may conflict with the country, be a city/county/country value in the state field, or require Salesforce metadata expansion. Client/source-data owner must confirm the intended address."
Needs Client Clarification,PersonMailingState,HE,,,,1,"State cannot be deterministically mapped for the current row. It may conflict with the country, be a city/county/country value in the state field, or require Salesforce metadata expansion. Client/source-data owner must confirm the intended address."
Needs Client Clarification,PersonMailingState,HE XI DISTRICT,China,CN,,1,"State cannot be deterministically mapped for the current row. It may conflict with the country, be a city/county/country value in the state field, or require Salesforce metadata expansion. Client/source-data owner must confirm the intended address."
Needs Client Clarification,PersonMailingState,HE,Germany,DE,,1,"State cannot be deterministically mapped for the current row. It may conflict with the country, be a city/county/country value in the state field, or require Salesforce metadata expansion. Client/source-data owner must confirm the intended address."
Needs Client Clarification,PersonMailingState,H,Egypt,EG,,1,"State cannot be deterministically mapped for the current row. It may conflict with the country, be a city/county/country value in the state field, or require Salesforce metadata expansion. Client/source-data owner must confirm the intended address."
Needs Client Clarification,PersonMailingState,HELLERUP,Denmark,DK,,1,"State cannot be deterministically mapped for the current row. It may conflict with the country, be a city/county/country value in the state field, or require Salesforce metadata expansion. Client/source-data owner must confirm the intended address."
Needs Client Clarification,PersonMailingState,HELWAN,Egypt,EG,,1,"State cannot be deterministically mapped for the current row. It may conflict with the country, be a city/county/country value in the state field, or require Salesforce metadata expansion. Client/source-data owner must confirm the intended address."
Needs Client Clarification,PersonMailingState,HERAULT,France,FR,,1,"State cannot be deterministically mapped for the current row. It may conflict with the country, be a city/county/country value in the state field, or require Salesforce metadata expansion. Client/source-data owner must confirm the intended address."
Needs Client Clarification,PersonMailingState,HERTS,United Kingdom,GB,,1,"State cannot be deterministically mapped for the current row. It may conflict with the country, be a city/county/country value in the state field, or require Salesforce metadata expansion. Client/source-data owner must confirm the intended address."
Needs Client Clarification,PersonMailingState,HFHFHFGH,Holy See (Vatican City State),VA,,1,"State cannot be deterministically mapped for the current row. It may conflict with the country, be a city/county/country value in the state field, or require Salesforce metadata expansion. Client/source-data owner must confirm the intended address."
Needs Client Clarification,PersonMailingState,HH,Germany,DE,,1,"State cannot be deterministically mapped for the current row. It may conflict with the country, be a city/county/country value in the state field, or require Salesforce metadata expansion. Client/source-data owner must confirm the intended address."
Needs Client Clarification,PersonMailingState,HILDBURGHAUSEN,Germany,DE,,1,"State cannot be deterministically mapped for the current row. It may conflict with the country, be a city/county/country value in the state field, or require Salesforce metadata expansion. Client/source-data owner must confirm the intended address."
Needs Client Clarification,PersonMailingState,HILLINGDON,United Kingdom,GB,,1,"State cannot be deterministically mapped for the current row. It may conflict with the country, be a city/county/country value in the state field, or require Salesforce metadata expansion. Client/source-data owner must confirm the intended address."
Needs Client Clarification,PersonMailingState,HIMACHAL,India,IN,,1,"State cannot be deterministically mapped for the current row. It may conflict with the country, be a city/county/country value in the state field, or require Salesforce metadata expansion. Client/source-data owner must confirm the intended address."
Needs Client Clarification,PersonMailingState,HIROSHIMA PREFECTURE,Japan,JP,,1,"State cannot be deterministically mapped for the current row. It may conflict with the country, be a city/county/country value in the state field, or require Salesforce metadata expansion. Client/source-data owner must confirm the intended address."
Needs Client Clarification,PersonMailingState,HK,,,,1,"State cannot be deterministically mapped for the current row. It may conflict with the country, be a city/county/country value in the state field, or require Salesforce metadata expansion. Client/source-data owner must confirm the intended address."
Needs Client Clarification,PersonMailingState,HNZ,Bosnia and Herzegovina,BA,,1,"State cannot be deterministically mapped for the current row. It may conflict with the country, be a city/county/country value in the state field, or require Salesforce metadata expansion. Client/source-data owner must confirm the intended address."
Needs Client Clarification,PersonMailingState,HOLLAND,Netherlands,NL,,1,"State cannot be deterministically mapped for the current row. It may conflict with the country, be a city/county/country value in the state field, or require Salesforce metadata expansion. Client/source-data owner must confirm the intended address."
Needs Client Clarification,PersonMailingState,HONDURAS,Honduras,HN,,1,"State cannot be deterministically mapped for the current row. It may conflict with the country, be a city/county/country value in the state field, or require Salesforce metadata expansion. Client/source-data owner must confirm the intended address."
Needs Client Clarification,PersonMailingState,HONIARA CITY,Solomon Islands,SB,,1,"State cannot be deterministically mapped for the current row. It may conflict with the country, be a city/county/country value in the state field, or require Salesforce metadata expansion. Client/source-data owner must confirm the intended address."
Needs Client Clarification,PersonMailingState,HORDALAND,Norway,NO,,1,"State cannot be deterministically mapped for the current row. It may conflict with the country, be a city/county/country value in the state field, or require Salesforce metadata expansion. Client/source-data owner must confirm the intended address."
Fixable by Code Update,PersonMailingState,HP,India,IN,HP,1,Script can normalize state 'HP' with country 'India' to PersonMailingCountryCode 'IN' and PersonMailingStateCode 'HP'.
Fixable by Code Update,PersonMailingState,HR,India,IN,HR,1,Script can normalize state 'HR' with country 'India' to PersonMailingCountryCode 'IN' and PersonMailingStateCode 'HR'.
Needs Client Clarification,PersonMailingState,HSINCHU COUNTY,Taiwan,TW,,1,"State cannot be deterministically mapped for the current row. It may conflict with the country, be a city/county/country value in the state field, or require Salesforce metadata expansion. Client/source-data owner must confirm the intended address."
Needs Client Clarification,PersonMailingState,HUBEI HUANGSHI,China,CN,,1,"State cannot be deterministically mapped for the current row. It may conflict with the country, be a city/county/country value in the state field, or require Salesforce metadata expansion. Client/source-data owner must confirm the intended address."
Needs Client Clarification,PersonMailingState,HUIXQUILUCAN,Mexico,MX,,1,"State cannot be deterministically mapped for the current row. It may conflict with the country, be a city/county/country value in the state field, or require Salesforce metadata expansion. Client/source-data owner must confirm the intended address."
Needs Client Clarification,PersonMailingState,HUNGARY,Hungary,HU,,1,"State cannot be deterministically mapped for the current row. It may conflict with the country, be a city/county/country value in the state field, or require Salesforce metadata expansion. Client/source-data owner must confirm the intended address."
Needs Client Clarification,PersonMailingState,HUS,Finland,FI,,1,"State cannot be deterministically mapped for the current row. It may conflict with the country, be a city/county/country value in the state field, or require Salesforce metadata expansion. Client/source-data owner must confirm the intended address."
Needs Client Clarification,PersonMailingState,HUSSEIN DEY,Algeria,DZ,,1,"State cannot be deterministically mapped for the current row. It may conflict with the country, be a city/county/country value in the state field, or require Salesforce metadata expansion. Client/source-data owner must confirm the intended address."
Needs Client Clarification,PersonMailingState,HYOGO-PREF JAPAN,Japan,JP,,1,"State cannot be deterministically mapped for the current row. It may conflict with the country, be a city/county/country value in the state field, or require Salesforce metadata expansion. Client/source-data owner must confirm the intended address."
Needs Client Clarification,PersonMailingState,ID IDAHO,United States,US,,1,"State cannot be deterministically mapped for the current row. It may conflict with the country, be a city/county/country value in the state field, or require Salesforce metadata expansion. Client/source-data owner must confirm the intended address."
Needs Client Clarification,PersonMailingState,II,United States,US,,1,"State cannot be deterministically mapped for the current row. It may conflict with the country, be a city/county/country value in the state field, or require Salesforce metadata expansion. Client/source-data owner must confirm the intended address."
Needs Client Clarification,PersonMailingState,IL ILLINOIS,United States,US,,1,"State cannot be deterministically mapped for the current row. It may conflict with the country, be a city/county/country value in the state field, or require Salesforce metadata expansion. Client/source-data owner must confirm the intended address."
Needs Client Clarification,PersonMailingState,ILE -DE-FRANCE,France,FR,,1,"State cannot be deterministically mapped for the current row. It may conflict with the country, be a city/county/country value in the state field, or require Salesforce metadata expansion. Client/source-data owner must confirm the intended address."
Needs Client Clarification,PersonMailingState,ILE DE PARIS,France,FR,,1,"State cannot be deterministically mapped for the current row. It may conflict with the country, be a city/county/country value in the state field, or require Salesforce metadata expansion. Client/source-data owner must confirm the intended address."
Needs Client Clarification,PersonMailingState,ILL.,United States,US,,1,"State cannot be deterministically mapped for the current row. It may conflict with the country, be a city/county/country value in the state field, or require Salesforce metadata expansion. Client/source-data owner must confirm the intended address."
Needs Client Clarification,PersonMailingState,ILLINOIS (IL),United States,US,,1,"State cannot be deterministically mapped for the current row. It may conflict with the country, be a city/county/country value in the state field, or require Salesforce metadata expansion. Client/source-data owner must confirm the intended address."
Needs Client Clarification,PersonMailingState,ILLIONS,United States,US,,1,"State cannot be deterministically mapped for the current row. It may conflict with the country, be a city/county/country value in the state field, or require Salesforce metadata expansion. Client/source-data owner must confirm the intended address."
Needs Client Clarification,PersonMailingState,IMARUI FLORIANOPOLIS,Brazil,BR,,1,"State cannot be deterministically mapped for the current row. It may conflict with the country, be a city/county/country value in the state field, or require Salesforce metadata expansion. Client/source-data owner must confirm the intended address."
Needs Client Clarification,PersonMailingState,IMO STATE CHRISTIAN,Nigeria,NG,,1,"State cannot be deterministically mapped for the current row. It may conflict with the country, be a city/county/country value in the state field, or require Salesforce metadata expansion. Client/source-data owner must confirm the intended address."
Needs Client Clarification,PersonMailingState,IMO STATE,Nigeria,NG,,1,"State cannot be deterministically mapped for the current row. It may conflict with the country, be a city/county/country value in the state field, or require Salesforce metadata expansion. Client/source-data owner must confirm the intended address."
Needs Client Clarification,PersonMailingState,Indiana,india,IN,,1,"State cannot be deterministically mapped for the current row. It may conflict with the country, be a city/county/country value in the state field, or require Salesforce metadata expansion. Client/source-data owner must confirm the intended address."
Needs Client Clarification,PersonMailingState,INDIANA,India,IN,,1,"State cannot be deterministically mapped for the current row. It may conflict with the country, be a city/county/country value in the state field, or require Salesforce metadata expansion. Client/source-data owner must confirm the intended address."
Needs Client Clarification,PersonMailingState,Indiana,Poland,PL,,1,"State cannot be deterministically mapped for the current row. It may conflict with the country, be a city/county/country value in the state field, or require Salesforce metadata expansion. Client/source-data owner must confirm the intended address."
Needs Client Clarification,PersonMailingState,INDIAN,United States,US,,1,"State cannot be deterministically mapped for the current row. It may conflict with the country, be a city/county/country value in the state field, or require Salesforce metadata expansion. Client/source-data owner must confirm the intended address."
Needs Client Clarification,PersonMailingState,INDIEN (INDIA),India,IN,,1,"State cannot be deterministically mapped for the current row. It may conflict with the country, be a city/county/country value in the state field, or require Salesforce metadata expansion. Client/source-data owner must confirm the intended address."
Needs Client Clarification,PersonMailingState,IND,India,IN,,1,"State cannot be deterministically mapped for the current row. It may conflict with the country, be a city/county/country value in the state field, or require Salesforce metadata expansion. Client/source-data owner must confirm the intended address."
Needs Client Clarification,PersonMailingState,INDONESIAN,Indonesia,ID,,1,"State cannot be deterministically mapped for the current row. It may conflict with the country, be a city/county/country value in the state field, or require Salesforce metadata expansion. Client/source-data owner must confirm the intended address."
Needs Client Clarification,PersonMailingState,INDRAPURI,India,IN,,1,"State cannot be deterministically mapped for the current row. It may conflict with the country, be a city/county/country value in the state field, or require Salesforce metadata expansion. Client/source-data owner must confirm the intended address."
Needs Client Clarification,PersonMailingState,INNLANDET,Norway,NO,,1,"State cannot be deterministically mapped for the current row. It may conflict with the country, be a city/county/country value in the state field, or require Salesforce metadata expansion. Client/source-data owner must confirm the intended address."
Needs Client Clarification,PersonMailingState,INTERNATIONAL/OTHER,Brazil,BR,,1,"State cannot be deterministically mapped for the current row. It may conflict with the country, be a city/county/country value in the state field, or require Salesforce metadata expansion. Client/source-data owner must confirm the intended address."
Needs Client Clarification,PersonMailingState,IOWA (IA),United States,US,,1,"State cannot be deterministically mapped for the current row. It may conflict with the country, be a city/county/country value in the state field, or require Salesforce metadata expansion. Client/source-data owner must confirm the intended address."
Needs Client Clarification,PersonMailingState,IQ,Iraq,IQ,,1,"State cannot be deterministically mapped for the current row. It may conflict with the country, be a city/county/country value in the state field, or require Salesforce metadata expansion. Client/source-data owner must confirm the intended address."
Needs Client Clarification,PersonMailingState,ISLAMABAD PAKISTAN,Pakistan,PK,,1,"State cannot be deterministically mapped for the current row. It may conflict with the country, be a city/county/country value in the state field, or require Salesforce metadata expansion. Client/source-data owner must confirm the intended address."
Needs Client Clarification,PersonMailingState,ISLAM,India,IN,,1,"State cannot be deterministically mapped for the current row. It may conflict with the country, be a city/county/country value in the state field, or require Salesforce metadata expansion. Client/source-data owner must confirm the intended address."
Needs Client Clarification,PersonMailingState,ISLAM,Pakistan,PK,,1,"State cannot be deterministically mapped for the current row. It may conflict with the country, be a city/county/country value in the state field, or require Salesforce metadata expansion. Client/source-data owner must confirm the intended address."
Needs Client Clarification,PersonMailingState,ISLAS BALEARES,Spain,ES,,1,"State cannot be deterministically mapped for the current row. It may conflict with the country, be a city/county/country value in the state field, or require Salesforce metadata expansion. Client/source-data owner must confirm the intended address."
Needs Client Clarification,PersonMailingState,ISRAEE,Israel,IL,,1,"State cannot be deterministically mapped for the current row. It may conflict with the country, be a city/county/country value in the state field, or require Salesforce metadata expansion. Client/source-data owner must confirm the intended address."
Needs Client Clarification,PersonMailingState,"ISRAEL, BEER SHEVA",Israel,IL,,1,"State cannot be deterministically mapped for the current row. It may conflict with the country, be a city/county/country value in the state field, or require Salesforce metadata expansion. Client/source-data owner must confirm the intended address."
Needs Client Clarification,PersonMailingState,ISREAL,Israel,IL,,1,"State cannot be deterministically mapped for the current row. It may conflict with the country, be a city/county/country value in the state field, or require Salesforce metadata expansion. Client/source-data owner must confirm the intended address."
Needs Client Clarification,PersonMailingState,IT,,,,1,"State cannot be deterministically mapped for the current row. It may conflict with the country, be a city/county/country value in the state field, or require Salesforce metadata expansion. Client/source-data owner must confirm the intended address."
Needs Client Clarification,PersonMailingState,"ITALIA, LAZIO, ROMA",Italy,IT,,1,"State cannot be deterministically mapped for the current row. It may conflict with the country, be a city/county/country value in the state field, or require Salesforce metadata expansion. Client/source-data owner must confirm the intended address."
Needs Client Clarification,PersonMailingState,ITALY / ROME,Italy,IT,,1,"State cannot be deterministically mapped for the current row. It may conflict with the country, be a city/county/country value in the state field, or require Salesforce metadata expansion. Client/source-data owner must confirm the intended address."
Needs Client Clarification,PersonMailingState,ITALY,United States,US,,1,"State cannot be deterministically mapped for the current row. It may conflict with the country, be a city/county/country value in the state field, or require Salesforce metadata expansion. Client/source-data owner must confirm the intended address."
Needs Client Clarification,PersonMailingState,ITI,Egypt,EG,,1,"State cannot be deterministically mapped for the current row. It may conflict with the country, be a city/county/country value in the state field, or require Salesforce metadata expansion. Client/source-data owner must confirm the intended address."
Needs Client Clarification,PersonMailingState,J=,,,,1,"State cannot be deterministically mapped for the current row. It may conflict with the country, be a city/county/country value in the state field, or require Salesforce metadata expansion. Client/source-data owner must confirm the intended address."
Needs Client Clarification,PersonMailingState,JAKARTA SELATAN,Indonesia,ID,,1,"State cannot be deterministically mapped for the current row. It may conflict with the country, be a city/county/country value in the state field, or require Salesforce metadata expansion. Client/source-data owner must confirm the intended address."
Fixable by Code Update,PersonMailingState,JA,Mexico,MX,JA,1,Script can normalize state 'JA' with country 'Mexico' to PersonMailingCountryCode 'MX' and PersonMailingStateCode 'JA'.
Needs Client Clarification,PersonMailingState,JAMMU PROVINCE,India,IN,,1,"State cannot be deterministically mapped for the current row. It may conflict with the country, be a city/county/country value in the state field, or require Salesforce metadata expansion. Client/source-data owner must confirm the intended address."
Needs Client Clarification,PersonMailingState,JAMMU& KASHMIR,India,IN,,1,"State cannot be deterministically mapped for the current row. It may conflict with the country, be a city/county/country value in the state field, or require Salesforce metadata expansion. Client/source-data owner must confirm the intended address."
Needs Client Clarification,PersonMailingState,JANGSU,China,CN,,1,"State cannot be deterministically mapped for the current row. It may conflict with the country, be a city/county/country value in the state field, or require Salesforce metadata expansion. Client/source-data owner must confirm the intended address."
Needs Client Clarification,PersonMailingState,JARFALLA,Sweden,SE,,1,"State cannot be deterministically mapped for the current row. It may conflict with the country, be a city/county/country value in the state field, or require Salesforce metadata expansion. Client/source-data owner must confirm the intended address."
Needs Client Clarification,PersonMailingState,JAVA,Indonesia,ID,,1,"State cannot be deterministically mapped for the current row. It may conflict with the country, be a city/county/country value in the state field, or require Salesforce metadata expansion. Client/source-data owner must confirm the intended address."
Needs Client Clarification,PersonMailingState,JAWA BARAT,Armenia,AM,,1,"State cannot be deterministically mapped for the current row. It may conflict with the country, be a city/county/country value in the state field, or require Salesforce metadata expansion. Client/source-data owner must confirm the intended address."
Needs Client Clarification,PersonMailingState,JAWA BARAT,Indonesia,ID,,1,"State cannot be deterministically mapped for the current row. It may conflict with the country, be a city/county/country value in the state field, or require Salesforce metadata expansion. Client/source-data owner must confirm the intended address."
Needs Client Clarification,PersonMailingState,JAWA TENGAH,Indonesia,ID,,1,"State cannot be deterministically mapped for the current row. It may conflict with the country, be a city/county/country value in the state field, or require Salesforce metadata expansion. Client/source-data owner must confirm the intended address."
Needs Client Clarification,PersonMailingState,JAWA,Indonesia,ID,,1,"State cannot be deterministically mapped for the current row. It may conflict with the country, be a city/county/country value in the state field, or require Salesforce metadata expansion. Client/source-data owner must confirm the intended address."
Needs Client Clarification,PersonMailingState,JELENIA GORA,Poland,PL,,1,"State cannot be deterministically mapped for the current row. It may conflict with the country, be a city/county/country value in the state field, or require Salesforce metadata expansion. Client/source-data owner must confirm the intended address."
Needs Client Clarification,PersonMailingState,JESSORE,Bangladesh,BD,,1,"State cannot be deterministically mapped for the current row. It may conflict with the country, be a city/county/country value in the state field, or require Salesforce metadata expansion. Client/source-data owner must confirm the intended address."
Needs Client Clarification,PersonMailingState,JEVNAKER,Norway,NO,,1,"State cannot be deterministically mapped for the current row. It may conflict with the country, be a city/county/country value in the state field, or require Salesforce metadata expansion. Client/source-data owner must confirm the intended address."
Needs Client Clarification,PersonMailingState,JHARKAND,India,IN,,1,"State cannot be deterministically mapped for the current row. It may conflict with the country, be a city/county/country value in the state field, or require Salesforce metadata expansion. Client/source-data owner must confirm the intended address."
Needs Client Clarification,PersonMailingState,JHARKHAND,United States,US,,1,"State cannot be deterministically mapped for the current row. It may conflict with the country, be a city/county/country value in the state field, or require Salesforce metadata expansion. Client/source-data owner must confirm the intended address."
Fixable by Code Update,PersonMailingState,JH,India,IN,JH,1,Script can normalize state 'JH' with country 'India' to PersonMailingCountryCode 'IN' and PersonMailingStateCode 'JH'.
Needs Client Clarification,PersonMailingState,JIANGSU  JS,China,CN,,1,"State cannot be deterministically mapped for the current row. It may conflict with the country, be a city/county/country value in the state field, or require Salesforce metadata expansion. Client/source-data owner must confirm the intended address."
Fixable by Code Update,PersonMailingState,JIANGSU / 江苏,China,CN,32,1,Script can normalize state 'JIANGSU / 江苏' with country 'China' to PersonMailingCountryCode 'CN' and PersonMailingStateCode '32'.
Needs Client Clarification,PersonMailingState,JIANGSU/CHINA,China,CN,,1,"State cannot be deterministically mapped for the current row. It may conflict with the country, be a city/county/country value in the state field, or require Salesforce metadata expansion. Client/source-data owner must confirm the intended address."
Needs Client Clarification,PersonMailingState,JIANGSU/NANJING/JIAN,China,CN,,1,"State cannot be deterministically mapped for the current row. It may conflict with the country, be a city/county/country value in the state field, or require Salesforce metadata expansion. Client/source-data owner must confirm the intended address."
Needs Client Clarification,PersonMailingState,JIANGSU/NANJING/QIXI,China,CN,,1,"State cannot be deterministically mapped for the current row. It may conflict with the country, be a city/county/country value in the state field, or require Salesforce metadata expansion. Client/source-data owner must confirm the intended address."
Needs Client Clarification,PersonMailingState,JIANGSU/PUKOU DISTRI,China,CN,,1,"State cannot be deterministically mapped for the current row. It may conflict with the country, be a city/county/country value in the state field, or require Salesforce metadata expansion. Client/source-data owner must confirm the intended address."
Needs Client Clarification,PersonMailingState,JILIN PROVINCE,China,CN,,1,"State cannot be deterministically mapped for the current row. It may conflict with the country, be a city/county/country value in the state field, or require Salesforce metadata expansion. Client/source-data owner must confirm the intended address."
Needs Client Clarification,PersonMailingState,JIOURU TOWNSHIP,Taiwan,TW,,1,"State cannot be deterministically mapped for the current row. It may conflict with the country, be a city/county/country value in the state field, or require Salesforce metadata expansion. Client/source-data owner must confirm the intended address."
Needs Client Clarification,PersonMailingState,JIZAN,Saudi Arabia,SA,,1,"State cannot be deterministically mapped for the current row. It may conflict with the country, be a city/county/country value in the state field, or require Salesforce metadata expansion. Client/source-data owner must confirm the intended address."
Needs Client Clarification,PersonMailingState,JM,Jamaica,JM,,1,"State cannot be deterministically mapped for the current row. It may conflict with the country, be a city/county/country value in the state field, or require Salesforce metadata expansion. Client/source-data owner must confirm the intended address."
Needs Client Clarification,PersonMailingState,JORDAN,Jordan,JO,,1,"State cannot be deterministically mapped for the current row. It may conflict with the country, be a city/county/country value in the state field, or require Salesforce metadata expansion. Client/source-data owner must confirm the intended address."
Needs Client Clarification,PersonMailingState,JP,,,,1,"State cannot be deterministically mapped for the current row. It may conflict with the country, be a city/county/country value in the state field, or require Salesforce metadata expansion. Client/source-data owner must confirm the intended address."
Needs Client Clarification,PersonMailingState,JUBAIL,Saudi Arabia,SA,,1,"State cannot be deterministically mapped for the current row. It may conflict with the country, be a city/county/country value in the state field, or require Salesforce metadata expansion. Client/source-data owner must confirm the intended address."
Needs Client Clarification,PersonMailingState,JULIACA,Peru,PE,,1,"State cannot be deterministically mapped for the current row. It may conflict with the country, be a city/county/country value in the state field, or require Salesforce metadata expansion. Client/source-data owner must confirm the intended address."
Needs Client Clarification,PersonMailingState,JURMALA,Latvia,LV,,1,"State cannot be deterministically mapped for the current row. It may conflict with the country, be a city/county/country value in the state field, or require Salesforce metadata expansion. Client/source-data owner must confirm the intended address."
Needs Client Clarification,PersonMailingState,JUSSY,Switzerland,CH,,1,"State cannot be deterministically mapped for the current row. It may conflict with the country, be a city/county/country value in the state field, or require Salesforce metadata expansion. Client/source-data owner must confirm the intended address."
Needs Client Clarification,PersonMailingState,K7,,,,1,"State cannot be deterministically mapped for the current row. It may conflict with the country, be a city/county/country value in the state field, or require Salesforce metadata expansion. Client/source-data owner must confirm the intended address."
Needs Client Clarification,PersonMailingState,KABUL,Afghanistan,AF,,1,"State cannot be deterministically mapped for the current row. It may conflict with the country, be a city/county/country value in the state field, or require Salesforce metadata expansion. Client/source-data owner must confirm the intended address."
Needs Client Clarification,PersonMailingState,KABYLIE,Algeria,DZ,,1,"State cannot be deterministically mapped for the current row. It may conflict with the country, be a city/county/country value in the state field, or require Salesforce metadata expansion. Client/source-data owner must confirm the intended address."
Needs Client Clarification,PersonMailingState,KANAGAWA PREFECTURE,Japan,JP,,1,"State cannot be deterministically mapped for the current row. It may conflict with the country, be a city/county/country value in the state field, or require Salesforce metadata expansion. Client/source-data owner must confirm the intended address."
Needs Client Clarification,PersonMailingState,KANAGAWA-KEN,Japan,JP,,1,"State cannot be deterministically mapped for the current row. It may conflict with the country, be a city/county/country value in the state field, or require Salesforce metadata expansion. Client/source-data owner must confirm the intended address."
Needs Client Clarification,PersonMailingState,KAOHSIUNG CITY,Taiwan,TW,,1,"State cannot be deterministically mapped for the current row. It may conflict with the country, be a city/county/country value in the state field, or require Salesforce metadata expansion. Client/source-data owner must confirm the intended address."
Needs Client Clarification,PersonMailingState,KARANATAK,India,IN,,1,"State cannot be deterministically mapped for the current row. It may conflict with the country, be a city/county/country value in the state field, or require Salesforce metadata expansion. Client/source-data owner must confirm the intended address."
Needs Client Clarification,PersonMailingState,KARNANTAKA,India,IN,,1,"State cannot be deterministically mapped for the current row. It may conflict with the country, be a city/county/country value in the state field, or require Salesforce metadata expansion. Client/source-data owner must confirm the intended address."
Needs Client Clarification,PersonMailingState,"KARNATAKA, BENGALURU",India,IN,,1,"State cannot be deterministically mapped for the current row. It may conflict with the country, be a city/county/country value in the state field, or require Salesforce metadata expansion. Client/source-data owner must confirm the intended address."
Needs Client Clarification,PersonMailingState,"KARNATAKA,INDIA",India,IN,,1,"State cannot be deterministically mapped for the current row. It may conflict with the country, be a city/county/country value in the state field, or require Salesforce metadata expansion. Client/source-data owner must confirm the intended address."
Needs Client Clarification,PersonMailingState,KARNATANA,India,IN,,1,"State cannot be deterministically mapped for the current row. It may conflict with the country, be a city/county/country value in the state field, or require Salesforce metadata expansion. Client/source-data owner must confirm the intended address."
Needs Client Clarification,PersonMailingState,KAYAH,Myanmar,MM,,1,"State cannot be deterministically mapped for the current row. It may conflict with the country, be a city/county/country value in the state field, or require Salesforce metadata expansion. Client/source-data owner must confirm the intended address."
Needs Client Clarification,PersonMailingState,kbh. N,Denmark,DK,,1,"State cannot be deterministically mapped for the current row. It may conflict with the country, be a city/county/country value in the state field, or require Salesforce metadata expansion. Client/source-data owner must confirm the intended address."
Needs Client Clarification,PersonMailingState,KBH,Denmark,DK,,1,"State cannot be deterministically mapped for the current row. It may conflict with the country, be a city/county/country value in the state field, or require Salesforce metadata expansion. Client/source-data owner must confirm the intended address."
Needs Client Clarification,PersonMailingState,KE,,,,1,"State cannot be deterministically mapped for the current row. It may conflict with the country, be a city/county/country value in the state field, or require Salesforce metadata expansion. Client/source-data owner must confirm the intended address."
Needs Client Clarification,PersonMailingState,KEDAH,Malaysia,MY,,1,"State cannot be deterministically mapped for the current row. It may conflict with the country, be a city/county/country value in the state field, or require Salesforce metadata expansion. Client/source-data owner must confirm the intended address."
Needs Client Clarification,PersonMailingState,KEKAVA,Latvia,LV,,1,"State cannot be deterministically mapped for the current row. It may conflict with the country, be a city/county/country value in the state field, or require Salesforce metadata expansion. Client/source-data owner must confirm the intended address."
Needs Client Clarification,PersonMailingState,KENITRA,Morocco,MA,,1,"State cannot be deterministically mapped for the current row. It may conflict with the country, be a city/county/country value in the state field, or require Salesforce metadata expansion. Client/source-data owner must confirm the intended address."
Needs Client Clarification,PersonMailingState,KENSINGTON,United Kingdom,GB,,1,"State cannot be deterministically mapped for the current row. It may conflict with the country, be a city/county/country value in the state field, or require Salesforce metadata expansion. Client/source-data owner must confirm the intended address."
Needs Client Clarification,PersonMailingState,KERALA,Ghana,GH,,1,"State cannot be deterministically mapped for the current row. It may conflict with the country, be a city/county/country value in the state field, or require Salesforce metadata expansion. Client/source-data owner must confirm the intended address."
Needs Client Clarification,PersonMailingState,KESERWAN,Lebanon,LB,,1,"State cannot be deterministically mapped for the current row. It may conflict with the country, be a city/county/country value in the state field, or require Salesforce metadata expansion. Client/source-data owner must confirm the intended address."
Needs Client Clarification,PersonMailingState,KH,,,,1,"State cannot be deterministically mapped for the current row. It may conflict with the country, be a city/county/country value in the state field, or require Salesforce metadata expansion. Client/source-data owner must confirm the intended address."
Needs Client Clarification,PersonMailingState,KHAN DAUN PENH,Cambodia,KH,,1,"State cannot be deterministically mapped for the current row. It may conflict with the country, be a city/county/country value in the state field, or require Salesforce metadata expansion. Client/source-data owner must confirm the intended address."
Needs Client Clarification,PersonMailingState,KHARKIV REGION,Ukraine,UA,,1,"State cannot be deterministically mapped for the current row. It may conflict with the country, be a city/county/country value in the state field, or require Salesforce metadata expansion. Client/source-data owner must confirm the intended address."
Needs Client Clarification,PersonMailingState,KHMELNITSKY,Ukraine,UA,,1,"State cannot be deterministically mapped for the current row. It may conflict with the country, be a city/county/country value in the state field, or require Salesforce metadata expansion. Client/source-data owner must confirm the intended address."
Needs Client Clarification,PersonMailingState,KHULNA,Bangladesh,BD,,1,"State cannot be deterministically mapped for the current row. It may conflict with the country, be a city/county/country value in the state field, or require Salesforce metadata expansion. Client/source-data owner must confirm the intended address."
Needs Client Clarification,PersonMailingState,KHYBER PAKHTUNKHOWA,Pakistan,PK,,1,"State cannot be deterministically mapped for the current row. It may conflict with the country, be a city/county/country value in the state field, or require Salesforce metadata expansion. Client/source-data owner must confirm the intended address."
Needs Client Clarification,PersonMailingState,KHYBER PUKHTUNKHWA,Pakistan,PK,,1,"State cannot be deterministically mapped for the current row. It may conflict with the country, be a city/county/country value in the state field, or require Salesforce metadata expansion. Client/source-data owner must confirm the intended address."
Needs Client Clarification,PersonMailingState,KIAMBU,Kenya,KE,,1,"State cannot be deterministically mapped for the current row. It may conflict with the country, be a city/county/country value in the state field, or require Salesforce metadata expansion. Client/source-data owner must confirm the intended address."
Needs Client Clarification,PersonMailingState,KIBUYE,Uganda,UG,,1,"State cannot be deterministically mapped for the current row. It may conflict with the country, be a city/county/country value in the state field, or require Salesforce metadata expansion. Client/source-data owner must confirm the intended address."
Needs Client Clarification,PersonMailingState,KIEV,United States,US,,1,"State cannot be deterministically mapped for the current row. It may conflict with the country, be a city/county/country value in the state field, or require Salesforce metadata expansion. Client/source-data owner must confirm the intended address."
Needs Client Clarification,PersonMailingState,KINSHASA,United States,US,,1,"State cannot be deterministically mapped for the current row. It may conflict with the country, be a city/county/country value in the state field, or require Salesforce metadata expansion. Client/source-data owner must confirm the intended address."
Needs Client Clarification,PersonMailingState,KIRKUK,Iraq,IQ,,1,"State cannot be deterministically mapped for the current row. It may conflict with the country, be a city/county/country value in the state field, or require Salesforce metadata expansion. Client/source-data owner must confirm the intended address."
Needs Client Clarification,PersonMailingState,KISUMU,Kenya,KE,,1,"State cannot be deterministically mapped for the current row. It may conflict with the country, be a city/county/country value in the state field, or require Salesforce metadata expansion. Client/source-data owner must confirm the intended address."
Needs Client Clarification,PersonMailingState,KLAIPEDOS,Lithuania,LT,,1,"State cannot be deterministically mapped for the current row. It may conflict with the country, be a city/county/country value in the state field, or require Salesforce metadata expansion. Client/source-data owner must confirm the intended address."
Fixable by Code Update,PersonMailingState,KL,India,IN,KL,1,Script can normalize state 'KL' with country 'India' to PersonMailingCountryCode 'IN' and PersonMailingStateCode 'KL'.
Needs Client Clarification,PersonMailingState,KL,Malaysia,MY,,1,"State cannot be deterministically mapped for the current row. It may conflict with the country, be a city/county/country value in the state field, or require Salesforce metadata expansion. Client/source-data owner must confirm the intended address."
Needs Client Clarification,PersonMailingState,KOLKATA,India,IN,,1,"State cannot be deterministically mapped for the current row. It may conflict with the country, be a city/county/country value in the state field, or require Salesforce metadata expansion. Client/source-data owner must confirm the intended address."
Needs Client Clarification,PersonMailingState,KOPAVOGUR,Iceland,IS,,1,"State cannot be deterministically mapped for the current row. It may conflict with the country, be a city/county/country value in the state field, or require Salesforce metadata expansion. Client/source-data owner must confirm the intended address."
Needs Client Clarification,PersonMailingState,KOSTANAY,Kazakhstan,KZ,,1,"State cannot be deterministically mapped for the current row. It may conflict with the country, be a city/county/country value in the state field, or require Salesforce metadata expansion. Client/source-data owner must confirm the intended address."
Needs Client Clarification,PersonMailingState,KPK,Pakistan,PK,,1,"State cannot be deterministically mapped for the current row. It may conflict with the country, be a city/county/country value in the state field, or require Salesforce metadata expansion. Client/source-data owner must confirm the intended address."
Needs Client Clarification,PersonMailingState,KR,,,,1,"State cannot be deterministically mapped for the current row. It may conflict with the country, be a city/county/country value in the state field, or require Salesforce metadata expansion. Client/source-data owner must confirm the intended address."
Needs Client Clarification,PersonMailingState,KRAAINEM,Belgium,BE,,1,"State cannot be deterministically mapped for the current row. It may conflict with the country, be a city/county/country value in the state field, or require Salesforce metadata expansion. Client/source-data owner must confirm the intended address."
Needs Client Clarification,PersonMailingState,KRAKOW,Poland,PL,,1,"State cannot be deterministically mapped for the current row. It may conflict with the country, be a city/county/country value in the state field, or require Salesforce metadata expansion. Client/source-data owner must confirm the intended address."
Needs Client Clarification,PersonMailingState,KRUNG THEP MAHA NAKH,Thailand,TH,,1,"State cannot be deterministically mapped for the current row. It may conflict with the country, be a city/county/country value in the state field, or require Salesforce metadata expansion. Client/source-data owner must confirm the intended address."
Needs Client Clarification,PersonMailingState,KULDIGAS NOV,Latvia,LV,,1,"State cannot be deterministically mapped for the current row. It may conflict with the country, be a city/county/country value in the state field, or require Salesforce metadata expansion. Client/source-data owner must confirm the intended address."
Needs Client Clarification,PersonMailingState,KWARA,Nigeria,NG,,1,"State cannot be deterministically mapped for the current row. It may conflict with the country, be a city/county/country value in the state field, or require Salesforce metadata expansion. Client/source-data owner must confirm the intended address."
Needs Client Clarification,PersonMailingState,KWAZULU NATAL,South Africa,ZA,,1,"State cannot be deterministically mapped for the current row. It may conflict with the country, be a city/county/country value in the state field, or require Salesforce metadata expansion. Client/source-data owner must confirm the intended address."
Needs Client Clarification,PersonMailingState,KWAZULU_NATAL,South Africa,ZA,,1,"State cannot be deterministically mapped for the current row. It may conflict with the country, be a city/county/country value in the state field, or require Salesforce metadata expansion. Client/source-data owner must confirm the intended address."
Needs Client Clarification,PersonMailingState,KWAZULU-NATAL,South Africa,ZA,,1,"State cannot be deterministically mapped for the current row. It may conflict with the country, be a city/county/country value in the state field, or require Salesforce metadata expansion. Client/source-data owner must confirm the intended address."
Needs Client Clarification,PersonMailingState,KYIV OBLAST,Ukraine,UA,,1,"State cannot be deterministically mapped for the current row. It may conflict with the country, be a city/county/country value in the state field, or require Salesforce metadata expansion. Client/source-data owner must confirm the intended address."
Needs Client Clarification,PersonMailingState,KYOTO PREFECTURE,Japan,JP,,1,"State cannot be deterministically mapped for the current row. It may conflict with the country, be a city/county/country value in the state field, or require Salesforce metadata expansion. Client/source-data owner must confirm the intended address."
Needs Client Clarification,PersonMailingState,LA ALTAGRACIA,Dominican Republic,DO,,1,"State cannot be deterministically mapped for the current row. It may conflict with the country, be a city/county/country value in the state field, or require Salesforce metadata expansion. Client/source-data owner must confirm the intended address."
Needs Client Clarification,PersonMailingState,LA LIBERTAD,Peru,PE,,1,"State cannot be deterministically mapped for the current row. It may conflict with the country, be a city/county/country value in the state field, or require Salesforce metadata expansion. Client/source-data owner must confirm the intended address."
Needs Client Clarification,PersonMailingState,LAGO NORTE,Brazil,BR,,1,"State cannot be deterministically mapped for the current row. It may conflict with the country, be a city/county/country value in the state field, or require Salesforce metadata expansion. Client/source-data owner must confirm the intended address."
Needs Client Clarification,PersonMailingState,LAGOS,United States,US,,1,"State cannot be deterministically mapped for the current row. It may conflict with the country, be a city/county/country value in the state field, or require Salesforce metadata expansion. Client/source-data owner must confirm the intended address."
Needs Client Clarification,PersonMailingState,LAMADELAINE,Luxembourg,LU,,1,"State cannot be deterministically mapped for the current row. It may conflict with the country, be a city/county/country value in the state field, or require Salesforce metadata expansion. Client/source-data owner must confirm the intended address."
Needs Client Clarification,PersonMailingState,LAMPUNG,Indonesia,ID,,1,"State cannot be deterministically mapped for the current row. It may conflict with the country, be a city/county/country value in the state field, or require Salesforce metadata expansion. Client/source-data owner must confirm the intended address."
Needs Client Clarification,PersonMailingState,LANCESHIRE,United Kingdom,GB,,1,"State cannot be deterministically mapped for the current row. It may conflict with the country, be a city/county/country value in the state field, or require Salesforce metadata expansion. Client/source-data owner must confirm the intended address."
Needs Client Clarification,PersonMailingState,LARVIK,Norway,NO,,1,"State cannot be deterministically mapped for the current row. It may conflict with the country, be a city/county/country value in the state field, or require Salesforce metadata expansion. Client/source-data owner must confirm the intended address."
Needs Client Clarification,PersonMailingState,LAS CONDES,Chile,CL,,1,"State cannot be deterministically mapped for the current row. It may conflict with the country, be a city/county/country value in the state field, or require Salesforce metadata expansion. Client/source-data owner must confirm the intended address."
Needs Client Clarification,PersonMailingState,LAS PALMAS DE GRAN C,Spain,ES,,1,"State cannot be deterministically mapped for the current row. It may conflict with the country, be a city/county/country value in the state field, or require Salesforce metadata expansion. Client/source-data owner must confirm the intended address."
Needs Client Clarification,PersonMailingState,LAS PALMAS,Spain,ES,,1,"State cannot be deterministically mapped for the current row. It may conflict with the country, be a city/county/country value in the state field, or require Salesforce metadata expansion. Client/source-data owner must confirm the intended address."
Needs Client Clarification,PersonMailingState,LATVIJA,Latvia,LV,,1,"State cannot be deterministically mapped for the current row. It may conflict with the country, be a city/county/country value in the state field, or require Salesforce metadata expansion. Client/source-data owner must confirm the intended address."
Needs Client Clarification,PersonMailingState,LAUREL,United States,US,,1,"State cannot be deterministically mapped for the current row. It may conflict with the country, be a city/county/country value in the state field, or require Salesforce metadata expansion. Client/source-data owner must confirm the intended address."
Needs Client Clarification,PersonMailingState,LB,Lebanon,LB,,1,"State cannot be deterministically mapped for the current row. It may conflict with the country, be a city/county/country value in the state field, or require Salesforce metadata expansion. Client/source-data owner must confirm the intended address."
Fixable by Code Update,PersonMailingState,LC,Italy,IT,LC,1,Script can normalize state 'LC' with country 'Italy' to PersonMailingCountryCode 'IT' and PersonMailingStateCode 'LC'.
Needs Client Clarification,PersonMailingState,LEBANON,Lebanon,LB,,1,"State cannot be deterministically mapped for the current row. It may conflict with the country, be a city/county/country value in the state field, or require Salesforce metadata expansion. Client/source-data owner must confirm the intended address."
Needs Client Clarification,PersonMailingState,LECCO/LOMBARDIA,Italy,IT,,1,"State cannot be deterministically mapped for the current row. It may conflict with the country, be a city/county/country value in the state field, or require Salesforce metadata expansion. Client/source-data owner must confirm the intended address."
Needs Client Clarification,PersonMailingState,LEEDS,United Kingdom,GB,,1,"State cannot be deterministically mapped for the current row. It may conflict with the country, be a city/county/country value in the state field, or require Salesforce metadata expansion. Client/source-data owner must confirm the intended address."
Needs Client Clarification,PersonMailingState,LEIESTERSHIRE,United Kingdom,GB,,1,"State cannot be deterministically mapped for the current row. It may conflict with the country, be a city/county/country value in the state field, or require Salesforce metadata expansion. Client/source-data owner must confirm the intended address."
Needs Client Clarification,PersonMailingState,LEIRIA,Portugal,PT,,1,"State cannot be deterministically mapped for the current row. It may conflict with the country, be a city/county/country value in the state field, or require Salesforce metadata expansion. Client/source-data owner must confirm the intended address."
Fixable by Code Update,PersonMailingState,LE,Italy,IT,LE,1,Script can normalize state 'LE' with country 'Italy' to PersonMailingCountryCode 'IT' and PersonMailingStateCode 'LE'.
Needs Client Clarification,PersonMailingState,LEJRE,Denmark,DK,,1,"State cannot be deterministically mapped for the current row. It may conflict with the country, be a city/county/country value in the state field, or require Salesforce metadata expansion. Client/source-data owner must confirm the intended address."
Needs Client Clarification,PersonMailingState,LEON,Spain,ES,,1,"State cannot be deterministically mapped for the current row. It may conflict with the country, be a city/county/country value in the state field, or require Salesforce metadata expansion. Client/source-data owner must confirm the intended address."
Needs Client Clarification,PersonMailingState,LESSER POLAND,Poland,PL,,1,"State cannot be deterministically mapped for the current row. It may conflict with the country, be a city/county/country value in the state field, or require Salesforce metadata expansion. Client/source-data owner must confirm the intended address."
Needs Client Clarification,PersonMailingState,LESSER SUNDA ISLANDS,Indonesia,ID,,1,"State cannot be deterministically mapped for the current row. It may conflict with the country, be a city/county/country value in the state field, or require Salesforce metadata expansion. Client/source-data owner must confirm the intended address."
Needs Client Clarification,PersonMailingState,LEWES,United States,US,,1,"State cannot be deterministically mapped for the current row. It may conflict with the country, be a city/county/country value in the state field, or require Salesforce metadata expansion. Client/source-data owner must confirm the intended address."
Needs Client Clarification,PersonMailingState,LIAOMING,China,CN,,1,"State cannot be deterministically mapped for the current row. It may conflict with the country, be a city/county/country value in the state field, or require Salesforce metadata expansion. Client/source-data owner must confirm the intended address."
Needs Client Clarification,PersonMailingState,LIGURIA,Italy,IT,,1,"State cannot be deterministically mapped for the current row. It may conflict with the country, be a city/county/country value in the state field, or require Salesforce metadata expansion. Client/source-data owner must confirm the intended address."
Fixable by Code Update,PersonMailingState,LI,Italy,IT,LI,1,Script can normalize state 'LI' with country 'Italy' to PersonMailingCountryCode 'IT' and PersonMailingStateCode 'LI'.
Needs Client Clarification,PersonMailingState,LIMA (PROVINCIA),Peru,PE,,1,"State cannot be deterministically mapped for the current row. It may conflict with the country, be a city/county/country value in the state field, or require Salesforce metadata expansion. Client/source-data owner must confirm the intended address."
Needs Client Clarification,PersonMailingState,LIMBURG,Belgium,BE,,1,"State cannot be deterministically mapped for the current row. It may conflict with the country, be a city/county/country value in the state field, or require Salesforce metadata expansion. Client/source-data owner must confirm the intended address."
Needs Client Clarification,PersonMailingState,LIMPOPO PROVINCE,South Africa,ZA,,1,"State cannot be deterministically mapped for the current row. It may conflict with the country, be a city/county/country value in the state field, or require Salesforce metadata expansion. Client/source-data owner must confirm the intended address."
Needs Client Clarification,PersonMailingState,LINCOLNSHIRE,United Kingdom,GB,,1,"State cannot be deterministically mapped for the current row. It may conflict with the country, be a city/county/country value in the state field, or require Salesforce metadata expansion. Client/source-data owner must confirm the intended address."
Needs Client Clarification,PersonMailingState,LI,Netherlands,NL,,1,"State cannot be deterministically mapped for the current row. It may conflict with the country, be a city/county/country value in the state field, or require Salesforce metadata expansion. Client/source-data owner must confirm the intended address."
Needs Client Clarification,PersonMailingState,LITORAL,Cameroon,CM,,1,"State cannot be deterministically mapped for the current row. It may conflict with the country, be a city/county/country value in the state field, or require Salesforce metadata expansion. Client/source-data owner must confirm the intended address."
Needs Client Clarification,PersonMailingState,LITTORAL,Benin,BJ,,1,"State cannot be deterministically mapped for the current row. It may conflict with the country, be a city/county/country value in the state field, or require Salesforce metadata expansion. Client/source-data owner must confirm the intended address."
Needs Client Clarification,PersonMailingState,LITTORAL,Cameroon,CM,,1,"State cannot be deterministically mapped for the current row. It may conflict with the country, be a city/county/country value in the state field, or require Salesforce metadata expansion. Client/source-data owner must confirm the intended address."
Needs Client Clarification,PersonMailingState,LJUBLJANA,Slovenia,SI,,1,"State cannot be deterministically mapped for the current row. It may conflict with the country, be a city/county/country value in the state field, or require Salesforce metadata expansion. Client/source-data owner must confirm the intended address."
Needs Client Clarification,PersonMailingState,LLINOS,United States,US,,1,"State cannot be deterministically mapped for the current row. It may conflict with the country, be a city/county/country value in the state field, or require Salesforce metadata expansion. Client/source-data owner must confirm the intended address."
Needs Client Clarification,PersonMailingState,LLMA,Peru,PE,,1,"State cannot be deterministically mapped for the current row. It may conflict with the country, be a city/county/country value in the state field, or require Salesforce metadata expansion. Client/source-data owner must confirm the intended address."
Needs Client Clarification,PersonMailingState,LND,United Kingdom,GB,,1,"State cannot be deterministically mapped for the current row. It may conflict with the country, be a city/county/country value in the state field, or require Salesforce metadata expansion. Client/source-data owner must confirm the intended address."
Needs Client Clarification,PersonMailingState,LODZ,Poland,PL,,1,"State cannot be deterministically mapped for the current row. It may conflict with the country, be a city/county/country value in the state field, or require Salesforce metadata expansion. Client/source-data owner must confirm the intended address."
Needs Client Clarification,PersonMailingState,LOIRE ATLANTIQUE,France,FR,,1,"State cannot be deterministically mapped for the current row. It may conflict with the country, be a city/county/country value in the state field, or require Salesforce metadata expansion. Client/source-data owner must confirm the intended address."
Needs Client Clarification,PersonMailingState,LOIRE-ATLANTIQUE,France,FR,,1,"State cannot be deterministically mapped for the current row. It may conflict with the country, be a city/county/country value in the state field, or require Salesforce metadata expansion. Client/source-data owner must confirm the intended address."
Needs Client Clarification,PersonMailingState,London,United Kingdom,GB,,1,"State cannot be deterministically mapped for the current row. It may conflict with the country, be a city/county/country value in the state field, or require Salesforce metadata expansion. Client/source-data owner must confirm the intended address."
Needs Client Clarification,PersonMailingState,LORI,Armenia,AM,,1,"State cannot be deterministically mapped for the current row. It may conflict with the country, be a city/county/country value in the state field, or require Salesforce metadata expansion. Client/source-data owner must confirm the intended address."
Needs Client Clarification,PersonMailingState,LOS ANGELES COUNTY,United States,US,,1,"State cannot be deterministically mapped for the current row. It may conflict with the country, be a city/county/country value in the state field, or require Salesforce metadata expansion. Client/source-data owner must confirm the intended address."
Needs Client Clarification,PersonMailingState,LOS ANGELES,United States,US,,1,"State cannot be deterministically mapped for the current row. It may conflict with the country, be a city/county/country value in the state field, or require Salesforce metadata expansion. Client/source-data owner must confirm the intended address."
Needs Client Clarification,PersonMailingState,LOUISIANA,China,CN,,1,"State cannot be deterministically mapped for the current row. It may conflict with the country, be a city/county/country value in the state field, or require Salesforce metadata expansion. Client/source-data owner must confirm the intended address."
Needs Client Clarification,PersonMailingState,LOWER AUSTRIA,Austria,AT,,1,"State cannot be deterministically mapped for the current row. It may conflict with the country, be a city/county/country value in the state field, or require Salesforce metadata expansion. Client/source-data owner must confirm the intended address."
Needs Client Clarification,PersonMailingState,LOWER SILESIAN,Poland,PL,,1,"State cannot be deterministically mapped for the current row. It may conflict with the country, be a city/county/country value in the state field, or require Salesforce metadata expansion. Client/source-data owner must confirm the intended address."
Needs Client Clarification,PersonMailingState,LR,France,FR,,1,"State cannot be deterministically mapped for the current row. It may conflict with the country, be a city/county/country value in the state field, or require Salesforce metadata expansion. Client/source-data owner must confirm the intended address."
Fixable by Code Update,PersonMailingState,LT,Italy,IT,LT,1,Script can normalize state 'LT' with country 'Italy' to PersonMailingCountryCode 'IT' and PersonMailingStateCode 'LT'.
Needs Client Clarification,PersonMailingState,LT,Lithuania,LT,,1,"State cannot be deterministically mapped for the current row. It may conflict with the country, be a city/county/country value in the state field, or require Salesforce metadata expansion. Client/source-data owner must confirm the intended address."
Needs Client Clarification,PersonMailingState,LT,United States,US,,1,"State cannot be deterministically mapped for the current row. It may conflict with the country, be a city/county/country value in the state field, or require Salesforce metadata expansion. Client/source-data owner must confirm the intended address."
Needs Client Clarification,PersonMailingState,LUCERNE,Switzerland,CH,,1,"State cannot be deterministically mapped for the current row. It may conflict with the country, be a city/county/country value in the state field, or require Salesforce metadata expansion. Client/source-data owner must confirm the intended address."
Needs Client Clarification,PersonMailingState,LUMBINI,Nepal,NP,,1,"State cannot be deterministically mapped for the current row. It may conflict with the country, be a city/county/country value in the state field, or require Salesforce metadata expansion. Client/source-data owner must confirm the intended address."
Needs Client Clarification,PersonMailingState,LUSAKA,zambia,ZM,,1,"State cannot be deterministically mapped for the current row. It may conflict with the country, be a city/county/country value in the state field, or require Salesforce metadata expansion. Client/source-data owner must confirm the intended address."
Needs Client Clarification,PersonMailingState,LUXEMBURG,Luxembourg,LU,,1,"State cannot be deterministically mapped for the current row. It may conflict with the country, be a city/county/country value in the state field, or require Salesforce metadata expansion. Client/source-data owner must confirm the intended address."
Needs Client Clarification,PersonMailingState,LUZERN,Switzerland,CH,,1,"State cannot be deterministically mapped for the current row. It may conflict with the country, be a city/county/country value in the state field, or require Salesforce metadata expansion. Client/source-data owner must confirm the intended address."
Needs Client Clarification,PersonMailingState,LV,,,,1,"State cannot be deterministically mapped for the current row. It may conflict with the country, be a city/county/country value in the state field, or require Salesforce metadata expansion. Client/source-data owner must confirm the intended address."
Needs Client Clarification,PersonMailingState,LV,Ukraine,UA,,1,"State cannot be deterministically mapped for the current row. It may conflict with the country, be a city/county/country value in the state field, or require Salesforce metadata expansion. Client/source-data owner must confirm the intended address."
Needs Client Clarification,PersonMailingState,LX,United States,US,,1,"State cannot be deterministically mapped for the current row. It may conflict with the country, be a city/county/country value in the state field, or require Salesforce metadata expansion. Client/source-data owner must confirm the intended address."
Needs Client Clarification,PersonMailingState,LYNGBY,Denmark,DK,,1,"State cannot be deterministically mapped for the current row. It may conflict with the country, be a city/county/country value in the state field, or require Salesforce metadata expansion. Client/source-data owner must confirm the intended address."
Needs Client Clarification,PersonMailingState,M,,,,1,"State cannot be deterministically mapped for the current row. It may conflict with the country, be a city/county/country value in the state field, or require Salesforce metadata expansion. Client/source-data owner must confirm the intended address."
Needs Client Clarification,PersonMailingState,M.P.,India,IN,,1,"State cannot be deterministically mapped for the current row. It may conflict with the country, be a city/county/country value in the state field, or require Salesforce metadata expansion. Client/source-data owner must confirm the intended address."
Needs Client Clarification,PersonMailingState,M.P,India,IN,,1,"State cannot be deterministically mapped for the current row. It may conflict with the country, be a city/county/country value in the state field, or require Salesforce metadata expansion. Client/source-data owner must confirm the intended address."
Needs Client Clarification,PersonMailingState,MA - MASSACHUSETTS,United States,US,,1,"State cannot be deterministically mapped for the current row. It may conflict with the country, be a city/county/country value in the state field, or require Salesforce metadata expansion. Client/source-data owner must confirm the intended address."
Needs Client Clarification,PersonMailingState,MAADI,Egypt,EG,,1,"State cannot be deterministically mapped for the current row. It may conflict with the country, be a city/county/country value in the state field, or require Salesforce metadata expansion. Client/source-data owner must confirm the intended address."
Needs Client Clarification,PersonMailingState,MADAGASCAR/ANALAMANG,Madagascar,MG,,1,"State cannot be deterministically mapped for the current row. It may conflict with the country, be a city/county/country value in the state field, or require Salesforce metadata expansion. Client/source-data owner must confirm the intended address."
Needs Client Clarification,PersonMailingState,MADEIRA,Portugal,PT,,1,"State cannot be deterministically mapped for the current row. It may conflict with the country, be a city/county/country value in the state field, or require Salesforce metadata expansion. Client/source-data owner must confirm the intended address."
Needs Client Clarification,PersonMailingState,MADHAYA PRADESH,India,IN,,1,"State cannot be deterministically mapped for the current row. It may conflict with the country, be a city/county/country value in the state field, or require Salesforce metadata expansion. Client/source-data owner must confirm the intended address."
Needs Client Clarification,PersonMailingState,MADRID/MADRID,Spain,ES,,1,"State cannot be deterministically mapped for the current row. It may conflict with the country, be a city/county/country value in the state field, or require Salesforce metadata expansion. Client/source-data owner must confirm the intended address."
Needs Client Clarification,PersonMailingState,MADRID,United States,US,,1,"State cannot be deterministically mapped for the current row. It may conflict with the country, be a city/county/country value in the state field, or require Salesforce metadata expansion. Client/source-data owner must confirm the intended address."
Needs Client Clarification,PersonMailingState,MAD,Spain,ES,,1,"State cannot be deterministically mapped for the current row. It may conflict with the country, be a city/county/country value in the state field, or require Salesforce metadata expansion. Client/source-data owner must confirm the intended address."
Needs Client Clarification,PersonMailingState,MAFRA,Portugal,PT,,1,"State cannot be deterministically mapped for the current row. It may conflict with the country, be a city/county/country value in the state field, or require Salesforce metadata expansion. Client/source-data owner must confirm the intended address."
Needs Client Clarification,PersonMailingState,MAGALLANES,Chile,CL,,1,"State cannot be deterministically mapped for the current row. It may conflict with the country, be a city/county/country value in the state field, or require Salesforce metadata expansion. Client/source-data owner must confirm the intended address."
Needs Client Clarification,PersonMailingState,MAGDALENA,Colombia,CO,,1,"State cannot be deterministically mapped for the current row. It may conflict with the country, be a city/county/country value in the state field, or require Salesforce metadata expansion. Client/source-data owner must confirm the intended address."
Needs Client Clarification,PersonMailingState,MAHALLA,Egypt,EG,,1,"State cannot be deterministically mapped for the current row. It may conflict with the country, be a city/county/country value in the state field, or require Salesforce metadata expansion. Client/source-data owner must confirm the intended address."
Needs Client Clarification,PersonMailingState,MAHARAHTRA,India,IN,,1,"State cannot be deterministically mapped for the current row. It may conflict with the country, be a city/county/country value in the state field, or require Salesforce metadata expansion. Client/source-data owner must confirm the intended address."
Needs Client Clarification,PersonMailingState,MAHARASHTRA STATE,India,IN,,1,"State cannot be deterministically mapped for the current row. It may conflict with the country, be a city/county/country value in the state field, or require Salesforce metadata expansion. Client/source-data owner must confirm the intended address."
Needs Client Clarification,PersonMailingState,MAHARASHTRAS,India,IN,,1,"State cannot be deterministically mapped for the current row. It may conflict with the country, be a city/county/country value in the state field, or require Salesforce metadata expansion. Client/source-data owner must confirm the intended address."
Needs Client Clarification,PersonMailingState,MAHRASHTRA,India,IN,,1,"State cannot be deterministically mapped for the current row. It may conflict with the country, be a city/county/country value in the state field, or require Salesforce metadata expansion. Client/source-data owner must confirm the intended address."
Needs Client Clarification,PersonMailingState,MAKKAH ALMOKARAMA,Saudi Arabia,SA,,1,"State cannot be deterministically mapped for the current row. It may conflict with the country, be a city/county/country value in the state field, or require Salesforce metadata expansion. Client/source-data owner must confirm the intended address."
Needs Client Clarification,PersonMailingState,MAKKAH PROVINCE,Saudi Arabia,SA,,1,"State cannot be deterministically mapped for the current row. It may conflict with the country, be a city/county/country value in the state field, or require Salesforce metadata expansion. Client/source-data owner must confirm the intended address."
Needs Client Clarification,PersonMailingState,MALLORCA,Spain,ES,,1,"State cannot be deterministically mapped for the current row. It may conflict with the country, be a city/county/country value in the state field, or require Salesforce metadata expansion. Client/source-data owner must confirm the intended address."
Needs Client Clarification,PersonMailingState,MALOPOLSKA,Poland,PL,,1,"State cannot be deterministically mapped for the current row. It may conflict with the country, be a city/county/country value in the state field, or require Salesforce metadata expansion. Client/source-data owner must confirm the intended address."
Needs Client Clarification,PersonMailingState,MAŁOPOLSKA,Poland,PL,,1,"State cannot be deterministically mapped for the current row. It may conflict with the country, be a city/county/country value in the state field, or require Salesforce metadata expansion. Client/source-data owner must confirm the intended address."
Needs Client Clarification,PersonMailingState,MALOPOLSKE,Poland,PL,,1,"State cannot be deterministically mapped for the current row. It may conflict with the country, be a city/county/country value in the state field, or require Salesforce metadata expansion. Client/source-data owner must confirm the intended address."
Needs Client Clarification,PersonMailingState,MALTA,Malta,MT,,1,"State cannot be deterministically mapped for the current row. It may conflict with the country, be a city/county/country value in the state field, or require Salesforce metadata expansion. Client/source-data owner must confirm the intended address."
Needs Client Clarification,PersonMailingState,MANAWATU,New Zealand,NZ,,1,"State cannot be deterministically mapped for the current row. It may conflict with the country, be a city/county/country value in the state field, or require Salesforce metadata expansion. Client/source-data owner must confirm the intended address."
Needs Client Clarification,PersonMailingState,MANKATO,United States,US,,1,"State cannot be deterministically mapped for the current row. It may conflict with the country, be a city/county/country value in the state field, or require Salesforce metadata expansion. Client/source-data owner must confirm the intended address."
Needs Client Clarification,PersonMailingState,MANOUBA,Tunisia,TN,,1,"State cannot be deterministically mapped for the current row. It may conflict with the country, be a city/county/country value in the state field, or require Salesforce metadata expansion. Client/source-data owner must confirm the intended address."
Fixable by Code Update,PersonMailingState,MARANHAO,Brazil,BR,MA,1,Script can normalize state 'MARANHAO' with country 'Brazil' to PersonMailingCountryCode 'BR' and PersonMailingStateCode 'MA'.
Needs Client Clarification,PersonMailingState,MARCHE,Italy,IT,,1,"State cannot be deterministically mapped for the current row. It may conflict with the country, be a city/county/country value in the state field, or require Salesforce metadata expansion. Client/source-data owner must confirm the intended address."
Needs Client Clarification,PersonMailingState,MARLBOROUGH,New Zealand,NZ,,1,"State cannot be deterministically mapped for the current row. It may conflict with the country, be a city/county/country value in the state field, or require Salesforce metadata expansion. Client/source-data owner must confirm the intended address."
Needs Client Clarification,PersonMailingState,MAROCCO,Morocco,MA,,1,"State cannot be deterministically mapped for the current row. It may conflict with the country, be a city/county/country value in the state field, or require Salesforce metadata expansion. Client/source-data owner must confirm the intended address."
Needs Client Clarification,PersonMailingState,MARSASCALA,Malta,MT,,1,"State cannot be deterministically mapped for the current row. It may conflict with the country, be a city/county/country value in the state field, or require Salesforce metadata expansion. Client/source-data owner must confirm the intended address."
Needs Client Clarification,PersonMailingState,MARTINIQUE,France,FR,,1,"State cannot be deterministically mapped for the current row. It may conflict with the country, be a city/county/country value in the state field, or require Salesforce metadata expansion. Client/source-data owner must confirm the intended address."
Needs Client Clarification,PersonMailingState,MARYLAND,Liberia,LR,,1,"State cannot be deterministically mapped for the current row. It may conflict with the country, be a city/county/country value in the state field, or require Salesforce metadata expansion. Client/source-data owner must confirm the intended address."
Needs Client Clarification,PersonMailingState,MARYLAND,Netherlands,NL,,1,"State cannot be deterministically mapped for the current row. It may conflict with the country, be a city/county/country value in the state field, or require Salesforce metadata expansion. Client/source-data owner must confirm the intended address."
Needs Client Clarification,PersonMailingState,MASERU,Lesotho,LS,,1,"State cannot be deterministically mapped for the current row. It may conflict with the country, be a city/county/country value in the state field, or require Salesforce metadata expansion. Client/source-data owner must confirm the intended address."
Needs Client Clarification,PersonMailingState,MASOVIA,Poland,PL,,1,"State cannot be deterministically mapped for the current row. It may conflict with the country, be a city/county/country value in the state field, or require Salesforce metadata expansion. Client/source-data owner must confirm the intended address."
Needs Client Clarification,PersonMailingState,MASSACHUSETTS (MA),United States,US,,1,"State cannot be deterministically mapped for the current row. It may conflict with the country, be a city/county/country value in the state field, or require Salesforce metadata expansion. Client/source-data owner must confirm the intended address."
Needs Client Clarification,PersonMailingState,Massachusetts,Brazil,BR,,1,"State cannot be deterministically mapped for the current row. It may conflict with the country, be a city/county/country value in the state field, or require Salesforce metadata expansion. Client/source-data owner must confirm the intended address."
Needs Client Clarification,PersonMailingState,MASZOWESKO,Poland,PL,,1,"State cannot be deterministically mapped for the current row. It may conflict with the country, be a city/county/country value in the state field, or require Salesforce metadata expansion. Client/source-data owner must confirm the intended address."
Needs Client Clarification,PersonMailingState,MAULE,Chile,CL,,1,"State cannot be deterministically mapped for the current row. It may conflict with the country, be a city/county/country value in the state field, or require Salesforce metadata expansion. Client/source-data owner must confirm the intended address."
Needs Client Clarification,PersonMailingState,MAURITIUS,Mauritius,MU,,1,"State cannot be deterministically mapped for the current row. It may conflict with the country, be a city/county/country value in the state field, or require Salesforce metadata expansion. Client/source-data owner must confirm the intended address."
Needs Client Clarification,PersonMailingState,MAZOVIA VOIVODENSHIP,Poland,PL,,1,"State cannot be deterministically mapped for the current row. It may conflict with the country, be a city/county/country value in the state field, or require Salesforce metadata expansion. Client/source-data owner must confirm the intended address."
Needs Client Clarification,PersonMailingState,MAZOVIAN,Poland,PL,,1,"State cannot be deterministically mapped for the current row. It may conflict with the country, be a city/county/country value in the state field, or require Salesforce metadata expansion. Client/source-data owner must confirm the intended address."
Needs Client Clarification,PersonMailingState,MB,,,,1,"State cannot be deterministically mapped for the current row. It may conflict with the country, be a city/county/country value in the state field, or require Salesforce metadata expansion. Client/source-data owner must confirm the intended address."
Needs Client Clarification,PersonMailingState,M,Belarus,BY,,1,"State cannot be deterministically mapped for the current row. It may conflict with the country, be a city/county/country value in the state field, or require Salesforce metadata expansion. Client/source-data owner must confirm the intended address."
Needs Client Clarification,PersonMailingState,MC,Monaco,MC,,1,"State cannot be deterministically mapped for the current row. It may conflict with the country, be a city/county/country value in the state field, or require Salesforce metadata expansion. Client/source-data owner must confirm the intended address."
Needs Client Clarification,PersonMailingState,MD MARYLAND,United States,US,,1,"State cannot be deterministically mapped for the current row. It may conflict with the country, be a city/county/country value in the state field, or require Salesforce metadata expansion. Client/source-data owner must confirm the intended address."
Needs Client Clarification,PersonMailingState,MD-MARYLAND,United States,US,,1,"State cannot be deterministically mapped for the current row. It may conflict with the country, be a city/county/country value in the state field, or require Salesforce metadata expansion. Client/source-data owner must confirm the intended address."
Needs Client Clarification,PersonMailingState,MEDEA,Algeria,DZ,,1,"State cannot be deterministically mapped for the current row. It may conflict with the country, be a city/county/country value in the state field, or require Salesforce metadata expansion. Client/source-data owner must confirm the intended address."
Needs Client Clarification,PersonMailingState,MEETHAMAL,Egypt,EG,,1,"State cannot be deterministically mapped for the current row. It may conflict with the country, be a city/county/country value in the state field, or require Salesforce metadata expansion. Client/source-data owner must confirm the intended address."
Needs Client Clarification,PersonMailingState,MEGURO-KU,Japan,JP,,1,"State cannot be deterministically mapped for the current row. It may conflict with the country, be a city/county/country value in the state field, or require Salesforce metadata expansion. Client/source-data owner must confirm the intended address."
Needs Client Clarification,PersonMailingState,MELROSE,New Zealand,NZ,,1,"State cannot be deterministically mapped for the current row. It may conflict with the country, be a city/county/country value in the state field, or require Salesforce metadata expansion. Client/source-data owner must confirm the intended address."
Needs Client Clarification,PersonMailingState,MENOFIA GOVERNORATE,Egypt,EG,,1,"State cannot be deterministically mapped for the current row. It may conflict with the country, be a city/county/country value in the state field, or require Salesforce metadata expansion. Client/source-data owner must confirm the intended address."
Needs Client Clarification,PersonMailingState,MENOFIA,Egypt,EG,,1,"State cannot be deterministically mapped for the current row. It may conflict with the country, be a city/county/country value in the state field, or require Salesforce metadata expansion. Client/source-data owner must confirm the intended address."
Needs Client Clarification,PersonMailingState,MERKAZ,Israel,IL,,1,"State cannot be deterministically mapped for the current row. It may conflict with the country, be a city/county/country value in the state field, or require Salesforce metadata expansion. Client/source-data owner must confirm the intended address."
Needs Client Clarification,PersonMailingState,MERSCH,Luxembourg,LU,,1,"State cannot be deterministically mapped for the current row. It may conflict with the country, be a city/county/country value in the state field, or require Salesforce metadata expansion. Client/source-data owner must confirm the intended address."
Needs Client Clarification,PersonMailingState,MERSEYSIDE,United Kingdom,GB,,1,"State cannot be deterministically mapped for the current row. It may conflict with the country, be a city/county/country value in the state field, or require Salesforce metadata expansion. Client/source-data owner must confirm the intended address."
Needs Client Clarification,PersonMailingState,MESSINIA/PELOPONNESE,Greece,GR,,1,"State cannot be deterministically mapped for the current row. It may conflict with the country, be a city/county/country value in the state field, or require Salesforce metadata expansion. Client/source-data owner must confirm the intended address."
Needs Client Clarification,PersonMailingState,METN,Lebanon,LB,,1,"State cannot be deterministically mapped for the current row. It may conflict with the country, be a city/county/country value in the state field, or require Salesforce metadata expansion. Client/source-data owner must confirm the intended address."
Needs Client Clarification,PersonMailingState,METRO MANILA,United States,US,,1,"State cannot be deterministically mapped for the current row. It may conflict with the country, be a city/county/country value in the state field, or require Salesforce metadata expansion. Client/source-data owner must confirm the intended address."
Needs Client Clarification,PersonMailingState,METROPOLITAN REGION,Chile,CL,,1,"State cannot be deterministically mapped for the current row. It may conflict with the country, be a city/county/country value in the state field, or require Salesforce metadata expansion. Client/source-data owner must confirm the intended address."
Needs Client Clarification,PersonMailingState,METROPOLITANA DE SAN,Chile,CL,,1,"State cannot be deterministically mapped for the current row. It may conflict with the country, be a city/county/country value in the state field, or require Salesforce metadata expansion. Client/source-data owner must confirm the intended address."
Needs Client Clarification,PersonMailingState,METROPOLITAN,Chile,CL,,1,"State cannot be deterministically mapped for the current row. It may conflict with the country, be a city/county/country value in the state field, or require Salesforce metadata expansion. Client/source-data owner must confirm the intended address."
Needs Client Clarification,PersonMailingState,METULA,Israel,IL,,1,"State cannot be deterministically mapped for the current row. It may conflict with the country, be a city/county/country value in the state field, or require Salesforce metadata expansion. Client/source-data owner must confirm the intended address."
Needs Client Clarification,PersonMailingState,MEXICO-,Mexico,MX,,1,"State cannot be deterministically mapped for the current row. It may conflict with the country, be a city/county/country value in the state field, or require Salesforce metadata expansion. Client/source-data owner must confirm the intended address."
Needs Client Clarification,PersonMailingState,MEX,Mexico,MX,,1,"State cannot be deterministically mapped for the current row. It may conflict with the country, be a city/county/country value in the state field, or require Salesforce metadata expansion. Client/source-data owner must confirm the intended address."
Fixable by Code Update,PersonMailingState,MG,BRAZIL,BR,MG,1,Script can normalize state 'MG' with country 'BRAZIL' to PersonMailingCountryCode 'BR' and PersonMailingStateCode 'MG'.
Needs Client Clarification,PersonMailingState,MI-MICHIGAN,United States,US,,1,"State cannot be deterministically mapped for the current row. It may conflict with the country, be a city/county/country value in the state field, or require Salesforce metadata expansion. Client/source-data owner must confirm the intended address."
Needs Client Clarification,PersonMailingState,Michigan,India,IN,,1,"State cannot be deterministically mapped for the current row. It may conflict with the country, be a city/county/country value in the state field, or require Salesforce metadata expansion. Client/source-data owner must confirm the intended address."
Needs Client Clarification,PersonMailingState,MIDDLE EAST,Bahrain,BH,,1,"State cannot be deterministically mapped for the current row. It may conflict with the country, be a city/county/country value in the state field, or require Salesforce metadata expansion. Client/source-data owner must confirm the intended address."
Needs Client Clarification,PersonMailingState,MIDDLE EAST,Israel,IL,,1,"State cannot be deterministically mapped for the current row. It may conflict with the country, be a city/county/country value in the state field, or require Salesforce metadata expansion. Client/source-data owner must confirm the intended address."
Needs Client Clarification,PersonMailingState,MIDDLE PROVINCE,Saudi Arabia,SA,,1,"State cannot be deterministically mapped for the current row. It may conflict with the country, be a city/county/country value in the state field, or require Salesforce metadata expansion. Client/source-data owner must confirm the intended address."
Needs Client Clarification,PersonMailingState,MIDDLE,Cameroon,CM,,1,"State cannot be deterministically mapped for the current row. It may conflict with the country, be a city/county/country value in the state field, or require Salesforce metadata expansion. Client/source-data owner must confirm the intended address."
Needs Client Clarification,PersonMailingState,MIDDX,United Kingdom,GB,,1,"State cannot be deterministically mapped for the current row. It may conflict with the country, be a city/county/country value in the state field, or require Salesforce metadata expansion. Client/source-data owner must confirm the intended address."
Needs Client Clarification,PersonMailingState,MIDI PYRENEES,France,FR,,1,"State cannot be deterministically mapped for the current row. It may conflict with the country, be a city/county/country value in the state field, or require Salesforce metadata expansion. Client/source-data owner must confirm the intended address."
Needs Client Clarification,PersonMailingState,MIDI-PYRENEES,France,FR,,1,"State cannot be deterministically mapped for the current row. It may conflict with the country, be a city/county/country value in the state field, or require Salesforce metadata expansion. Client/source-data owner must confirm the intended address."
Needs Client Clarification,PersonMailingState,MIDTJYLLAND,Denmark,DK,,1,"State cannot be deterministically mapped for the current row. It may conflict with the country, be a city/county/country value in the state field, or require Salesforce metadata expansion. Client/source-data owner must confirm the intended address."
Needs Client Clarification,PersonMailingState,MINATO-KU,Japan,JP,,1,"State cannot be deterministically mapped for the current row. It may conflict with the country, be a city/county/country value in the state field, or require Salesforce metadata expansion. Client/source-data owner must confirm the intended address."
Needs Client Clarification,PersonMailingState,MINHANG DISTRICT,China,CN,,1,"State cannot be deterministically mapped for the current row. It may conflict with the country, be a city/county/country value in the state field, or require Salesforce metadata expansion. Client/source-data owner must confirm the intended address."
Needs Client Clarification,PersonMailingState,MINNESTOTA,United States,US,,1,"State cannot be deterministically mapped for the current row. It may conflict with the country, be a city/county/country value in the state field, or require Salesforce metadata expansion. Client/source-data owner must confirm the intended address."
Needs Client Clarification,PersonMailingState,Missouri,Italy,IT,,1,"State cannot be deterministically mapped for the current row. It may conflict with the country, be a city/county/country value in the state field, or require Salesforce metadata expansion. Client/source-data owner must confirm the intended address."
Needs Client Clarification,PersonMailingState,MITTE,Germany,DE,,1,"State cannot be deterministically mapped for the current row. It may conflict with the country, be a city/county/country value in the state field, or require Salesforce metadata expansion. Client/source-data owner must confirm the intended address."
Needs Client Clarification,PersonMailingState,MLG,Spain,ES,,1,"State cannot be deterministically mapped for the current row. It may conflict with the country, be a city/county/country value in the state field, or require Salesforce metadata expansion. Client/source-data owner must confirm the intended address."
Needs Client Clarification,PersonMailingState,ML,United States,US,,1,"State cannot be deterministically mapped for the current row. It may conflict with the country, be a city/county/country value in the state field, or require Salesforce metadata expansion. Client/source-data owner must confirm the intended address."
Needs Client Clarification,PersonMailingState,MM,Philippines,PH,,1,"State cannot be deterministically mapped for the current row. It may conflict with the country, be a city/county/country value in the state field, or require Salesforce metadata expansion. Client/source-data owner must confirm the intended address."
Needs Client Clarification,PersonMailingState,MOHAKHALI,Bangladesh,BD,,1,"State cannot be deterministically mapped for the current row. It may conflict with the country, be a city/county/country value in the state field, or require Salesforce metadata expansion. Client/source-data owner must confirm the intended address."
Needs Client Clarification,PersonMailingState,MOKATTEM,Egypt,EG,,1,"State cannot be deterministically mapped for the current row. It may conflict with the country, be a city/county/country value in the state field, or require Salesforce metadata expansion. Client/source-data owner must confirm the intended address."
Needs Client Clarification,PersonMailingState,MOKOTOW,Poland,PL,,1,"State cannot be deterministically mapped for the current row. It may conflict with the country, be a city/county/country value in the state field, or require Salesforce metadata expansion. Client/source-data owner must confirm the intended address."
Needs Client Clarification,PersonMailingState,MOMBASA,Kenya,KE,,1,"State cannot be deterministically mapped for the current row. It may conflict with the country, be a city/county/country value in the state field, or require Salesforce metadata expansion. Client/source-data owner must confirm the intended address."
Needs Client Clarification,PersonMailingState,MONSTIR,Tunisia,TN,,1,"State cannot be deterministically mapped for the current row. It may conflict with the country, be a city/county/country value in the state field, or require Salesforce metadata expansion. Client/source-data owner must confirm the intended address."
Needs Client Clarification,PersonMailingState,MONTEREY,United States,US,,1,"State cannot be deterministically mapped for the current row. It may conflict with the country, be a city/county/country value in the state field, or require Salesforce metadata expansion. Client/source-data owner must confirm the intended address."
Needs Client Clarification,PersonMailingState,MONTSERRADO COUNTY,Liberia,LR,,1,"State cannot be deterministically mapped for the current row. It may conflict with the country, be a city/county/country value in the state field, or require Salesforce metadata expansion. Client/source-data owner must confirm the intended address."
Needs Client Clarification,PersonMailingState,MONZA BRIANZA,Italy,IT,,1,"State cannot be deterministically mapped for the current row. It may conflict with the country, be a city/county/country value in the state field, or require Salesforce metadata expansion. Client/source-data owner must confirm the intended address."
Needs Client Clarification,PersonMailingState,MONZA E BRIANZA,Italy,IT,,1,"State cannot be deterministically mapped for the current row. It may conflict with the country, be a city/county/country value in the state field, or require Salesforce metadata expansion. Client/source-data owner must confirm the intended address."
Needs Client Clarification,PersonMailingState,MORBIHAN,France,FR,,1,"State cannot be deterministically mapped for the current row. It may conflict with the country, be a city/county/country value in the state field, or require Salesforce metadata expansion. Client/source-data owner must confirm the intended address."
Needs Client Clarification,PersonMailingState,MORE OG ROMSDAL,Norway,NO,,1,"State cannot be deterministically mapped for the current row. It may conflict with the country, be a city/county/country value in the state field, or require Salesforce metadata expansion. Client/source-data owner must confirm the intended address."
Needs Client Clarification,PersonMailingState,MOSCOW,Russian Federation,RU,,1,"State cannot be deterministically mapped for the current row. It may conflict with the country, be a city/county/country value in the state field, or require Salesforce metadata expansion. Client/source-data owner must confirm the intended address."
Needs Client Clarification,PersonMailingState,MR,Norway,NO,,1,"State cannot be deterministically mapped for the current row. It may conflict with the country, be a city/county/country value in the state field, or require Salesforce metadata expansion. Client/source-data owner must confirm the intended address."
Needs Client Clarification,PersonMailingState,MT - MONTANA,United States,US,,1,"State cannot be deterministically mapped for the current row. It may conflict with the country, be a city/county/country value in the state field, or require Salesforce metadata expansion. Client/source-data owner must confirm the intended address."
Needs Client Clarification,PersonMailingState,MT MONTANA,United States,US,,1,"State cannot be deterministically mapped for the current row. It may conflict with the country, be a city/county/country value in the state field, or require Salesforce metadata expansion. Client/source-data owner must confirm the intended address."
Needs Client Clarification,PersonMailingState,MUANG,Thailand,TH,,1,"State cannot be deterministically mapped for the current row. It may conflict with the country, be a city/county/country value in the state field, or require Salesforce metadata expansion. Client/source-data owner must confirm the intended address."
Needs Client Clarification,PersonMailingState,MUDUG,Somalia,SO,,1,"State cannot be deterministically mapped for the current row. It may conflict with the country, be a city/county/country value in the state field, or require Salesforce metadata expansion. Client/source-data owner must confirm the intended address."
Needs Client Clarification,PersonMailingState,MULHOUSE,France,FR,,1,"State cannot be deterministically mapped for the current row. It may conflict with the country, be a city/county/country value in the state field, or require Salesforce metadata expansion. Client/source-data owner must confirm the intended address."
Needs Client Clarification,PersonMailingState,MULTNOMAH,United States,US,,1,"State cannot be deterministically mapped for the current row. It may conflict with the country, be a city/county/country value in the state field, or require Salesforce metadata expansion. Client/source-data owner must confirm the intended address."
Needs Client Clarification,PersonMailingState,MUMBAI,India,IN,,1,"State cannot be deterministically mapped for the current row. It may conflict with the country, be a city/county/country value in the state field, or require Salesforce metadata expansion. Client/source-data owner must confirm the intended address."
Needs Client Clarification,PersonMailingState,MUNICIPALIDAD METROP,Peru,PE,,1,"State cannot be deterministically mapped for the current row. It may conflict with the country, be a city/county/country value in the state field, or require Salesforce metadata expansion. Client/source-data owner must confirm the intended address."
Needs Client Clarification,PersonMailingState,MUNSTER,Ireland,IE,,1,"State cannot be deterministically mapped for the current row. It may conflict with the country, be a city/county/country value in the state field, or require Salesforce metadata expansion. Client/source-data owner must confirm the intended address."
Needs Client Clarification,PersonMailingState,MURES,Romania,RO,,1,"State cannot be deterministically mapped for the current row. It may conflict with the country, be a city/county/country value in the state field, or require Salesforce metadata expansion. Client/source-data owner must confirm the intended address."
Needs Client Clarification,PersonMailingState,MUSASHINOSHI,Japan,JP,,1,"State cannot be deterministically mapped for the current row. It may conflict with the country, be a city/county/country value in the state field, or require Salesforce metadata expansion. Client/source-data owner must confirm the intended address."
Needs Client Clarification,PersonMailingState,MU,United States,US,,1,"State cannot be deterministically mapped for the current row. It may conflict with the country, be a city/county/country value in the state field, or require Salesforce metadata expansion. Client/source-data owner must confirm the intended address."
Needs Client Clarification,PersonMailingState,MVD,Uruguay,UY,,1,"State cannot be deterministically mapped for the current row. It may conflict with the country, be a city/county/country value in the state field, or require Salesforce metadata expansion. Client/source-data owner must confirm the intended address."
Needs Client Clarification,PersonMailingState,MV,Maldives,MV,,1,"State cannot be deterministically mapped for the current row. It may conflict with the country, be a city/county/country value in the state field, or require Salesforce metadata expansion. Client/source-data owner must confirm the intended address."
Needs Client Clarification,PersonMailingState,MX,Mexico,MX,,1,"State cannot be deterministically mapped for the current row. It may conflict with the country, be a city/county/country value in the state field, or require Salesforce metadata expansion. Client/source-data owner must confirm the intended address."
Needs Client Clarification,PersonMailingState,MY STATE IS NOT LIST,Saudi Arabia,SA,,1,"State cannot be deterministically mapped for the current row. It may conflict with the country, be a city/county/country value in the state field, or require Salesforce metadata expansion. Client/source-data owner must confirm the intended address."
Needs Client Clarification,PersonMailingState,MYMENSINGH,Bangladesh,BD,,1,"State cannot be deterministically mapped for the current row. It may conflict with the country, be a city/county/country value in the state field, or require Salesforce metadata expansion. Client/source-data owner must confirm the intended address."
Needs Client Clarification,PersonMailingState,N IRELAND,United Kingdom,GB,,1,"State cannot be deterministically mapped for the current row. It may conflict with the country, be a city/county/country value in the state field, or require Salesforce metadata expansion. Client/source-data owner must confirm the intended address."
Needs Client Clarification,PersonMailingState,N.Y.,United States,US,,1,"State cannot be deterministically mapped for the current row. It may conflict with the country, be a city/county/country value in the state field, or require Salesforce metadata expansion. Client/source-data owner must confirm the intended address."
Needs Client Clarification,PersonMailingState,N'DJAMENA,Chad,TD,,1,"State cannot be deterministically mapped for the current row. It may conflict with the country, be a city/county/country value in the state field, or require Salesforce metadata expansion. Client/source-data owner must confirm the intended address."
Needs Client Clarification,PersonMailingState,N/,,,,1,"State cannot be deterministically mapped for the current row. It may conflict with the country, be a city/county/country value in the state field, or require Salesforce metadata expansion. Client/source-data owner must confirm the intended address."
Fixable by Code Update,PersonMailingState,N/A,Cyprus,CY,,1,State is blank/NA. Script should omit/null PersonMailingStateCode instead of sending a literal placeholder.
Fixable by Code Update,PersonMailingState,N/A,Denmark,DK,,1,State is blank/NA. Script should omit/null PersonMailingStateCode instead of sending a literal placeholder.
Fixable by Code Update,PersonMailingState,N/A,France,FR,,1,State is blank/NA. Script should omit/null PersonMailingStateCode instead of sending a literal placeholder.
Fixable by Code Update,PersonMailingState,N/A,Greece,GR,,1,State is blank/NA. Script should omit/null PersonMailingStateCode instead of sending a literal placeholder.
Fixable by Code Update,PersonMailingState,N/A,India,IN,,1,State is blank/NA. Script should omit/null PersonMailingStateCode instead of sending a literal placeholder.
Fixable by Code Update,PersonMailingState,N/A,Jamaica,JM,,1,State is blank/NA. Script should omit/null PersonMailingStateCode instead of sending a literal placeholder.
Fixable by Code Update,PersonMailingState,N/A,Jordan,JO,,1,State is blank/NA. Script should omit/null PersonMailingStateCode instead of sending a literal placeholder.
Fixable by Code Update,PersonMailingState,N/A,Norway,NO,,1,State is blank/NA. Script should omit/null PersonMailingStateCode instead of sending a literal placeholder.
Fixable by Code Update,PersonMailingState,N/A,Peru,PE,,1,State is blank/NA. Script should omit/null PersonMailingStateCode instead of sending a literal placeholder.
Fixable by Code Update,PersonMailingState,N/A,United Arab Emirates,AE,,1,State is blank/NA. Script should omit/null PersonMailingStateCode instead of sending a literal placeholder.
Fixable by Code Update,PersonMailingState,N/A,Zimbabwe,ZW,,1,State is blank/NA. Script should omit/null PersonMailingStateCode instead of sending a literal placeholder.
Fixable by Code Update,PersonMailingState,NA,Algeria,DZ,,1,State is blank/NA. Script should omit/null PersonMailingStateCode instead of sending a literal placeholder.
Fixable by Code Update,PersonMailingState,NA,Argentina,AR,,1,State is blank/NA. Script should omit/null PersonMailingStateCode instead of sending a literal placeholder.
Fixable by Code Update,PersonMailingState,NA,Bahrain,BH,,1,State is blank/NA. Script should omit/null PersonMailingStateCode instead of sending a literal placeholder.
Fixable by Code Update,PersonMailingState,NA,Burundi,BI,,1,State is blank/NA. Script should omit/null PersonMailingStateCode instead of sending a literal placeholder.
Fixable by Code Update,PersonMailingState,NA,Costa Rica,CR,,1,State is blank/NA. Script should omit/null PersonMailingStateCode instead of sending a literal placeholder.
Fixable by Code Update,PersonMailingState,NA,Dominican Republic,DO,,1,State is blank/NA. Script should omit/null PersonMailingStateCode instead of sending a literal placeholder.
Fixable by Code Update,PersonMailingState,NA,Estonia,EE,,1,State is blank/NA. Script should omit/null PersonMailingStateCode instead of sending a literal placeholder.
Fixable by Code Update,PersonMailingState,NA,Germany,DE,,1,State is blank/NA. Script should omit/null PersonMailingStateCode instead of sending a literal placeholder.
Fixable by Code Update,PersonMailingState,NA,Greece,GR,,1,State is blank/NA. Script should omit/null PersonMailingStateCode instead of sending a literal placeholder.
Fixable by Code Update,PersonMailingState,NA,Guatemala,GT,,1,State is blank/NA. Script should omit/null PersonMailingStateCode instead of sending a literal placeholder.
Needs Client Clarification,PersonMailingState,NAIROBI COUNTY,Kenya,KE,,1,"State cannot be deterministically mapped for the current row. It may conflict with the country, be a city/county/country value in the state field, or require Salesforce metadata expansion. Client/source-data owner must confirm the intended address."
Fixable by Code Update,PersonMailingState,NA,Italy,IT,,1,State is blank/NA. Script should omit/null PersonMailingStateCode instead of sending a literal placeholder.
Fixable by Code Update,PersonMailingState,NA,Jamaica,JM,,1,State is blank/NA. Script should omit/null PersonMailingStateCode instead of sending a literal placeholder.
Needs Client Clarification,PersonMailingState,NAKAKU,Japan,JP,,1,"State cannot be deterministically mapped for the current row. It may conflict with the country, be a city/county/country value in the state field, or require Salesforce metadata expansion. Client/source-data owner must confirm the intended address."
Fixable by Code Update,PersonMailingState,NA,Kenya,KE,,1,State is blank/NA. Script should omit/null PersonMailingStateCode instead of sending a literal placeholder.
Needs Client Clarification,PersonMailingState,NAKHON PATHOM,Thailand,TH,,1,"State cannot be deterministically mapped for the current row. It may conflict with the country, be a city/county/country value in the state field, or require Salesforce metadata expansion. Client/source-data owner must confirm the intended address."
Needs Client Clarification,PersonMailingState,NAKHON PATHOM,THAILAND,TH,,1,"State cannot be deterministically mapped for the current row. It may conflict with the country, be a city/county/country value in the state field, or require Salesforce metadata expansion. Client/source-data owner must confirm the intended address."
Needs Client Clarification,PersonMailingState,NAKHONPATHOM,Thailand,TH,,1,"State cannot be deterministically mapped for the current row. It may conflict with the country, be a city/county/country value in the state field, or require Salesforce metadata expansion. Client/source-data owner must confirm the intended address."
Fixable by Code Update,PersonMailingState,NA,Lebanon,LB,,1,State is blank/NA. Script should omit/null PersonMailingStateCode instead of sending a literal placeholder.
Needs Client Clarification,PersonMailingState,NAMANGAN,Uzbekistan,UZ,,1,"State cannot be deterministically mapped for the current row. It may conflict with the country, be a city/county/country value in the state field, or require Salesforce metadata expansion. Client/source-data owner must confirm the intended address."
Fixable by Code Update,PersonMailingState,NA,Mexico,MX,,1,State is blank/NA. Script should omit/null PersonMailingStateCode instead of sending a literal placeholder.
Needs Client Clarification,PersonMailingState,NAMUR,Belgium,BE,,1,"State cannot be deterministically mapped for the current row. It may conflict with the country, be a city/county/country value in the state field, or require Salesforce metadata expansion. Client/source-data owner must confirm the intended address."
Fixable by Code Update,PersonMailingState,NA,Portugal,PT,,1,State is blank/NA. Script should omit/null PersonMailingStateCode instead of sending a literal placeholder.
Fixable by Code Update,PersonMailingState,NA,Qatar,QA,,1,State is blank/NA. Script should omit/null PersonMailingStateCode instead of sending a literal placeholder.
Needs Client Clarification,PersonMailingState,NARIMANOV,Azerbaijan,AZ,,1,"State cannot be deterministically mapped for the current row. It may conflict with the country, be a city/county/country value in the state field, or require Salesforce metadata expansion. Client/source-data owner must confirm the intended address."
Needs Client Clarification,PersonMailingState,NARINO,Colombia,CO,,1,"State cannot be deterministically mapped for the current row. It may conflict with the country, be a city/county/country value in the state field, or require Salesforce metadata expansion. Client/source-data owner must confirm the intended address."
Fixable by Code Update,PersonMailingState,NA,Rwanda,RW,,1,State is blank/NA. Script should omit/null PersonMailingStateCode instead of sending a literal placeholder.
Needs Client Clarification,PersonMailingState,NASER CITY,Egypt,EG,,1,"State cannot be deterministically mapped for the current row. It may conflict with the country, be a city/county/country value in the state field, or require Salesforce metadata expansion. Client/source-data owner must confirm the intended address."
Fixable by Code Update,PersonMailingState,NA,Switzerland,CH,,1,State is blank/NA. Script should omit/null PersonMailingStateCode instead of sending a literal placeholder.
Needs Client Clarification,PersonMailingState,NATANYA,Israel,IL,,1,"State cannot be deterministically mapped for the current row. It may conflict with the country, be a city/county/country value in the state field, or require Salesforce metadata expansion. Client/source-data owner must confirm the intended address."
Needs Client Clarification,PersonMailingState,NATIONAL CAPITOL REG,Philippines,PH,,1,"State cannot be deterministically mapped for the current row. It may conflict with the country, be a city/county/country value in the state field, or require Salesforce metadata expansion. Client/source-data owner must confirm the intended address."
Needs Client Clarification,PersonMailingState,NATIONAL DISTRICT,Dominican Republic,DO,,1,"State cannot be deterministically mapped for the current row. It may conflict with the country, be a city/county/country value in the state field, or require Salesforce metadata expansion. Client/source-data owner must confirm the intended address."
Fixable by Code Update,PersonMailingState,NA,Ukraine,UA,,1,State is blank/NA. Script should omit/null PersonMailingStateCode instead of sending a literal placeholder.
Fixable by Code Update,PersonMailingState,NA,United Arab Emirates,AE,,1,State is blank/NA. Script should omit/null PersonMailingStateCode instead of sending a literal placeholder.
Needs Client Clarification,PersonMailingState,NB,,,,1,"State cannot be deterministically mapped for the current row. It may conflict with the country, be a city/county/country value in the state field, or require Salesforce metadata expansion. Client/source-data owner must confirm the intended address."
Needs Client Clarification,PersonMailingState,NB,United States,US,,1,"State cannot be deterministically mapped for the current row. It may conflict with the country, be a city/county/country value in the state field, or require Salesforce metadata expansion. Client/source-data owner must confirm the intended address."
Needs Client Clarification,PersonMailingState,NCR FOURTH DISTRICT,Philippines,PH,,1,"State cannot be deterministically mapped for the current row. It may conflict with the country, be a city/county/country value in the state field, or require Salesforce metadata expansion. Client/source-data owner must confirm the intended address."
Needs Client Clarification,PersonMailingState,NDS,Germany,DE,,1,"State cannot be deterministically mapped for the current row. It may conflict with the country, be a city/county/country value in the state field, or require Salesforce metadata expansion. Client/source-data owner must confirm the intended address."
Needs Client Clarification,PersonMailingState,NEAR MARATHAHALLI BR,India,IN,,1,"State cannot be deterministically mapped for the current row. It may conflict with the country, be a city/county/country value in the state field, or require Salesforce metadata expansion. Client/source-data owner must confirm the intended address."
Needs Client Clarification,PersonMailingState,NEATH,United Kingdom,GB,,1,"State cannot be deterministically mapped for the current row. It may conflict with the country, be a city/county/country value in the state field, or require Salesforce metadata expansion. Client/source-data owner must confirm the intended address."
Needs Client Clarification,PersonMailingState,Nebraska,Switzerland,CH,,1,"State cannot be deterministically mapped for the current row. It may conflict with the country, be a city/county/country value in the state field, or require Salesforce metadata expansion. Client/source-data owner must confirm the intended address."
Needs Client Clarification,PersonMailingState,NEGERI SEMBILAN,Malaysia,MY,,1,"State cannot be deterministically mapped for the current row. It may conflict with the country, be a city/county/country value in the state field, or require Salesforce metadata expansion. Client/source-data owner must confirm the intended address."
Needs Client Clarification,PersonMailingState,NEIMENGGU,China,CN,,1,"State cannot be deterministically mapped for the current row. It may conflict with the country, be a city/county/country value in the state field, or require Salesforce metadata expansion. Client/source-data owner must confirm the intended address."
Needs Client Clarification,PersonMailingState,NEO IRAKLEIO,Greece,GR,,1,"State cannot be deterministically mapped for the current row. It may conflict with the country, be a city/county/country value in the state field, or require Salesforce metadata expansion. Client/source-data owner must confirm the intended address."
Needs Client Clarification,PersonMailingState,NERIMA KU,Japan,JP,,1,"State cannot be deterministically mapped for the current row. It may conflict with the country, be a city/county/country value in the state field, or require Salesforce metadata expansion. Client/source-data owner must confirm the intended address."
Needs Client Clarification,PersonMailingState,NERIMA-KU,Japan,JP,,1,"State cannot be deterministically mapped for the current row. It may conflict with the country, be a city/county/country value in the state field, or require Salesforce metadata expansion. Client/source-data owner must confirm the intended address."
Needs Client Clarification,PersonMailingState,NESTTUN,Norway,NO,,1,"State cannot be deterministically mapped for the current row. It may conflict with the country, be a city/county/country value in the state field, or require Salesforce metadata expansion. Client/source-data owner must confirm the intended address."
Needs Client Clarification,PersonMailingState,NETHERLANDS SOUTH HO,Netherlands,NL,,1,"State cannot be deterministically mapped for the current row. It may conflict with the country, be a city/county/country value in the state field, or require Salesforce metadata expansion. Client/source-data owner must confirm the intended address."
Needs Client Clarification,PersonMailingState,NEW JERESY,United States,US,,1,"State cannot be deterministically mapped for the current row. It may conflict with the country, be a city/county/country value in the state field, or require Salesforce metadata expansion. Client/source-data owner must confirm the intended address."
Needs Client Clarification,PersonMailingState,NEW ORLEANS,United States,US,,1,"State cannot be deterministically mapped for the current row. It may conflict with the country, be a city/county/country value in the state field, or require Salesforce metadata expansion. Client/source-data owner must confirm the intended address."
Needs Client Clarification,PersonMailingState,"NEW SOUTH WALES, NSW",Australia,AU,,1,"State cannot be deterministically mapped for the current row. It may conflict with the country, be a city/county/country value in the state field, or require Salesforce metadata expansion. Client/source-data owner must confirm the intended address."
Needs Client Clarification,PersonMailingState,NEW YORK (NY),United States,US,,1,"State cannot be deterministically mapped for the current row. It may conflict with the country, be a city/county/country value in the state field, or require Salesforce metadata expansion. Client/source-data owner must confirm the intended address."
Needs Client Clarification,PersonMailingState,NEW YORK CITY,United States,US,,1,"State cannot be deterministically mapped for the current row. It may conflict with the country, be a city/county/country value in the state field, or require Salesforce metadata expansion. Client/source-data owner must confirm the intended address."
Needs Client Clarification,PersonMailingState,New York,Egypt,EG,,1,"State cannot be deterministically mapped for the current row. It may conflict with the country, be a city/county/country value in the state field, or require Salesforce metadata expansion. Client/source-data owner must confirm the intended address."
Needs Client Clarification,PersonMailingState,New York,United Kingdom,GB,,1,"State cannot be deterministically mapped for the current row. It may conflict with the country, be a city/county/country value in the state field, or require Salesforce metadata expansion. Client/source-data owner must confirm the intended address."
Needs Client Clarification,PersonMailingState,NEWFOUNDLAND AND LAB,Canada,CA,,1,"State cannot be deterministically mapped for the current row. It may conflict with the country, be a city/county/country value in the state field, or require Salesforce metadata expansion. Client/source-data owner must confirm the intended address."
Needs Client Clarification,PersonMailingState,NEWJERSEY,United States,US,,1,"State cannot be deterministically mapped for the current row. It may conflict with the country, be a city/county/country value in the state field, or require Salesforce metadata expansion. Client/source-data owner must confirm the intended address."
Needs Client Clarification,PersonMailingState,NG,Nigeria,NG,,1,"State cannot be deterministically mapped for the current row. It may conflict with the country, be a city/county/country value in the state field, or require Salesforce metadata expansion. Client/source-data owner must confirm the intended address."
Needs Client Clarification,PersonMailingState,NH - NEW HAMPSHIRE,United States,US,,1,"State cannot be deterministically mapped for the current row. It may conflict with the country, be a city/county/country value in the state field, or require Salesforce metadata expansion. Client/source-data owner must confirm the intended address."
Needs Client Clarification,PersonMailingState,NI,,,,1,"State cannot be deterministically mapped for the current row. It may conflict with the country, be a city/county/country value in the state field, or require Salesforce metadata expansion. Client/source-data owner must confirm the intended address."
Needs Client Clarification,PersonMailingState,NIAMEY,Niger,NE,,1,"State cannot be deterministically mapped for the current row. It may conflict with the country, be a city/county/country value in the state field, or require Salesforce metadata expansion. Client/source-data owner must confirm the intended address."
Needs Client Clarification,PersonMailingState,NIC,Cyprus,CY,,1,"State cannot be deterministically mapped for the current row. It may conflict with the country, be a city/county/country value in the state field, or require Salesforce metadata expansion. Client/source-data owner must confirm the intended address."
Needs Client Clarification,PersonMailingState,NIERDERSACHSEN,Germany,DE,,1,"State cannot be deterministically mapped for the current row. It may conflict with the country, be a city/county/country value in the state field, or require Salesforce metadata expansion. Client/source-data owner must confirm the intended address."
Needs Client Clarification,PersonMailingState,NITRIANSKY KRAJ,Slovakia,SK,,1,"State cannot be deterministically mapped for the current row. It may conflict with the country, be a city/county/country value in the state field, or require Salesforce metadata expansion. Client/source-data owner must confirm the intended address."
Needs Client Clarification,PersonMailingState,NITTEDAL,Norway,NO,,1,"State cannot be deterministically mapped for the current row. It may conflict with the country, be a city/county/country value in the state field, or require Salesforce metadata expansion. Client/source-data owner must confirm the intended address."
Needs Client Clarification,PersonMailingState,NL,,,,1,"State cannot be deterministically mapped for the current row. It may conflict with the country, be a city/county/country value in the state field, or require Salesforce metadata expansion. Client/source-data owner must confirm the intended address."
Fixable by Code Update,PersonMailingState,NL,Canada,CA,NL,1,Script can normalize state 'NL' with country 'Canada' to PersonMailingCountryCode 'CA' and PersonMailingStateCode 'NL'.
Fixable by Code Update,PersonMailingState,NL,mexico,MX,NL,1,Script can normalize state 'NL' with country 'mexico' to PersonMailingCountryCode 'MX' and PersonMailingStateCode 'NL'.
Needs Client Clarification,PersonMailingState,NO,,,,1,"State cannot be deterministically mapped for the current row. It may conflict with the country, be a city/county/country value in the state field, or require Salesforce metadata expansion. Client/source-data owner must confirm the intended address."
Needs Client Clarification,PersonMailingState,NO OPTIONS TO DISPLA,Poland,PL,,1,"State cannot be deterministically mapped for the current row. It may conflict with the country, be a city/county/country value in the state field, or require Salesforce metadata expansion. Client/source-data owner must confirm the intended address."
Needs Client Clarification,PersonMailingState,NO STATE,Taiwan,TW,,1,"State cannot be deterministically mapped for the current row. It may conflict with the country, be a city/county/country value in the state field, or require Salesforce metadata expansion. Client/source-data owner must confirm the intended address."
Needs Client Clarification,PersonMailingState,NOIDA,India,IN,,1,"State cannot be deterministically mapped for the current row. It may conflict with the country, be a city/county/country value in the state field, or require Salesforce metadata expansion. Client/source-data owner must confirm the intended address."
Needs Client Clarification,PersonMailingState,NO,India,IN,,1,"State cannot be deterministically mapped for the current row. It may conflict with the country, be a city/county/country value in the state field, or require Salesforce metadata expansion. Client/source-data owner must confirm the intended address."
Fixable by Code Update,PersonMailingState,NO,Italy,IT,NO,1,Script can normalize state 'NO' with country 'Italy' to PersonMailingCountryCode 'IT' and PersonMailingStateCode 'NO'.
Needs Client Clarification,PersonMailingState,NON-US/NON-CANADIAN,Ethiopia,ET,,1,"State cannot be deterministically mapped for the current row. It may conflict with the country, be a city/county/country value in the state field, or require Salesforce metadata expansion. Client/source-data owner must confirm the intended address."
Needs Client Clarification,PersonMailingState,NON-US/NON-CANADIAN,Iraq,IQ,,1,"State cannot be deterministically mapped for the current row. It may conflict with the country, be a city/county/country value in the state field, or require Salesforce metadata expansion. Client/source-data owner must confirm the intended address."
Needs Client Clarification,PersonMailingState,NON-US,Finland,FI,,1,"State cannot be deterministically mapped for the current row. It may conflict with the country, be a city/county/country value in the state field, or require Salesforce metadata expansion. Client/source-data owner must confirm the intended address."
Needs Client Clarification,PersonMailingState,NON-US,United Kingdom,GB,,1,"State cannot be deterministically mapped for the current row. It may conflict with the country, be a city/county/country value in the state field, or require Salesforce metadata expansion. Client/source-data owner must confirm the intended address."
Needs Client Clarification,PersonMailingState,NON,Bahrain,BH,,1,"State cannot be deterministically mapped for the current row. It may conflict with the country, be a city/county/country value in the state field, or require Salesforce metadata expansion. Client/source-data owner must confirm the intended address."
Needs Client Clarification,PersonMailingState,NONE - NON-US/CANADA,Germany,DE,,1,"State cannot be deterministically mapped for the current row. It may conflict with the country, be a city/county/country value in the state field, or require Salesforce metadata expansion. Client/source-data owner must confirm the intended address."
Fixable by Code Update,PersonMailingState,NONE,Austria,AT,,1,State is blank/NA. Script should omit/null PersonMailingStateCode instead of sending a literal placeholder.
Fixable by Code Update,PersonMailingState,NONE,Bulgaria,BG,,1,State is blank/NA. Script should omit/null PersonMailingStateCode instead of sending a literal placeholder.
Fixable by Code Update,PersonMailingState,NONE,Egypt,EG,,1,State is blank/NA. Script should omit/null PersonMailingStateCode instead of sending a literal placeholder.
Fixable by Code Update,PersonMailingState,NONE,Ireland,IE,,1,State is blank/NA. Script should omit/null PersonMailingStateCode instead of sending a literal placeholder.
Fixable by Code Update,PersonMailingState,NONE,Israel,IL,,1,State is blank/NA. Script should omit/null PersonMailingStateCode instead of sending a literal placeholder.
Fixable by Code Update,PersonMailingState,NONE,South Africa,ZA,,1,State is blank/NA. Script should omit/null PersonMailingStateCode instead of sending a literal placeholder.
Fixable by Code Update,PersonMailingState,NONE,Ukraine,UA,,1,State is blank/NA. Script should omit/null PersonMailingStateCode instead of sending a literal placeholder.
Fixable by Code Update,PersonMailingState,NONE,United States,US,,1,State is blank/NA. Script should omit/null PersonMailingStateCode instead of sending a literal placeholder.
Needs Client Clarification,PersonMailingState,NOORD-HOOLAND,Netherlands,NL,,1,"State cannot be deterministically mapped for the current row. It may conflict with the country, be a city/county/country value in the state field, or require Salesforce metadata expansion. Client/source-data owner must confirm the intended address."
Needs Client Clarification,PersonMailingState,NORD RHEIN WESTFALEN,Germany,DE,,1,"State cannot be deterministically mapped for the current row. It may conflict with the country, be a city/county/country value in the state field, or require Salesforce metadata expansion. Client/source-data owner must confirm the intended address."
Needs Client Clarification,PersonMailingState,NORDJYLLAND,Denmark,DK,,1,"State cannot be deterministically mapped for the current row. It may conflict with the country, be a city/county/country value in the state field, or require Salesforce metadata expansion. Client/source-data owner must confirm the intended address."
Needs Client Clarification,PersonMailingState,NORDRHEIN WESTFALEN,Germany,DE,,1,"State cannot be deterministically mapped for the current row. It may conflict with the country, be a city/county/country value in the state field, or require Salesforce metadata expansion. Client/source-data owner must confirm the intended address."
Needs Client Clarification,PersonMailingState,NORGE,Norway,NO,,1,"State cannot be deterministically mapped for the current row. It may conflict with the country, be a city/county/country value in the state field, or require Salesforce metadata expansion. Client/source-data owner must confirm the intended address."
Needs Client Clarification,PersonMailingState,NORH AFRICA,Egypt,EG,,1,"State cannot be deterministically mapped for the current row. It may conflict with the country, be a city/county/country value in the state field, or require Salesforce metadata expansion. Client/source-data owner must confirm the intended address."
Needs Client Clarification,PersonMailingState,NØRREBRO,Denmark,DK,,1,"State cannot be deterministically mapped for the current row. It may conflict with the country, be a city/county/country value in the state field, or require Salesforce metadata expansion. Client/source-data owner must confirm the intended address."
Needs Client Clarification,PersonMailingState,NORTH AFRICA,Libya,LY,,1,"State cannot be deterministically mapped for the current row. It may conflict with the country, be a city/county/country value in the state field, or require Salesforce metadata expansion. Client/source-data owner must confirm the intended address."
Needs Client Clarification,PersonMailingState,NORTH CENTRAL,Nigeria,NG,,1,"State cannot be deterministically mapped for the current row. It may conflict with the country, be a city/county/country value in the state field, or require Salesforce metadata expansion. Client/source-data owner must confirm the intended address."
Needs Client Clarification,PersonMailingState,NORTH HOLLAND,United Kingdom,GB,,1,"State cannot be deterministically mapped for the current row. It may conflict with the country, be a city/county/country value in the state field, or require Salesforce metadata expansion. Client/source-data owner must confirm the intended address."
Needs Client Clarification,PersonMailingState,NORTH SOMERSET,United Kingdom,GB,,1,"State cannot be deterministically mapped for the current row. It may conflict with the country, be a city/county/country value in the state field, or require Salesforce metadata expansion. Client/source-data owner must confirm the intended address."
Needs Client Clarification,PersonMailingState,NORTH SUMATERA,Indonesia,ID,,1,"State cannot be deterministically mapped for the current row. It may conflict with the country, be a city/county/country value in the state field, or require Salesforce metadata expansion. Client/source-data owner must confirm the intended address."
Needs Client Clarification,PersonMailingState,NORTH SUMATRA,Indonesia,ID,,1,"State cannot be deterministically mapped for the current row. It may conflict with the country, be a city/county/country value in the state field, or require Salesforce metadata expansion. Client/source-data owner must confirm the intended address."
Needs Client Clarification,PersonMailingState,NORTH-RHINE-WESTFALI,Germany,DE,,1,"State cannot be deterministically mapped for the current row. It may conflict with the country, be a city/county/country value in the state field, or require Salesforce metadata expansion. Client/source-data owner must confirm the intended address."
Fixable by Code Update,PersonMailingState,NORTHERN CALIFORNIA,United States,US,CA,1,Script can normalize state 'NORTHERN CALIFORNIA' with country 'United States' to PersonMailingCountryCode 'US' and PersonMailingStateCode 'CA'.
Needs Client Clarification,PersonMailingState,NORTHERN GOVERNORATE,Bahrain,BH,,1,"State cannot be deterministically mapped for the current row. It may conflict with the country, be a city/county/country value in the state field, or require Salesforce metadata expansion. Client/source-data owner must confirm the intended address."
Needs Client Clarification,PersonMailingState,NORTHERN IRELAND,United Kingdom,GB,,1,"State cannot be deterministically mapped for the current row. It may conflict with the country, be a city/county/country value in the state field, or require Salesforce metadata expansion. Client/source-data owner must confirm the intended address."
Needs Client Clarification,PersonMailingState,NORTHERN JUTLAND,Denmark,DK,,1,"State cannot be deterministically mapped for the current row. It may conflict with the country, be a city/county/country value in the state field, or require Salesforce metadata expansion. Client/source-data owner must confirm the intended address."
Needs Client Clarification,PersonMailingState,NORTHERN PROVINCE,Sri Lanka,LK,,1,"State cannot be deterministically mapped for the current row. It may conflict with the country, be a city/county/country value in the state field, or require Salesforce metadata expansion. Client/source-data owner must confirm the intended address."
Needs Client Clarification,PersonMailingState,NORTH,Israel,IL,,1,"State cannot be deterministically mapped for the current row. It may conflict with the country, be a city/county/country value in the state field, or require Salesforce metadata expansion. Client/source-data owner must confirm the intended address."
Needs Client Clarification,PersonMailingState,NORTHLANDS,New Zealand,NZ,,1,"State cannot be deterministically mapped for the current row. It may conflict with the country, be a city/county/country value in the state field, or require Salesforce metadata expansion. Client/source-data owner must confirm the intended address."
Needs Client Clarification,PersonMailingState,NORTH,Lebanon,LB,,1,"State cannot be deterministically mapped for the current row. It may conflict with the country, be a city/county/country value in the state field, or require Salesforce metadata expansion. Client/source-data owner must confirm the intended address."
Needs Client Clarification,PersonMailingState,NORTHRHINE WESTFALIA,Germany,DE,,1,"State cannot be deterministically mapped for the current row. It may conflict with the country, be a city/county/country value in the state field, or require Salesforce metadata expansion. Client/source-data owner must confirm the intended address."
Needs Client Clarification,PersonMailingState,NORTHRHINE-WESTFALIA,Germany,DE,,1,"State cannot be deterministically mapped for the current row. It may conflict with the country, be a city/county/country value in the state field, or require Salesforce metadata expansion. Client/source-data owner must confirm the intended address."
Needs Client Clarification,PersonMailingState,NORTHWEST TERRITORIE,Canada,CA,,1,"State cannot be deterministically mapped for the current row. It may conflict with the country, be a city/county/country value in the state field, or require Salesforce metadata expansion. Client/source-data owner must confirm the intended address."
Needs Client Clarification,PersonMailingState,NOT APPLICABLE,IRELAND,IE,,1,"State cannot be deterministically mapped for the current row. It may conflict with the country, be a city/county/country value in the state field, or require Salesforce metadata expansion. Client/source-data owner must confirm the intended address."
Needs Client Clarification,PersonMailingState,NOT APPLICABLE,Netherlands,NL,,1,"State cannot be deterministically mapped for the current row. It may conflict with the country, be a city/county/country value in the state field, or require Salesforce metadata expansion. Client/source-data owner must confirm the intended address."
Needs Client Clarification,PersonMailingState,NOT APPLICABLE,New Zealand,NZ,,1,"State cannot be deterministically mapped for the current row. It may conflict with the country, be a city/county/country value in the state field, or require Salesforce metadata expansion. Client/source-data owner must confirm the intended address."
Needs Client Clarification,PersonMailingState,NOT APPLICABLE,Switzerland,CH,,1,"State cannot be deterministically mapped for the current row. It may conflict with the country, be a city/county/country value in the state field, or require Salesforce metadata expansion. Client/source-data owner must confirm the intended address."
Needs Client Clarification,PersonMailingState,NOT SPECIFIED,Singapore,SG,,1,"State cannot be deterministically mapped for the current row. It may conflict with the country, be a city/county/country value in the state field, or require Salesforce metadata expansion. Client/source-data owner must confirm the intended address."
Needs Client Clarification,PersonMailingState,NOTTS,United Kingdom,GB,,1,"State cannot be deterministically mapped for the current row. It may conflict with the country, be a city/county/country value in the state field, or require Salesforce metadata expansion. Client/source-data owner must confirm the intended address."
Needs Client Clarification,PersonMailingState,NOUVELLE AQUITAINE,France,FR,,1,"State cannot be deterministically mapped for the current row. It may conflict with the country, be a city/county/country value in the state field, or require Salesforce metadata expansion. Client/source-data owner must confirm the intended address."
Needs Client Clarification,PersonMailingState,NOVI SAD,Serbia,RS,,1,"State cannot be deterministically mapped for the current row. It may conflict with the country, be a city/county/country value in the state field, or require Salesforce metadata expansion. Client/source-data owner must confirm the intended address."
Needs Client Clarification,PersonMailingState,NS,Germany,DE,,1,"State cannot be deterministically mapped for the current row. It may conflict with the country, be a city/county/country value in the state field, or require Salesforce metadata expansion. Client/source-data owner must confirm the intended address."
Fixable by Code Update,PersonMailingState,NT,Australia,AU,NT,1,Script can normalize state 'NT' with country 'Australia' to PersonMailingCountryCode 'AU' and PersonMailingStateCode 'NT'.
Needs Client Clarification,PersonMailingState,NT,Cambodia,KH,,1,"State cannot be deterministically mapped for the current row. It may conflict with the country, be a city/county/country value in the state field, or require Salesforce metadata expansion. Client/source-data owner must confirm the intended address."
Fixable by Code Update,PersonMailingState,NT,Canada,CA,NT,1,Script can normalize state 'NT' with country 'Canada' to PersonMailingCountryCode 'CA' and PersonMailingStateCode 'NT'.
Needs Client Clarification,PersonMailingState,NT,Romania,RO,,1,"State cannot be deterministically mapped for the current row. It may conflict with the country, be a city/county/country value in the state field, or require Salesforce metadata expansion. Client/source-data owner must confirm the intended address."
Needs Client Clarification,PersonMailingState,NUEVO LEON,United States,US,,1,"State cannot be deterministically mapped for the current row. It may conflict with the country, be a city/county/country value in the state field, or require Salesforce metadata expansion. Client/source-data owner must confirm the intended address."
Needs Client Clarification,PersonMailingState,NUSA TENGGARA TIMUR,Indonesia,ID,,1,"State cannot be deterministically mapped for the current row. It may conflict with the country, be a city/county/country value in the state field, or require Salesforce metadata expansion. Client/source-data owner must confirm the intended address."
Needs Client Clarification,PersonMailingState,NUZVID,India,IN,,1,"State cannot be deterministically mapped for the current row. It may conflict with the country, be a city/county/country value in the state field, or require Salesforce metadata expansion. Client/source-data owner must confirm the intended address."
Needs Client Clarification,PersonMailingState,NYANZA,Kenya,KE,,1,"State cannot be deterministically mapped for the current row. It may conflict with the country, be a city/county/country value in the state field, or require Salesforce metadata expansion. Client/source-data owner must confirm the intended address."
Needs Client Clarification,PersonMailingState,NYCA,United States,US,,1,"State cannot be deterministically mapped for the current row. It may conflict with the country, be a city/county/country value in the state field, or require Salesforce metadata expansion. Client/source-data owner must confirm the intended address."
Needs Client Clarification,PersonMailingState,OAKLAND,United States,US,,1,"State cannot be deterministically mapped for the current row. It may conflict with the country, be a city/county/country value in the state field, or require Salesforce metadata expansion. Client/source-data owner must confirm the intended address."
Needs Client Clarification,PersonMailingState,OBC,India,IN,,1,"State cannot be deterministically mapped for the current row. It may conflict with the country, be a city/county/country value in the state field, or require Salesforce metadata expansion. Client/source-data owner must confirm the intended address."
Needs Client Clarification,PersonMailingState,ODES'KA,Ukraine,UA,,1,"State cannot be deterministically mapped for the current row. It may conflict with the country, be a city/county/country value in the state field, or require Salesforce metadata expansion. Client/source-data owner must confirm the intended address."
Needs Client Clarification,PersonMailingState,ODESKAYA,Ukraine,UA,,1,"State cannot be deterministically mapped for the current row. It may conflict with the country, be a city/county/country value in the state field, or require Salesforce metadata expansion. Client/source-data owner must confirm the intended address."
Needs Client Clarification,PersonMailingState,ODESSA OBLAST,Ukraine,UA,,1,"State cannot be deterministically mapped for the current row. It may conflict with the country, be a city/county/country value in the state field, or require Salesforce metadata expansion. Client/source-data owner must confirm the intended address."
Needs Client Clarification,PersonMailingState,OGUN STATE,Nigeria,NG,,1,"State cannot be deterministically mapped for the current row. It may conflict with the country, be a city/county/country value in the state field, or require Salesforce metadata expansion. Client/source-data owner must confirm the intended address."
Needs Client Clarification,PersonMailingState,OGUN,Nigeria,NG,,1,"State cannot be deterministically mapped for the current row. It may conflict with the country, be a city/county/country value in the state field, or require Salesforce metadata expansion. Client/source-data owner must confirm the intended address."
Needs Client Clarification,PersonMailingState,OHIGGINS,Chile,CL,,1,"State cannot be deterministically mapped for the current row. It may conflict with the country, be a city/county/country value in the state field, or require Salesforce metadata expansion. Client/source-data owner must confirm the intended address."
Needs Client Clarification,PersonMailingState,OHIO (OH),United States,US,,1,"State cannot be deterministically mapped for the current row. It may conflict with the country, be a city/county/country value in the state field, or require Salesforce metadata expansion. Client/source-data owner must confirm the intended address."
Needs Client Clarification,PersonMailingState,Oklahoma,France,FR,,1,"State cannot be deterministically mapped for the current row. It may conflict with the country, be a city/county/country value in the state field, or require Salesforce metadata expansion. Client/source-data owner must confirm the intended address."
Needs Client Clarification,PersonMailingState,OLAYA,Saudi Arabia,SA,,1,"State cannot be deterministically mapped for the current row. It may conflict with the country, be a city/county/country value in the state field, or require Salesforce metadata expansion. Client/source-data owner must confirm the intended address."
Needs Client Clarification,PersonMailingState,OLD TBILISI,Georgia,GE,,1,"State cannot be deterministically mapped for the current row. It may conflict with the country, be a city/county/country value in the state field, or require Salesforce metadata expansion. Client/source-data owner must confirm the intended address."
Needs Client Clarification,PersonMailingState,OL,Poland,PL,,1,"State cannot be deterministically mapped for the current row. It may conflict with the country, be a city/county/country value in the state field, or require Salesforce metadata expansion. Client/source-data owner must confirm the intended address."
Needs Client Clarification,PersonMailingState,OMAHA,United States,US,,1,"State cannot be deterministically mapped for the current row. It may conflict with the country, be a city/county/country value in the state field, or require Salesforce metadata expansion. Client/source-data owner must confirm the intended address."
Fixable by Code Update,PersonMailingState,ON,canada,CA,ON,1,Script can normalize state 'ON' with country 'canada' to PersonMailingCountryCode 'CA' and PersonMailingStateCode 'ON'.
Needs Client Clarification,PersonMailingState,ONDO STATE,Nigeria,NG,,1,"State cannot be deterministically mapped for the current row. It may conflict with the country, be a city/county/country value in the state field, or require Salesforce metadata expansion. Client/source-data owner must confirm the intended address."
Needs Client Clarification,PersonMailingState,ONDO,Nigeria,NG,,1,"State cannot be deterministically mapped for the current row. It may conflict with the country, be a city/county/country value in the state field, or require Salesforce metadata expansion. Client/source-data owner must confirm the intended address."
Needs Client Clarification,PersonMailingState,ONTARIO (ON),Canada,CA,,1,"State cannot be deterministically mapped for the current row. It may conflict with the country, be a city/county/country value in the state field, or require Salesforce metadata expansion. Client/source-data owner must confirm the intended address."
Needs Client Clarification,PersonMailingState,ONTARIO,Nigeria,NG,,1,"State cannot be deterministically mapped for the current row. It may conflict with the country, be a city/county/country value in the state field, or require Salesforce metadata expansion. Client/source-data owner must confirm the intended address."
Needs Client Clarification,PersonMailingState,ONTATIO,Canada,CA,,1,"State cannot be deterministically mapped for the current row. It may conflict with the country, be a city/county/country value in the state field, or require Salesforce metadata expansion. Client/source-data owner must confirm the intended address."
Needs Client Clarification,PersonMailingState,ON,United States,US,,1,"State cannot be deterministically mapped for the current row. It may conflict with the country, be a city/county/country value in the state field, or require Salesforce metadata expansion. Client/source-data owner must confirm the intended address."
Needs Client Clarification,PersonMailingState,OOST VLANDEREN,Belgium,BE,,1,"State cannot be deterministically mapped for the current row. It may conflict with the country, be a city/county/country value in the state field, or require Salesforce metadata expansion. Client/source-data owner must confirm the intended address."
Needs Client Clarification,PersonMailingState,OR - OREGON,United States,US,,1,"State cannot be deterministically mapped for the current row. It may conflict with the country, be a city/county/country value in the state field, or require Salesforce metadata expansion. Client/source-data owner must confirm the intended address."
Needs Client Clarification,PersonMailingState,ORE,United States,US,,1,"State cannot be deterministically mapped for the current row. It may conflict with the country, be a city/county/country value in the state field, or require Salesforce metadata expansion. Client/source-data owner must confirm the intended address."
Needs Client Clarification,PersonMailingState,ORGON,United States,US,,1,"State cannot be deterministically mapped for the current row. It may conflict with the country, be a city/county/country value in the state field, or require Salesforce metadata expansion. Client/source-data owner must confirm the intended address."
Needs Client Clarification,PersonMailingState,ORIENTAL MINDORO MIM,Philippines,PH,,1,"State cannot be deterministically mapped for the current row. It may conflict with the country, be a city/county/country value in the state field, or require Salesforce metadata expansion. Client/source-data owner must confirm the intended address."
Needs Client Clarification,PersonMailingState,ORIENTAL,Morocco,MA,,1,"State cannot be deterministically mapped for the current row. It may conflict with the country, be a city/county/country value in the state field, or require Salesforce metadata expansion. Client/source-data owner must confirm the intended address."
Needs Client Clarification,PersonMailingState,OROMIA,Ethiopia,ET,,1,"State cannot be deterministically mapped for the current row. It may conflict with the country, be a city/county/country value in the state field, or require Salesforce metadata expansion. Client/source-data owner must confirm the intended address."
Needs Client Clarification,PersonMailingState,OSREDNJESLOVENSKA,Slovenia,SI,,1,"State cannot be deterministically mapped for the current row. It may conflict with the country, be a city/county/country value in the state field, or require Salesforce metadata expansion. Client/source-data owner must confirm the intended address."
Needs Client Clarification,PersonMailingState,OSTERCAPPELN,Germany,DE,,1,"State cannot be deterministically mapped for the current row. It may conflict with the country, be a city/county/country value in the state field, or require Salesforce metadata expansion. Client/source-data owner must confirm the intended address."
Needs Client Clarification,PersonMailingState,OTHER - NON CDN/US,Nigeria,NG,,1,"State cannot be deterministically mapped for the current row. It may conflict with the country, be a city/county/country value in the state field, or require Salesforce metadata expansion. Client/source-data owner must confirm the intended address."
Needs Client Clarification,PersonMailingState,OTHER (NON U.S.,China,CN,,1,"State cannot be deterministically mapped for the current row. It may conflict with the country, be a city/county/country value in the state field, or require Salesforce metadata expansion. Client/source-data owner must confirm the intended address."
Needs Client Clarification,PersonMailingState,OTHER REGION,Bosnia and Herzegovina,BA,,1,"State cannot be deterministically mapped for the current row. It may conflict with the country, be a city/county/country value in the state field, or require Salesforce metadata expansion. Client/source-data owner must confirm the intended address."
Needs Client Clarification,PersonMailingState,OTHER/NONE,Brazil,BR,,1,"State cannot be deterministically mapped for the current row. It may conflict with the country, be a city/county/country value in the state field, or require Salesforce metadata expansion. Client/source-data owner must confirm the intended address."
Needs Client Clarification,PersonMailingState,OTHER,Finland,FI,,1,"State cannot be deterministically mapped for the current row. It may conflict with the country, be a city/county/country value in the state field, or require Salesforce metadata expansion. Client/source-data owner must confirm the intended address."
Needs Client Clarification,PersonMailingState,OTHER,Germany,DE,,1,"State cannot be deterministically mapped for the current row. It may conflict with the country, be a city/county/country value in the state field, or require Salesforce metadata expansion. Client/source-data owner must confirm the intended address."
Needs Client Clarification,PersonMailingState,OTHER,Indonesia,ID,,1,"State cannot be deterministically mapped for the current row. It may conflict with the country, be a city/county/country value in the state field, or require Salesforce metadata expansion. Client/source-data owner must confirm the intended address."
Needs Client Clarification,PersonMailingState,OTHER,Singapore,SG,,1,"State cannot be deterministically mapped for the current row. It may conflict with the country, be a city/county/country value in the state field, or require Salesforce metadata expansion. Client/source-data owner must confirm the intended address."
Needs Client Clarification,PersonMailingState,OTHER,Switzerland,CH,,1,"State cannot be deterministically mapped for the current row. It may conflict with the country, be a city/county/country value in the state field, or require Salesforce metadata expansion. Client/source-data owner must confirm the intended address."
Needs Client Clarification,PersonMailingState,OTHER,Taiwan,TW,,1,"State cannot be deterministically mapped for the current row. It may conflict with the country, be a city/county/country value in the state field, or require Salesforce metadata expansion. Client/source-data owner must confirm the intended address."
Needs Client Clarification,PersonMailingState,OUD HEVERLEE,Belgium,BE,,1,"State cannot be deterministically mapped for the current row. It may conflict with the country, be a city/county/country value in the state field, or require Salesforce metadata expansion. Client/source-data owner must confirm the intended address."
Needs Client Clarification,PersonMailingState,OUEST,Haiti,HT,,1,"State cannot be deterministically mapped for the current row. It may conflict with the country, be a city/county/country value in the state field, or require Salesforce metadata expansion. Client/source-data owner must confirm the intended address."
Needs Client Clarification,PersonMailingState,OUTSIDE AUSTRALIA,Iraq,IQ,,1,"State cannot be deterministically mapped for the current row. It may conflict with the country, be a city/county/country value in the state field, or require Salesforce metadata expansion. Client/source-data owner must confirm the intended address."
Needs Client Clarification,PersonMailingState,OUTSIDE US,Chile,CL,,1,"State cannot be deterministically mapped for the current row. It may conflict with the country, be a city/county/country value in the state field, or require Salesforce metadata expansion. Client/source-data owner must confirm the intended address."
Needs Client Clarification,PersonMailingState,OUTSIDE US,India,IN,,1,"State cannot be deterministically mapped for the current row. It may conflict with the country, be a city/county/country value in the state field, or require Salesforce metadata expansion. Client/source-data owner must confirm the intended address."
Needs Client Clarification,PersonMailingState,OXON,United Kingdom,GB,,1,"State cannot be deterministically mapped for the current row. It may conflict with the country, be a city/county/country value in the state field, or require Salesforce metadata expansion. Client/source-data owner must confirm the intended address."
Needs Client Clarification,PersonMailingState,OYO STATE,Nigeria,NG,,1,"State cannot be deterministically mapped for the current row. It may conflict with the country, be a city/county/country value in the state field, or require Salesforce metadata expansion. Client/source-data owner must confirm the intended address."
Needs Client Clarification,PersonMailingState,P,,,,1,"State cannot be deterministically mapped for the current row. It may conflict with the country, be a city/county/country value in the state field, or require Salesforce metadata expansion. Client/source-data owner must confirm the intended address."
Needs Client Clarification,PersonMailingState,PA - PENNSYLVANIA,United States,US,,1,"State cannot be deterministically mapped for the current row. It may conflict with the country, be a city/county/country value in the state field, or require Salesforce metadata expansion. Client/source-data owner must confirm the intended address."
Needs Client Clarification,PersonMailingState,PADDINGTON,United Kingdom,GB,,1,"State cannot be deterministically mapped for the current row. It may conflict with the country, be a city/county/country value in the state field, or require Salesforce metadata expansion. Client/source-data owner must confirm the intended address."
Needs Client Clarification,PersonMailingState,PAHANG D.M.,Malaysia,MY,,1,"State cannot be deterministically mapped for the current row. It may conflict with the country, be a city/county/country value in the state field, or require Salesforce metadata expansion. Client/source-data owner must confirm the intended address."
Needs Client Clarification,PersonMailingState,PAIS VASCO,Spain,ES,,1,"State cannot be deterministically mapped for the current row. It may conflict with the country, be a city/county/country value in the state field, or require Salesforce metadata expansion. Client/source-data owner must confirm the intended address."
Needs Client Clarification,PersonMailingState,PAKISTAN_PUNJAB_LAHO,Pakistan,PK,,1,"State cannot be deterministically mapped for the current row. It may conflict with the country, be a city/county/country value in the state field, or require Salesforce metadata expansion. Client/source-data owner must confirm the intended address."
Needs Client Clarification,PersonMailingState,"PAKISTAN, SINDH",Pakistan,PK,,1,"State cannot be deterministically mapped for the current row. It may conflict with the country, be a city/county/country value in the state field, or require Salesforce metadata expansion. Client/source-data owner must confirm the intended address."
Needs Client Clarification,PersonMailingState,PAKISTAN/PUNJAB/CHAK,Pakistan,PK,,1,"State cannot be deterministically mapped for the current row. It may conflict with the country, be a city/county/country value in the state field, or require Salesforce metadata expansion. Client/source-data owner must confirm the intended address."
Needs Client Clarification,PersonMailingState,PAKISTAN/PUNJAB/ISLA,Pakistan,PK,,1,"State cannot be deterministically mapped for the current row. It may conflict with the country, be a city/county/country value in the state field, or require Salesforce metadata expansion. Client/source-data owner must confirm the intended address."
Needs Client Clarification,PersonMailingState,PANGASINAN,Philippines,PH,,1,"State cannot be deterministically mapped for the current row. It may conflict with the country, be a city/county/country value in the state field, or require Salesforce metadata expansion. Client/source-data owner must confirm the intended address."
Needs Client Clarification,PersonMailingState,PAPUA BARAT,Indonesia,ID,,1,"State cannot be deterministically mapped for the current row. It may conflict with the country, be a city/county/country value in the state field, or require Salesforce metadata expansion. Client/source-data owner must confirm the intended address."
Fixable by Code Update,PersonMailingState,PARAIBA,Brazil,BR,PB,1,Script can normalize state 'PARAIBA' with country 'Brazil' to PersonMailingCountryCode 'BR' and PersonMailingStateCode 'PB'.
Needs Client Clarification,PersonMailingState,PARANA CURITIBA,Brazil,BR,,1,"State cannot be deterministically mapped for the current row. It may conflict with the country, be a city/county/country value in the state field, or require Salesforce metadata expansion. Client/source-data owner must confirm the intended address."
Needs Client Clarification,PersonMailingState,PARIS ILE DE FRANCE,France,FR,,1,"State cannot be deterministically mapped for the current row. It may conflict with the country, be a city/county/country value in the state field, or require Salesforce metadata expansion. Client/source-data owner must confirm the intended address."
Needs Client Clarification,PersonMailingState,PARIS- FRANCE,France,FR,,1,"State cannot be deterministically mapped for the current row. It may conflict with the country, be a city/county/country value in the state field, or require Salesforce metadata expansion. Client/source-data owner must confirm the intended address."
Needs Client Clarification,PersonMailingState,PAS DE CALAIS,France,FR,,1,"State cannot be deterministically mapped for the current row. It may conflict with the country, be a city/county/country value in the state field, or require Salesforce metadata expansion. Client/source-data owner must confirm the intended address."
Needs Client Clarification,PersonMailingState,PATHUMTHANI,Thailand,TH,,1,"State cannot be deterministically mapped for the current row. It may conflict with the country, be a city/county/country value in the state field, or require Salesforce metadata expansion. Client/source-data owner must confirm the intended address."
Needs Client Clarification,PersonMailingState,"PAYATHAI PROVINCE, S",Thailand,TH,,1,"State cannot be deterministically mapped for the current row. It may conflict with the country, be a city/county/country value in the state field, or require Salesforce metadata expansion. Client/source-data owner must confirm the intended address."
Needs Client Clarification,PersonMailingState,PAYS DE LA LOIRE,France,FR,,1,"State cannot be deterministically mapped for the current row. It may conflict with the country, be a city/county/country value in the state field, or require Salesforce metadata expansion. Client/source-data owner must confirm the intended address."
Needs Client Clarification,PersonMailingState,PAYS DE LOIRE,France,FR,,1,"State cannot be deterministically mapped for the current row. It may conflict with the country, be a city/county/country value in the state field, or require Salesforce metadata expansion. Client/source-data owner must confirm the intended address."
Needs Client Clarification,PersonMailingState,PE-LIM,Peru,PE,,1,"State cannot be deterministically mapped for the current row. It may conflict with the country, be a city/county/country value in the state field, or require Salesforce metadata expansion. Client/source-data owner must confirm the intended address."
Needs Client Clarification,PersonMailingState,PEMBROKE,Bermuda,BM,,1,"State cannot be deterministically mapped for the current row. It may conflict with the country, be a city/county/country value in the state field, or require Salesforce metadata expansion. Client/source-data owner must confirm the intended address."
Needs Client Clarification,PersonMailingState,PE,Peru,PE,,1,"State cannot be deterministically mapped for the current row. It may conflict with the country, be a city/county/country value in the state field, or require Salesforce metadata expansion. Client/source-data owner must confirm the intended address."
Needs Client Clarification,PersonMailingState,PERAK,MALAYSIA,MY,,1,"State cannot be deterministically mapped for the current row. It may conflict with the country, be a city/county/country value in the state field, or require Salesforce metadata expansion. Client/source-data owner must confirm the intended address."
Needs Client Clarification,PersonMailingState,PERNAMUCO,Brazil,BR,,1,"State cannot be deterministically mapped for the current row. It may conflict with the country, be a city/county/country value in the state field, or require Salesforce metadata expansion. Client/source-data owner must confirm the intended address."
Needs Client Clarification,PersonMailingState,PEST MEGYE,Hungary,HU,,1,"State cannot be deterministically mapped for the current row. It may conflict with the country, be a city/county/country value in the state field, or require Salesforce metadata expansion. Client/source-data owner must confirm the intended address."
Needs Client Clarification,PersonMailingState,PG,Malaysia,MY,,1,"State cannot be deterministically mapped for the current row. It may conflict with the country, be a city/county/country value in the state field, or require Salesforce metadata expansion. Client/source-data owner must confirm the intended address."
Needs Client Clarification,PersonMailingState,PH,,,,1,"State cannot be deterministically mapped for the current row. It may conflict with the country, be a city/county/country value in the state field, or require Salesforce metadata expansion. Client/source-data owner must confirm the intended address."
Needs Client Clarification,PersonMailingState,PHNOM PENH,Cambodia,KH,,1,"State cannot be deterministically mapped for the current row. It may conflict with the country, be a city/county/country value in the state field, or require Salesforce metadata expansion. Client/source-data owner must confirm the intended address."
Needs Client Clarification,PersonMailingState,PH,Philippines,PH,,1,"State cannot be deterministically mapped for the current row. It may conflict with the country, be a city/county/country value in the state field, or require Salesforce metadata expansion. Client/source-data owner must confirm the intended address."
Needs Client Clarification,PersonMailingState,PIASECZYNSKI,Poland,PL,,1,"State cannot be deterministically mapped for the current row. It may conflict with the country, be a city/county/country value in the state field, or require Salesforce metadata expansion. Client/source-data owner must confirm the intended address."
Needs Client Clarification,PersonMailingState,PICARDIE,France,FR,,1,"State cannot be deterministically mapped for the current row. It may conflict with the country, be a city/county/country value in the state field, or require Salesforce metadata expansion. Client/source-data owner must confirm the intended address."
Needs Client Clarification,PersonMailingState,PIEDMONT,Italy,IT,,1,"State cannot be deterministically mapped for the current row. It may conflict with the country, be a city/county/country value in the state field, or require Salesforce metadata expansion. Client/source-data owner must confirm the intended address."
Needs Client Clarification,PersonMailingState,PIEMONTE,Italy,IT,,1,"State cannot be deterministically mapped for the current row. It may conflict with the country, be a city/county/country value in the state field, or require Salesforce metadata expansion. Client/source-data owner must confirm the intended address."
Needs Client Clarification,PersonMailingState,PIRKANMAA,FINLAND,FI,,1,"State cannot be deterministically mapped for the current row. It may conflict with the country, be a city/county/country value in the state field, or require Salesforce metadata expansion. Client/source-data owner must confirm the intended address."
Needs Client Clarification,PersonMailingState,PLATEAU,Nigeria,NG,,1,"State cannot be deterministically mapped for the current row. It may conflict with the country, be a city/county/country value in the state field, or require Salesforce metadata expansion. Client/source-data owner must confirm the intended address."
Needs Client Clarification,PersonMailingState,PLEASANTON,United States,US,,1,"State cannot be deterministically mapped for the current row. It may conflict with the country, be a city/county/country value in the state field, or require Salesforce metadata expansion. Client/source-data owner must confirm the intended address."
Needs Client Clarification,PersonMailingState,PLEASE SELECT,Singapore,SG,,1,"State cannot be deterministically mapped for the current row. It may conflict with the country, be a city/county/country value in the state field, or require Salesforce metadata expansion. Client/source-data owner must confirm the intended address."
Needs Client Clarification,PersonMailingState,PLOVDIV,Bulgaria,BG,,1,"State cannot be deterministically mapped for the current row. It may conflict with the country, be a city/county/country value in the state field, or require Salesforce metadata expansion. Client/source-data owner must confirm the intended address."
Fixable by Code Update,PersonMailingState,PN,Italy,IT,PN,1,Script can normalize state 'PN' with country 'Italy' to PersonMailingCountryCode 'IT' and PersonMailingStateCode 'PN'.
Needs Client Clarification,PersonMailingState,PO,,,,1,"State cannot be deterministically mapped for the current row. It may conflict with the country, be a city/county/country value in the state field, or require Salesforce metadata expansion. Client/source-data owner must confirm the intended address."
Needs Client Clarification,PersonMailingState,PODGORICA,Montenegro,ME,,1,"State cannot be deterministically mapped for the current row. It may conflict with the country, be a city/county/country value in the state field, or require Salesforce metadata expansion. Client/source-data owner must confirm the intended address."
Needs Client Clarification,PersonMailingState,PODKARPACKIE,Poland,PL,,1,"State cannot be deterministically mapped for the current row. It may conflict with the country, be a city/county/country value in the state field, or require Salesforce metadata expansion. Client/source-data owner must confirm the intended address."
Needs Client Clarification,PersonMailingState,POLSKA,Poland,PL,,1,"State cannot be deterministically mapped for the current row. It may conflict with the country, be a city/county/country value in the state field, or require Salesforce metadata expansion. Client/source-data owner must confirm the intended address."
Needs Client Clarification,PersonMailingState,POMERANIAN,Poland,PL,,1,"State cannot be deterministically mapped for the current row. It may conflict with the country, be a city/county/country value in the state field, or require Salesforce metadata expansion. Client/source-data owner must confirm the intended address."
Needs Client Clarification,PersonMailingState,POMORSKIE,Poland,PL,,1,"State cannot be deterministically mapped for the current row. It may conflict with the country, be a city/county/country value in the state field, or require Salesforce metadata expansion. Client/source-data owner must confirm the intended address."
Needs Client Clarification,PersonMailingState,PONTARLIER,France,FR,,1,"State cannot be deterministically mapped for the current row. It may conflict with the country, be a city/county/country value in the state field, or require Salesforce metadata expansion. Client/source-data owner must confirm the intended address."
Needs Client Clarification,PersonMailingState,PONTEVEDRA,Spain,ES,,1,"State cannot be deterministically mapped for the current row. It may conflict with the country, be a city/county/country value in the state field, or require Salesforce metadata expansion. Client/source-data owner must confirm the intended address."
Needs Client Clarification,PersonMailingState,PORTO,POrtugal,PT,,1,"State cannot be deterministically mapped for the current row. It may conflict with the country, be a city/county/country value in the state field, or require Salesforce metadata expansion. Client/source-data owner must confirm the intended address."
Needs Client Clarification,PersonMailingState,POTAMOS GERMASOYIAS,Cyprus,CY,,1,"State cannot be deterministically mapped for the current row. It may conflict with the country, be a city/county/country value in the state field, or require Salesforce metadata expansion. Client/source-data owner must confirm the intended address."
Needs Client Clarification,PersonMailingState,POTTENBRUNN,Austria,AT,,1,"State cannot be deterministically mapped for the current row. It may conflict with the country, be a city/county/country value in the state field, or require Salesforce metadata expansion. Client/source-data owner must confirm the intended address."
Needs Client Clarification,PersonMailingState,POZNANSKI,Poland,PL,,1,"State cannot be deterministically mapped for the current row. It may conflict with the country, be a city/county/country value in the state field, or require Salesforce metadata expansion. Client/source-data owner must confirm the intended address."
Needs Client Clarification,PersonMailingState,PQ,Canada,CA,,1,"State cannot be deterministically mapped for the current row. It may conflict with the country, be a city/county/country value in the state field, or require Salesforce metadata expansion. Client/source-data owner must confirm the intended address."
Needs Client Clarification,PersonMailingState,PRADESH NO.1,Nepal,NP,,1,"State cannot be deterministically mapped for the current row. It may conflict with the country, be a city/county/country value in the state field, or require Salesforce metadata expansion. Client/source-data owner must confirm the intended address."
Needs Client Clarification,PersonMailingState,PRIMORSKA,Slovenia,SI,,1,"State cannot be deterministically mapped for the current row. It may conflict with the country, be a city/county/country value in the state field, or require Salesforce metadata expansion. Client/source-data owner must confirm the intended address."
Needs Client Clarification,PersonMailingState,PRIVATKUNDE,Germany,DE,,1,"State cannot be deterministically mapped for the current row. It may conflict with the country, be a city/county/country value in the state field, or require Salesforce metadata expansion. Client/source-data owner must confirm the intended address."
Needs Client Clarification,PersonMailingState,PROVINCE 1,Nepal,NP,,1,"State cannot be deterministically mapped for the current row. It may conflict with the country, be a city/county/country value in the state field, or require Salesforce metadata expansion. Client/source-data owner must confirm the intended address."
Needs Client Clarification,PersonMailingState,PROVINCE-1,Nepal,NP,,1,"State cannot be deterministically mapped for the current row. It may conflict with the country, be a city/county/country value in the state field, or require Salesforce metadata expansion. Client/source-data owner must confirm the intended address."
Needs Client Clarification,PersonMailingState,PROVINCE,South Africa,ZA,,1,"State cannot be deterministically mapped for the current row. It may conflict with the country, be a city/county/country value in the state field, or require Salesforce metadata expansion. Client/source-data owner must confirm the intended address."
Needs Client Clarification,PersonMailingState,PT-0-13,Portugal,PT,,1,"State cannot be deterministically mapped for the current row. It may conflict with the country, be a city/county/country value in the state field, or require Salesforce metadata expansion. Client/source-data owner must confirm the intended address."
Needs Client Clarification,PersonMailingState,PT,Brazil,BR,,1,"State cannot be deterministically mapped for the current row. It may conflict with the country, be a city/county/country value in the state field, or require Salesforce metadata expansion. Client/source-data owner must confirm the intended address."
Needs Client Clarification,PersonMailingState,PUDONG NEW DISTRICT,China,CN,,1,"State cannot be deterministically mapped for the current row. It may conflict with the country, be a city/county/country value in the state field, or require Salesforce metadata expansion. Client/source-data owner must confirm the intended address."
Needs Client Clarification,PersonMailingState,"PUDONG, SHANGHAI",China,CN,,1,"State cannot be deterministically mapped for the current row. It may conflict with the country, be a city/county/country value in the state field, or require Salesforce metadata expansion. Client/source-data owner must confirm the intended address."
Needs Client Clarification,PersonMailingState,PUDONG,China,CN,,1,"State cannot be deterministically mapped for the current row. It may conflict with the country, be a city/county/country value in the state field, or require Salesforce metadata expansion. Client/source-data owner must confirm the intended address."
Needs Client Clarification,PersonMailingState,PULAU PINANG,Malaysia,MY,,1,"State cannot be deterministically mapped for the current row. It may conflict with the country, be a city/county/country value in the state field, or require Salesforce metadata expansion. Client/source-data owner must confirm the intended address."
Needs Client Clarification,PersonMailingState,PUNAB,Pakistan,PK,,1,"State cannot be deterministically mapped for the current row. It may conflict with the country, be a city/county/country value in the state field, or require Salesforce metadata expansion. Client/source-data owner must confirm the intended address."
Needs Client Clarification,PersonMailingState,PUNE,India,IN,,1,"State cannot be deterministically mapped for the current row. It may conflict with the country, be a city/county/country value in the state field, or require Salesforce metadata expansion. Client/source-data owner must confirm the intended address."
Needs Client Clarification,PersonMailingState,PUNJAB/PAKISTAN,Pakistan,PK,,1,"State cannot be deterministically mapped for the current row. It may conflict with the country, be a city/county/country value in the state field, or require Salesforce metadata expansion. Client/source-data owner must confirm the intended address."
Needs Client Clarification,PersonMailingState,PUNJAB,Qatar,QA,,1,"State cannot be deterministically mapped for the current row. It may conflict with the country, be a city/county/country value in the state field, or require Salesforce metadata expansion. Client/source-data owner must confirm the intended address."
Needs Client Clarification,PersonMailingState,PUNO,Peru,PE,,1,"State cannot be deterministically mapped for the current row. It may conflict with the country, be a city/county/country value in the state field, or require Salesforce metadata expansion. Client/source-data owner must confirm the intended address."
Needs Client Clarification,PersonMailingState,PU,Pakistan,PK,,1,"State cannot be deterministically mapped for the current row. It may conflict with the country, be a city/county/country value in the state field, or require Salesforce metadata expansion. Client/source-data owner must confirm the intended address."
Needs Client Clarification,PersonMailingState,PYRENEES ATLANTIQUES,France,FR,,1,"State cannot be deterministically mapped for the current row. It may conflict with the country, be a city/county/country value in the state field, or require Salesforce metadata expansion. Client/source-data owner must confirm the intended address."
Needs Client Clarification,PersonMailingState,PYRENEES,France,FR,,1,"State cannot be deterministically mapped for the current row. It may conflict with the country, be a city/county/country value in the state field, or require Salesforce metadata expansion. Client/source-data owner must confirm the intended address."
Needs Client Clarification,PersonMailingState,PYRNEES,France,FR,,1,"State cannot be deterministically mapped for the current row. It may conflict with the country, be a city/county/country value in the state field, or require Salesforce metadata expansion. Client/source-data owner must confirm the intended address."
Needs Client Clarification,PersonMailingState,QALIOB,Egypt,EG,,1,"State cannot be deterministically mapped for the current row. It may conflict with the country, be a city/county/country value in the state field, or require Salesforce metadata expansion. Client/source-data owner must confirm the intended address."
Needs Client Clarification,PersonMailingState,QALYUBIA (القليوبية),Egypt,EG,,1,"State cannot be deterministically mapped for the current row. It may conflict with the country, be a city/county/country value in the state field, or require Salesforce metadata expansion. Client/source-data owner must confirm the intended address."
Needs Client Clarification,PersonMailingState,QA,Qatar,QA,,1,"State cannot be deterministically mapped for the current row. It may conflict with the country, be a city/county/country value in the state field, or require Salesforce metadata expansion. Client/source-data owner must confirm the intended address."
Needs Client Clarification,PersonMailingState,QASSIM,Saudi Arabia,SA,,1,"State cannot be deterministically mapped for the current row. It may conflict with the country, be a city/county/country value in the state field, or require Salesforce metadata expansion. Client/source-data owner must confirm the intended address."
Needs Client Clarification,PersonMailingState,QC - QUEBEC,Canada,CA,,1,"State cannot be deterministically mapped for the current row. It may conflict with the country, be a city/county/country value in the state field, or require Salesforce metadata expansion. Client/source-data owner must confirm the intended address."
Needs Client Clarification,PersonMailingState,QLD,United States,US,,1,"State cannot be deterministically mapped for the current row. It may conflict with the country, be a city/county/country value in the state field, or require Salesforce metadata expansion. Client/source-data owner must confirm the intended address."
Needs Client Clarification,PersonMailingState,QRO,Mexico,MX,,1,"State cannot be deterministically mapped for the current row. It may conflict with the country, be a city/county/country value in the state field, or require Salesforce metadata expansion. Client/source-data owner must confirm the intended address."
Needs Client Clarification,PersonMailingState,QU,,,,1,"State cannot be deterministically mapped for the current row. It may conflict with the country, be a city/county/country value in the state field, or require Salesforce metadata expansion. Client/source-data owner must confirm the intended address."
Needs Client Clarification,PersonMailingState,QUEZON CITY,Philippines,PH,,1,"State cannot be deterministically mapped for the current row. It may conflict with the country, be a city/county/country value in the state field, or require Salesforce metadata expansion. Client/source-data owner must confirm the intended address."
Needs Client Clarification,PersonMailingState,QUITO/ PICHINCHA,Ecuador,EC,,1,"State cannot be deterministically mapped for the current row. It may conflict with the country, be a city/county/country value in the state field, or require Salesforce metadata expansion. Client/source-data owner must confirm the intended address."
Needs Client Clarification,PersonMailingState,RABAT-SALE-ZEMMOUR-Z,Morocco,MA,,1,"State cannot be deterministically mapped for the current row. It may conflict with the country, be a city/county/country value in the state field, or require Salesforce metadata expansion. Client/source-data owner must confirm the intended address."
Needs Client Clarification,PersonMailingState,RAJASTAHN,India,IN,,1,"State cannot be deterministically mapped for the current row. It may conflict with the country, be a city/county/country value in the state field, or require Salesforce metadata expansion. Client/source-data owner must confirm the intended address."
Needs Client Clarification,PersonMailingState,RAMA UNIVERSITY,India,IN,,1,"State cannot be deterministically mapped for the current row. It may conflict with the country, be a city/county/country value in the state field, or require Salesforce metadata expansion. Client/source-data owner must confirm the intended address."
Needs Client Clarification,PersonMailingState,RANGPUR,Bangladesh,BD,,1,"State cannot be deterministically mapped for the current row. It may conflict with the country, be a city/county/country value in the state field, or require Salesforce metadata expansion. Client/source-data owner must confirm the intended address."
Needs Client Clarification,PersonMailingState,RAWALPINDI,Pakistan,PK,,1,"State cannot be deterministically mapped for the current row. It may conflict with the country, be a city/county/country value in the state field, or require Salesforce metadata expansion. Client/source-data owner must confirm the intended address."
Needs Client Clarification,PersonMailingState,RED SEA,Egypt,EG,,1,"State cannot be deterministically mapped for the current row. It may conflict with the country, be a city/county/country value in the state field, or require Salesforce metadata expansion. Client/source-data owner must confirm the intended address."
Needs Client Clarification,PersonMailingState,REGION MIDT,Denmark,DK,,1,"State cannot be deterministically mapped for the current row. It may conflict with the country, be a city/county/country value in the state field, or require Salesforce metadata expansion. Client/source-data owner must confirm the intended address."
Needs Client Clarification,PersonMailingState,RENFREWSHIRE,United Kingdom,GB,,1,"State cannot be deterministically mapped for the current row. It may conflict with the country, be a city/county/country value in the state field, or require Salesforce metadata expansion. Client/source-data owner must confirm the intended address."
Needs Client Clarification,PersonMailingState,RHEINLAND-PALATINATE,Germany,DE,,1,"State cannot be deterministically mapped for the current row. It may conflict with the country, be a city/county/country value in the state field, or require Salesforce metadata expansion. Client/source-data owner must confirm the intended address."
Needs Client Clarification,PersonMailingState,RHEINLAND-PFALZ,Germany,DE,,1,"State cannot be deterministically mapped for the current row. It may conflict with the country, be a city/county/country value in the state field, or require Salesforce metadata expansion. Client/source-data owner must confirm the intended address."
Needs Client Clarification,PersonMailingState,RHEINLANDL-PFLAZ,Germany,DE,,1,"State cannot be deterministically mapped for the current row. It may conflict with the country, be a city/county/country value in the state field, or require Salesforce metadata expansion. Client/source-data owner must confirm the intended address."
Needs Client Clarification,PersonMailingState,RHINELAND PFALZ,Germany,DE,,1,"State cannot be deterministically mapped for the current row. It may conflict with the country, be a city/county/country value in the state field, or require Salesforce metadata expansion. Client/source-data owner must confirm the intended address."
Needs Client Clarification,PersonMailingState,RHINELAND-PALATINATE,Germany,DE,,1,"State cannot be deterministically mapped for the current row. It may conflict with the country, be a city/county/country value in the state field, or require Salesforce metadata expansion. Client/source-data owner must confirm the intended address."
Needs Client Clarification,PersonMailingState,Rhode Island,Italy,IT,,1,"State cannot be deterministically mapped for the current row. It may conflict with the country, be a city/county/country value in the state field, or require Salesforce metadata expansion. Client/source-data owner must confirm the intended address."
Needs Client Clarification,PersonMailingState,RHUNE,France,FR,,1,"State cannot be deterministically mapped for the current row. It may conflict with the country, be a city/county/country value in the state field, or require Salesforce metadata expansion. Client/source-data owner must confirm the intended address."
Needs Client Clarification,PersonMailingState,RIAU,Indonesia,ID,,1,"State cannot be deterministically mapped for the current row. It may conflict with the country, be a city/county/country value in the state field, or require Salesforce metadata expansion. Client/source-data owner must confirm the intended address."
Needs Client Clarification,PersonMailingState,RICHMOND UPON THAMES,United Kingdom,GB,,1,"State cannot be deterministically mapped for the current row. It may conflict with the country, be a city/county/country value in the state field, or require Salesforce metadata expansion. Client/source-data owner must confirm the intended address."
Needs Client Clarification,PersonMailingState,RICHMOND,United Kingdom,GB,,1,"State cannot be deterministically mapped for the current row. It may conflict with the country, be a city/county/country value in the state field, or require Salesforce metadata expansion. Client/source-data owner must confirm the intended address."
Needs Client Clarification,PersonMailingState,RIFFA,Bahrain,BH,,1,"State cannot be deterministically mapped for the current row. It may conflict with the country, be a city/county/country value in the state field, or require Salesforce metadata expansion. Client/source-data owner must confirm the intended address."
Needs Client Clarification,PersonMailingState,RIFT VALLEY,Kenya,KE,,1,"State cannot be deterministically mapped for the current row. It may conflict with the country, be a city/county/country value in the state field, or require Salesforce metadata expansion. Client/source-data owner must confirm the intended address."
Needs Client Clarification,PersonMailingState,RIO DE JANEIRO (STAT,Brazil,BR,,1,"State cannot be deterministically mapped for the current row. It may conflict with the country, be a city/county/country value in the state field, or require Salesforce metadata expansion. Client/source-data owner must confirm the intended address."
Needs Client Clarification,PersonMailingState,RIO DE JANEIRO/ RIO,Brazil,BR,,1,"State cannot be deterministically mapped for the current row. It may conflict with the country, be a city/county/country value in the state field, or require Salesforce metadata expansion. Client/source-data owner must confirm the intended address."
Needs Client Clarification,PersonMailingState,RIO,Brazil,BR,,1,"State cannot be deterministically mapped for the current row. It may conflict with the country, be a city/county/country value in the state field, or require Salesforce metadata expansion. Client/source-data owner must confirm the intended address."
Needs Client Clarification,PersonMailingState,RISARALDA,Colombia,CO,,1,"State cannot be deterministically mapped for the current row. It may conflict with the country, be a city/county/country value in the state field, or require Salesforce metadata expansion. Client/source-data owner must confirm the intended address."
Needs Client Clarification,PersonMailingState,RIVERSIDE,United States,US,,1,"State cannot be deterministically mapped for the current row. It may conflict with the country, be a city/county/country value in the state field, or require Salesforce metadata expansion. Client/source-data owner must confirm the intended address."
Needs Client Clarification,PersonMailingState,RIYADH CITY,Saudi Arabia,SA,,1,"State cannot be deterministically mapped for the current row. It may conflict with the country, be a city/county/country value in the state field, or require Salesforce metadata expansion. Client/source-data owner must confirm the intended address."
Needs Client Clarification,PersonMailingState,RJ SAMPAIO,Brazil,BR,,1,"State cannot be deterministically mapped for the current row. It may conflict with the country, be a city/county/country value in the state field, or require Salesforce metadata expansion. Client/source-data owner must confirm the intended address."
Needs Client Clarification,PersonMailingState,RJ/RJ/COPACABANA,Brazil,BR,,1,"State cannot be deterministically mapped for the current row. It may conflict with the country, be a city/county/country value in the state field, or require Salesforce metadata expansion. Client/source-data owner must confirm the intended address."
Needs Client Clarification,PersonMailingState,ROAD,Lebanon,LB,,1,"State cannot be deterministically mapped for the current row. It may conflict with the country, be a city/county/country value in the state field, or require Salesforce metadata expansion. Client/source-data owner must confirm the intended address."
Needs Client Clarification,PersonMailingState,RP,Germany,DE,,1,"State cannot be deterministically mapped for the current row. It may conflict with the country, be a city/county/country value in the state field, or require Salesforce metadata expansion. Client/source-data owner must confirm the intended address."
Needs Client Clarification,PersonMailingState,RW,Germany,DE,,1,"State cannot be deterministically mapped for the current row. It may conflict with the country, be a city/county/country value in the state field, or require Salesforce metadata expansion. Client/source-data owner must confirm the intended address."
Needs Client Clarification,PersonMailingState,RY,Saudi Arabia,SA,,1,"State cannot be deterministically mapped for the current row. It may conflict with the country, be a city/county/country value in the state field, or require Salesforce metadata expansion. Client/source-data owner must confirm the intended address."
Needs Client Clarification,PersonMailingState,SAAR,Bahrain,BH,,1,"State cannot be deterministically mapped for the current row. It may conflict with the country, be a city/county/country value in the state field, or require Salesforce metadata expansion. Client/source-data owner must confirm the intended address."
Needs Client Clarification,PersonMailingState,SAARLAND,Germany,DE,,1,"State cannot be deterministically mapped for the current row. It may conflict with the country, be a city/county/country value in the state field, or require Salesforce metadata expansion. Client/source-data owner must confirm the intended address."
Needs Client Clarification,PersonMailingState,SA,Brazil,BR,,1,"State cannot be deterministically mapped for the current row. It may conflict with the country, be a city/county/country value in the state field, or require Salesforce metadata expansion. Client/source-data owner must confirm the intended address."
Needs Client Clarification,PersonMailingState,SACHSEN-ANHALT,Germany,DE,,1,"State cannot be deterministically mapped for the current row. It may conflict with the country, be a city/county/country value in the state field, or require Salesforce metadata expansion. Client/source-data owner must confirm the intended address."
Needs Client Clarification,PersonMailingState,SAINT ANDREW,Jamaica,JM,,1,"State cannot be deterministically mapped for the current row. It may conflict with the country, be a city/county/country value in the state field, or require Salesforce metadata expansion. Client/source-data owner must confirm the intended address."
Fixable by Code Update,PersonMailingState,SA,Italy,IT,SA,1,Script can normalize state 'SA' with country 'Italy' to PersonMailingCountryCode 'IT' and PersonMailingStateCode 'SA'.
Needs Client Clarification,PersonMailingState,SALTA,Argentina,AR,,1,"State cannot be deterministically mapped for the current row. It may conflict with the country, be a city/county/country value in the state field, or require Salesforce metadata expansion. Client/source-data owner must confirm the intended address."
Needs Client Clarification,PersonMailingState,SALZBURG,Austria,AT,,1,"State cannot be deterministically mapped for the current row. It may conflict with the country, be a city/county/country value in the state field, or require Salesforce metadata expansion. Client/source-data owner must confirm the intended address."
Needs Client Clarification,PersonMailingState,SAMARKAND,Uzbekistan,UZ,,1,"State cannot be deterministically mapped for the current row. It may conflict with the country, be a city/county/country value in the state field, or require Salesforce metadata expansion. Client/source-data owner must confirm the intended address."
Needs Client Clarification,PersonMailingState,SAMUT PRAKARN,Thailand,TH,,1,"State cannot be deterministically mapped for the current row. It may conflict with the country, be a city/county/country value in the state field, or require Salesforce metadata expansion. Client/source-data owner must confirm the intended address."
Needs Client Clarification,PersonMailingState,SAMUT SAKORN,Thailand,TH,,1,"State cannot be deterministically mapped for the current row. It may conflict with the country, be a city/county/country value in the state field, or require Salesforce metadata expansion. Client/source-data owner must confirm the intended address."
Needs Client Clarification,PersonMailingState,SAN ANTONIO,Paraguay,PY,,1,"State cannot be deterministically mapped for the current row. It may conflict with the country, be a city/county/country value in the state field, or require Salesforce metadata expansion. Client/source-data owner must confirm the intended address."
Needs Client Clarification,PersonMailingState,SAN FRANCISCO,Denmark,DK,,1,"State cannot be deterministically mapped for the current row. It may conflict with the country, be a city/county/country value in the state field, or require Salesforce metadata expansion. Client/source-data owner must confirm the intended address."
Needs Client Clarification,PersonMailingState,SAN FRANCISCO,United States,US,,1,"State cannot be deterministically mapped for the current row. It may conflict with the country, be a city/county/country value in the state field, or require Salesforce metadata expansion. Client/source-data owner must confirm the intended address."
Needs Client Clarification,PersonMailingState,SAN GWANN,Malta,MT,,1,"State cannot be deterministically mapped for the current row. It may conflict with the country, be a city/county/country value in the state field, or require Salesforce metadata expansion. Client/source-data owner must confirm the intended address."
Needs Client Clarification,PersonMailingState,SAN MARTIN,Peru,PE,,1,"State cannot be deterministically mapped for the current row. It may conflict with the country, be a city/county/country value in the state field, or require Salesforce metadata expansion. Client/source-data owner must confirm the intended address."
Needs Client Clarification,PersonMailingState,SAN MATEO TLATENANGO,Mexico,MX,,1,"State cannot be deterministically mapped for the current row. It may conflict with the country, be a city/county/country value in the state field, or require Salesforce metadata expansion. Client/source-data owner must confirm the intended address."
Needs Client Clarification,PersonMailingState,SAN MATEO,Spain,ES,,1,"State cannot be deterministically mapped for the current row. It may conflict with the country, be a city/county/country value in the state field, or require Salesforce metadata expansion. Client/source-data owner must confirm the intended address."
Needs Client Clarification,PersonMailingState,SAN SALVADOR,United States,US,,1,"State cannot be deterministically mapped for the current row. It may conflict with the country, be a city/county/country value in the state field, or require Salesforce metadata expansion. Client/source-data owner must confirm the intended address."
Needs Client Clarification,PersonMailingState,SANTA CATARINA / BRA,Brazil,BR,,1,"State cannot be deterministically mapped for the current row. It may conflict with the country, be a city/county/country value in the state field, or require Salesforce metadata expansion. Client/source-data owner must confirm the intended address."
Needs Client Clarification,PersonMailingState,SANTA CRUZ DE TENERI,Spain,ES,,1,"State cannot be deterministically mapped for the current row. It may conflict with the country, be a city/county/country value in the state field, or require Salesforce metadata expansion. Client/source-data owner must confirm the intended address."
Needs Client Clarification,PersonMailingState,SANTA TECLA,El Salvador,SV,,1,"State cannot be deterministically mapped for the current row. It may conflict with the country, be a city/county/country value in the state field, or require Salesforce metadata expansion. Client/source-data owner must confirm the intended address."
Needs Client Clarification,PersonMailingState,SANTIAGO,Dominican Republic,DO,,1,"State cannot be deterministically mapped for the current row. It may conflict with the country, be a city/county/country value in the state field, or require Salesforce metadata expansion. Client/source-data owner must confirm the intended address."
Needs Client Clarification,PersonMailingState,SANTO DOMINGO. SANTO,Dominican Republic,DO,,1,"State cannot be deterministically mapped for the current row. It may conflict with the country, be a city/county/country value in the state field, or require Salesforce metadata expansion. Client/source-data owner must confirm the intended address."
Needs Client Clarification,PersonMailingState,SANTO/SANMA/VANUATU,Vanuatu,VU,,1,"State cannot be deterministically mapped for the current row. It may conflict with the country, be a city/county/country value in the state field, or require Salesforce metadata expansion. Client/source-data owner must confirm the intended address."
Fixable by Code Update,PersonMailingState,SAO  PAULO,Brazil,BR,SP,1,Script can normalize state 'SAO  PAULO' with country 'Brazil' to PersonMailingCountryCode 'BR' and PersonMailingStateCode 'SP'.
Needs Client Clarification,PersonMailingState,SAO PAULO (SP),Brazil,BR,,1,"State cannot be deterministically mapped for the current row. It may conflict with the country, be a city/county/country value in the state field, or require Salesforce metadata expansion. Client/source-data owner must confirm the intended address."
Needs Client Clarification,PersonMailingState,SAO PAULO / MOOCA,Brazil,BR,,1,"State cannot be deterministically mapped for the current row. It may conflict with the country, be a city/county/country value in the state field, or require Salesforce metadata expansion. Client/source-data owner must confirm the intended address."
Needs Client Clarification,PersonMailingState,SAO PAULO BRAZIL,Brazil,BR,,1,"State cannot be deterministically mapped for the current row. It may conflict with the country, be a city/county/country value in the state field, or require Salesforce metadata expansion. Client/source-data owner must confirm the intended address."
Needs Client Clarification,PersonMailingState,SAO PAULO SP,Brazil,BR,,1,"State cannot be deterministically mapped for the current row. It may conflict with the country, be a city/county/country value in the state field, or require Salesforce metadata expansion. Client/source-data owner must confirm the intended address."
Needs Client Clarification,PersonMailingState,SAO PAULO- SP,Brazil,BR,,1,"State cannot be deterministically mapped for the current row. It may conflict with the country, be a city/county/country value in the state field, or require Salesforce metadata expansion. Client/source-data owner must confirm the intended address."
Needs Client Clarification,PersonMailingState,SAO PAULO,United States,US,,1,"State cannot be deterministically mapped for the current row. It may conflict with the country, be a city/county/country value in the state field, or require Salesforce metadata expansion. Client/source-data owner must confirm the intended address."
Fixable by Code Update,PersonMailingState,SAO_PAULO,Brazil,BR,SP,1,Script can normalize state 'SAO_PAULO' with country 'Brazil' to PersonMailingCountryCode 'BR' and PersonMailingStateCode 'SP'.
Needs Client Clarification,PersonMailingState,SARAWAK,Malaysia,MY,,1,"State cannot be deterministically mapped for the current row. It may conflict with the country, be a city/county/country value in the state field, or require Salesforce metadata expansion. Client/source-data owner must confirm the intended address."
Needs Client Clarification,PersonMailingState,SARDEGNA,Italy,IT,,1,"State cannot be deterministically mapped for the current row. It may conflict with the country, be a city/county/country value in the state field, or require Salesforce metadata expansion. Client/source-data owner must confirm the intended address."
Needs Client Clarification,PersonMailingState,SARDINIA,Italy,IT,,1,"State cannot be deterministically mapped for the current row. It may conflict with the country, be a city/county/country value in the state field, or require Salesforce metadata expansion. Client/source-data owner must confirm the intended address."
Needs Client Clarification,PersonMailingState,SASKACHEWAN,Canada,CA,,1,"State cannot be deterministically mapped for the current row. It may conflict with the country, be a city/county/country value in the state field, or require Salesforce metadata expansion. Client/source-data owner must confirm the intended address."
Needs Client Clarification,PersonMailingState,SAUDI ARABIA,saudi arabia,SA,,1,"State cannot be deterministically mapped for the current row. It may conflict with the country, be a city/county/country value in the state field, or require Salesforce metadata expansion. Client/source-data owner must confirm the intended address."
Needs Client Clarification,PersonMailingState,SAUDI ARABIA,United States,US,,1,"State cannot be deterministically mapped for the current row. It may conflict with the country, be a city/county/country value in the state field, or require Salesforce metadata expansion. Client/source-data owner must confirm the intended address."
Needs Client Clarification,PersonMailingState,SAULKRASTU NOVADS,Latvia,LV,,1,"State cannot be deterministically mapped for the current row. It may conflict with the country, be a city/county/country value in the state field, or require Salesforce metadata expansion. Client/source-data owner must confirm the intended address."
Needs Client Clarification,PersonMailingState,SAXONY-AHNHALT,Germany,DE,,1,"State cannot be deterministically mapped for the current row. It may conflict with the country, be a city/county/country value in the state field, or require Salesforce metadata expansion. Client/source-data owner must confirm the intended address."
Needs Client Clarification,PersonMailingState,SA,Yemen,YE,,1,"State cannot be deterministically mapped for the current row. It may conflict with the country, be a city/county/country value in the state field, or require Salesforce metadata expansion. Client/source-data owner must confirm the intended address."
Needs Client Clarification,PersonMailingState,SCANIA,Sweden,SE,,1,"State cannot be deterministically mapped for the current row. It may conflict with the country, be a city/county/country value in the state field, or require Salesforce metadata expansion. Client/source-data owner must confirm the intended address."
Needs Client Clarification,PersonMailingState,SCHAFFHAUSEN,Switzerland,CH,,1,"State cannot be deterministically mapped for the current row. It may conflict with the country, be a city/county/country value in the state field, or require Salesforce metadata expansion. Client/source-data owner must confirm the intended address."
Needs Client Clarification,PersonMailingState,SDQ,Dominican Republic,DO,,1,"State cannot be deterministically mapped for the current row. It may conflict with the country, be a city/county/country value in the state field, or require Salesforce metadata expansion. Client/source-data owner must confirm the intended address."
Needs Client Clarification,PersonMailingState,SEALAND,Denmark,DK,,1,"State cannot be deterministically mapped for the current row. It may conflict with the country, be a city/county/country value in the state field, or require Salesforce metadata expansion. Client/source-data owner must confirm the intended address."
Needs Client Clarification,PersonMailingState,SECTOR 1,Romania,RO,,1,"State cannot be deterministically mapped for the current row. It may conflict with the country, be a city/county/country value in the state field, or require Salesforce metadata expansion. Client/source-data owner must confirm the intended address."
Needs Client Clarification,PersonMailingState,SECTOR 2,Romania,RO,,1,"State cannot be deterministically mapped for the current row. It may conflict with the country, be a city/county/country value in the state field, or require Salesforce metadata expansion. Client/source-data owner must confirm the intended address."
Needs Client Clarification,PersonMailingState,SELAMGOR,Malaysia,MY,,1,"State cannot be deterministically mapped for the current row. It may conflict with the country, be a city/county/country value in the state field, or require Salesforce metadata expansion. Client/source-data owner must confirm the intended address."
Needs Client Clarification,PersonMailingState,SELECCIONE PROVINCIA,Spain,ES,,1,"State cannot be deterministically mapped for the current row. It may conflict with the country, be a city/county/country value in the state field, or require Salesforce metadata expansion. Client/source-data owner must confirm the intended address."
Needs Client Clarification,PersonMailingState,SELECT A COUNTY,United States,US,,1,"State cannot be deterministically mapped for the current row. It may conflict with the country, be a city/county/country value in the state field, or require Salesforce metadata expansion. Client/source-data owner must confirm the intended address."
Needs Client Clarification,PersonMailingState,SELECT ONE,China,CN,,1,"State cannot be deterministically mapped for the current row. It may conflict with the country, be a city/county/country value in the state field, or require Salesforce metadata expansion. Client/source-data owner must confirm the intended address."
Needs Client Clarification,PersonMailingState,SELECT ONE,United Kingdom,GB,,1,"State cannot be deterministically mapped for the current row. It may conflict with the country, be a city/county/country value in the state field, or require Salesforce metadata expansion. Client/source-data owner must confirm the intended address."
Needs Client Clarification,PersonMailingState,SELECT ONE,United States,US,,1,"State cannot be deterministically mapped for the current row. It may conflict with the country, be a city/county/country value in the state field, or require Salesforce metadata expansion. Client/source-data owner must confirm the intended address."
Needs Client Clarification,PersonMailingState,SELECT OPTION,China,CN,,1,"State cannot be deterministically mapped for the current row. It may conflict with the country, be a city/county/country value in the state field, or require Salesforce metadata expansion. Client/source-data owner must confirm the intended address."
Needs Client Clarification,PersonMailingState,SELECT REGION,Saudi Arabia,SA,,1,"State cannot be deterministically mapped for the current row. It may conflict with the country, be a city/county/country value in the state field, or require Salesforce metadata expansion. Client/source-data owner must confirm the intended address."
Needs Client Clarification,PersonMailingState,SELECT STATE...,United Kingdom,GB,,1,"State cannot be deterministically mapped for the current row. It may conflict with the country, be a city/county/country value in the state field, or require Salesforce metadata expansion. Client/source-data owner must confirm the intended address."
Needs Client Clarification,PersonMailingState,SELECT STATE,Egypt,EG,,1,"State cannot be deterministically mapped for the current row. It may conflict with the country, be a city/county/country value in the state field, or require Salesforce metadata expansion. Client/source-data owner must confirm the intended address."
Needs Client Clarification,PersonMailingState,SELECT STATE,Georgia,GE,,1,"State cannot be deterministically mapped for the current row. It may conflict with the country, be a city/county/country value in the state field, or require Salesforce metadata expansion. Client/source-data owner must confirm the intended address."
Needs Client Clarification,PersonMailingState,SELECT STATE,India,IN,,1,"State cannot be deterministically mapped for the current row. It may conflict with the country, be a city/county/country value in the state field, or require Salesforce metadata expansion. Client/source-data owner must confirm the intended address."
Needs Client Clarification,PersonMailingState,SELECT STATE,Saudi Arabia,SA,,1,"State cannot be deterministically mapped for the current row. It may conflict with the country, be a city/county/country value in the state field, or require Salesforce metadata expansion. Client/source-data owner must confirm the intended address."
Needs Client Clarification,PersonMailingState,SELECT STATE,Singapore,SG,,1,"State cannot be deterministically mapped for the current row. It may conflict with the country, be a city/county/country value in the state field, or require Salesforce metadata expansion. Client/source-data owner must confirm the intended address."
Needs Client Clarification,PersonMailingState,SELECTONE,United States,US,,1,"State cannot be deterministically mapped for the current row. It may conflict with the country, be a city/county/country value in the state field, or require Salesforce metadata expansion. Client/source-data owner must confirm the intended address."
Needs Client Clarification,PersonMailingState,SELECT,United Kingdom,GB,,1,"State cannot be deterministically mapped for the current row. It may conflict with the country, be a city/county/country value in the state field, or require Salesforce metadata expansion. Client/source-data owner must confirm the intended address."
Needs Client Clarification,PersonMailingState,SEL,Malaysia,MY,,1,"State cannot be deterministically mapped for the current row. It may conflict with the country, be a city/county/country value in the state field, or require Salesforce metadata expansion. Client/source-data owner must confirm the intended address."
Needs Client Clarification,PersonMailingState,SE,Portugal,PT,,1,"State cannot be deterministically mapped for the current row. It may conflict with the country, be a city/county/country value in the state field, or require Salesforce metadata expansion. Client/source-data owner must confirm the intended address."
Needs Client Clarification,PersonMailingState,SEREKUNDA,Gambia,GM,,1,"State cannot be deterministically mapped for the current row. It may conflict with the country, be a city/county/country value in the state field, or require Salesforce metadata expansion. Client/source-data owner must confirm the intended address."
Needs Client Clarification,PersonMailingState,SEVILLE,Spain,ES,,1,"State cannot be deterministically mapped for the current row. It may conflict with the country, be a city/county/country value in the state field, or require Salesforce metadata expansion. Client/source-data owner must confirm the intended address."
Needs Client Clarification,PersonMailingState,SF,Brazil,BR,,1,"State cannot be deterministically mapped for the current row. It may conflict with the country, be a city/county/country value in the state field, or require Salesforce metadata expansion. Client/source-data owner must confirm the intended address."
Needs Client Clarification,PersonMailingState,SG,,,,1,"State cannot be deterministically mapped for the current row. It may conflict with the country, be a city/county/country value in the state field, or require Salesforce metadata expansion. Client/source-data owner must confirm the intended address."
Needs Client Clarification,PersonMailingState,SG,Switzerland,CH,,1,"State cannot be deterministically mapped for the current row. It may conflict with the country, be a city/county/country value in the state field, or require Salesforce metadata expansion. Client/source-data owner must confirm the intended address."
Needs Client Clarification,PersonMailingState,SH,,,,1,"State cannot be deterministically mapped for the current row. It may conflict with the country, be a city/county/country value in the state field, or require Salesforce metadata expansion. Client/source-data owner must confirm the intended address."
Needs Client Clarification,PersonMailingState,SHAFA BADRAN/AMMAN,Jordan,JO,,1,"State cannot be deterministically mapped for the current row. It may conflict with the country, be a city/county/country value in the state field, or require Salesforce metadata expansion. Client/source-data owner must confirm the intended address."
Needs Client Clarification,PersonMailingState,SHAGNHAI,China,CN,,1,"State cannot be deterministically mapped for the current row. It may conflict with the country, be a city/county/country value in the state field, or require Salesforce metadata expansion. Client/source-data owner must confirm the intended address."
Needs Client Clarification,PersonMailingState,SHANDONG PROVINCE,China,CN,,1,"State cannot be deterministically mapped for the current row. It may conflict with the country, be a city/county/country value in the state field, or require Salesforce metadata expansion. Client/source-data owner must confirm the intended address."
Needs Client Clarification,PersonMailingState,SHANG HAI,China,CN,,1,"State cannot be deterministically mapped for the current row. It may conflict with the country, be a city/county/country value in the state field, or require Salesforce metadata expansion. Client/source-data owner must confirm the intended address."
Needs Client Clarification,PersonMailingState,SHANGHAI PROVINCE,China,CN,,1,"State cannot be deterministically mapped for the current row. It may conflict with the country, be a city/county/country value in the state field, or require Salesforce metadata expansion. Client/source-data owner must confirm the intended address."
Needs Client Clarification,PersonMailingState,SHANGHAI SHI,China,CN,,1,"State cannot be deterministically mapped for the current row. It may conflict with the country, be a city/county/country value in the state field, or require Salesforce metadata expansion. Client/source-data owner must confirm the intended address."
Needs Client Clarification,PersonMailingState,"SHANGHAI, CHINA",China,CN,,1,"State cannot be deterministically mapped for the current row. It may conflict with the country, be a city/county/country value in the state field, or require Salesforce metadata expansion. Client/source-data owner must confirm the intended address."
Needs Client Clarification,PersonMailingState,SHANGHAI/PUDONG,China,CN,,1,"State cannot be deterministically mapped for the current row. It may conflict with the country, be a city/county/country value in the state field, or require Salesforce metadata expansion. Client/source-data owner must confirm the intended address."
Needs Client Clarification,PersonMailingState,SHANGHAI/XUHUI DISTR,China,CN,,1,"State cannot be deterministically mapped for the current row. It may conflict with the country, be a city/county/country value in the state field, or require Salesforce metadata expansion. Client/source-data owner must confirm the intended address."
Needs Client Clarification,PersonMailingState,SHANHHAI,China,CN,,1,"State cannot be deterministically mapped for the current row. It may conflict with the country, be a city/county/country value in the state field, or require Salesforce metadata expansion. Client/source-data owner must confirm the intended address."
Needs Client Clarification,PersonMailingState,SHANNXI,China,CN,,1,"State cannot be deterministically mapped for the current row. It may conflict with the country, be a city/county/country value in the state field, or require Salesforce metadata expansion. Client/source-data owner must confirm the intended address."
Needs Client Clarification,PersonMailingState,SHAPINGBA,China,CN,,1,"State cannot be deterministically mapped for the current row. It may conflict with the country, be a city/county/country value in the state field, or require Salesforce metadata expansion. Client/source-data owner must confirm the intended address."
Needs Client Clarification,PersonMailingState,SHARKIA/TENTH OF RAM,Egypt,EG,,1,"State cannot be deterministically mapped for the current row. It may conflict with the country, be a city/county/country value in the state field, or require Salesforce metadata expansion. Client/source-data owner must confirm the intended address."
Needs Client Clarification,PersonMailingState,SHARQIEH,Saudi Arabia,SA,,1,"State cannot be deterministically mapped for the current row. It may conflict with the country, be a city/county/country value in the state field, or require Salesforce metadata expansion. Client/source-data owner must confirm the intended address."
Needs Client Clarification,PersonMailingState,SH,China,CN,,1,"State cannot be deterministically mapped for the current row. It may conflict with the country, be a city/county/country value in the state field, or require Salesforce metadata expansion. Client/source-data owner must confirm the intended address."
Needs Client Clarification,PersonMailingState,SHEIKH ZAYED,Egypt,EG,,1,"State cannot be deterministically mapped for the current row. It may conflict with the country, be a city/county/country value in the state field, or require Salesforce metadata expansion. Client/source-data owner must confirm the intended address."
Needs Client Clarification,PersonMailingState,SHENZHEN,China,CN,,1,"State cannot be deterministically mapped for the current row. It may conflict with the country, be a city/county/country value in the state field, or require Salesforce metadata expansion. Client/source-data owner must confirm the intended address."
Needs Client Clarification,PersonMailingState,SH,Germany,DE,,1,"State cannot be deterministically mapped for the current row. It may conflict with the country, be a city/county/country value in the state field, or require Salesforce metadata expansion. Client/source-data owner must confirm the intended address."
Needs Client Clarification,PersonMailingState,SHJ,United Arab Emirates,AE,,1,"State cannot be deterministically mapped for the current row. It may conflict with the country, be a city/county/country value in the state field, or require Salesforce metadata expansion. Client/source-data owner must confirm the intended address."
Needs Client Clarification,PersonMailingState,SHUBRA AL KHEMA,Egypt,EG,,1,"State cannot be deterministically mapped for the current row. It may conflict with the country, be a city/county/country value in the state field, or require Salesforce metadata expansion. Client/source-data owner must confirm the intended address."
Needs Client Clarification,PersonMailingState,SI,,,,1,"State cannot be deterministically mapped for the current row. It may conflict with the country, be a city/county/country value in the state field, or require Salesforce metadata expansion. Client/source-data owner must confirm the intended address."
Needs Client Clarification,PersonMailingState,SICHUAN,Zimbabwe,ZW,,1,"State cannot be deterministically mapped for the current row. It may conflict with the country, be a city/county/country value in the state field, or require Salesforce metadata expansion. Client/source-data owner must confirm the intended address."
Needs Client Clarification,PersonMailingState,SIEGEN,Germany,DE,,1,"State cannot be deterministically mapped for the current row. It may conflict with the country, be a city/county/country value in the state field, or require Salesforce metadata expansion. Client/source-data owner must confirm the intended address."
Needs Client Clarification,PersonMailingState,SILICON OASIS,United Arab Emirates,AE,,1,"State cannot be deterministically mapped for the current row. It may conflict with the country, be a city/county/country value in the state field, or require Salesforce metadata expansion. Client/source-data owner must confirm the intended address."
Needs Client Clarification,PersonMailingState,SINGAPORE CENTRAL,Singapore,SG,,1,"State cannot be deterministically mapped for the current row. It may conflict with the country, be a city/county/country value in the state field, or require Salesforce metadata expansion. Client/source-data owner must confirm the intended address."
Needs Client Clarification,PersonMailingState,SINGAPORE,Afghanistan,AF,,1,"State cannot be deterministically mapped for the current row. It may conflict with the country, be a city/county/country value in the state field, or require Salesforce metadata expansion. Client/source-data owner must confirm the intended address."
Needs Client Clarification,PersonMailingState,SINGAPORE,United States,US,,1,"State cannot be deterministically mapped for the current row. It may conflict with the country, be a city/county/country value in the state field, or require Salesforce metadata expansion. Client/source-data owner must confirm the intended address."
Needs Client Clarification,PersonMailingState,SIN,Mexico,MX,,1,"State cannot be deterministically mapped for the current row. It may conflict with the country, be a city/county/country value in the state field, or require Salesforce metadata expansion. Client/source-data owner must confirm the intended address."
Needs Client Clarification,PersonMailingState,SINTRA,Portugal,PT,,1,"State cannot be deterministically mapped for the current row. It may conflict with the country, be a city/county/country value in the state field, or require Salesforce metadata expansion. Client/source-data owner must confirm the intended address."
Needs Client Clarification,PersonMailingState,SK,,,,1,"State cannot be deterministically mapped for the current row. It may conflict with the country, be a city/county/country value in the state field, or require Salesforce metadata expansion. Client/source-data owner must confirm the intended address."
Fixable by Code Update,PersonMailingState,SK,CANADA,CA,SK,1,Script can normalize state 'SK' with country 'CANADA' to PersonMailingCountryCode 'CA' and PersonMailingStateCode 'SK'.
Needs Client Clarification,PersonMailingState,SLASK,Poland,PL,,1,"State cannot be deterministically mapped for the current row. It may conflict with the country, be a city/county/country value in the state field, or require Salesforce metadata expansion. Client/source-data owner must confirm the intended address."
Needs Client Clarification,PersonMailingState,SLIEMA,Malta,MT,,1,"State cannot be deterministically mapped for the current row. It may conflict with the country, be a city/county/country value in the state field, or require Salesforce metadata expansion. Client/source-data owner must confirm the intended address."
Needs Client Clarification,PersonMailingState,SLOUGH SL2 3PS,United Kingdom,GB,,1,"State cannot be deterministically mapped for the current row. It may conflict with the country, be a city/county/country value in the state field, or require Salesforce metadata expansion. Client/source-data owner must confirm the intended address."
Needs Client Clarification,PersonMailingState,SL,Sweden,SE,,1,"State cannot be deterministically mapped for the current row. It may conflict with the country, be a city/county/country value in the state field, or require Salesforce metadata expansion. Client/source-data owner must confirm the intended address."
Needs Client Clarification,PersonMailingState,SO,,,,1,"State cannot be deterministically mapped for the current row. It may conflict with the country, be a city/county/country value in the state field, or require Salesforce metadata expansion. Client/source-data owner must confirm the intended address."
Needs Client Clarification,PersonMailingState,SODERMANLAND,Sweden,SE,,1,"State cannot be deterministically mapped for the current row. It may conflict with the country, be a city/county/country value in the state field, or require Salesforce metadata expansion. Client/source-data owner must confirm the intended address."
Needs Client Clarification,PersonMailingState,SOFIA - CITY,Bulgaria,BG,,1,"State cannot be deterministically mapped for the current row. It may conflict with the country, be a city/county/country value in the state field, or require Salesforce metadata expansion. Client/source-data owner must confirm the intended address."
Needs Client Clarification,PersonMailingState,SOHAG,Egypt,EG,,1,"State cannot be deterministically mapped for the current row. It may conflict with the country, be a city/county/country value in the state field, or require Salesforce metadata expansion. Client/source-data owner must confirm the intended address."
Needs Client Clarification,PersonMailingState,SOKOTO,Nigeria,NG,,1,"State cannot be deterministically mapped for the current row. It may conflict with the country, be a city/county/country value in the state field, or require Salesforce metadata expansion. Client/source-data owner must confirm the intended address."
Needs Client Clarification,PersonMailingState,SOLTERO/A,Colombia,CO,,1,"State cannot be deterministically mapped for the current row. It may conflict with the country, be a city/county/country value in the state field, or require Salesforce metadata expansion. Client/source-data owner must confirm the intended address."
Needs Client Clarification,PersonMailingState,SONDERJYLLAND,Denmark,DK,,1,"State cannot be deterministically mapped for the current row. It may conflict with the country, be a city/county/country value in the state field, or require Salesforce metadata expansion. Client/source-data owner must confirm the intended address."
Needs Client Clarification,PersonMailingState,SON,Mexico,MX,,1,"State cannot be deterministically mapped for the current row. It may conflict with the country, be a city/county/country value in the state field, or require Salesforce metadata expansion. Client/source-data owner must confirm the intended address."
Needs Client Clarification,PersonMailingState,SONORA MEXICO,Mexico,MX,,1,"State cannot be deterministically mapped for the current row. It may conflict with the country, be a city/county/country value in the state field, or require Salesforce metadata expansion. Client/source-data owner must confirm the intended address."
Needs Client Clarification,PersonMailingState,SONSONATE,El Salvador,SV,,1,"State cannot be deterministically mapped for the current row. It may conflict with the country, be a city/county/country value in the state field, or require Salesforce metadata expansion. Client/source-data owner must confirm the intended address."
Needs Client Clarification,PersonMailingState,SOR-TRONDELAG,Norway,NO,,1,"State cannot be deterministically mapped for the current row. It may conflict with the country, be a city/county/country value in the state field, or require Salesforce metadata expansion. Client/source-data owner must confirm the intended address."
Needs Client Clarification,PersonMailingState,SØR-TRØNDELAG,Norway,NO,,1,"State cannot be deterministically mapped for the current row. It may conflict with the country, be a city/county/country value in the state field, or require Salesforce metadata expansion. Client/source-data owner must confirm the intended address."
Needs Client Clarification,PersonMailingState,SOUSS MASSA,Morocco,MA,,1,"State cannot be deterministically mapped for the current row. It may conflict with the country, be a city/county/country value in the state field, or require Salesforce metadata expansion. Client/source-data owner must confirm the intended address."
Needs Client Clarification,PersonMailingState,SOUSSE,Tunisia,TN,,1,"State cannot be deterministically mapped for the current row. It may conflict with the country, be a city/county/country value in the state field, or require Salesforce metadata expansion. Client/source-data owner must confirm the intended address."
Needs Client Clarification,PersonMailingState,SOUTH AFRICA,,,,1,"State cannot be deterministically mapped for the current row. It may conflict with the country, be a city/county/country value in the state field, or require Salesforce metadata expansion. Client/source-data owner must confirm the intended address."
Needs Client Clarification,PersonMailingState,SOUTH AMERICA,Guyana,GY,,1,"State cannot be deterministically mapped for the current row. It may conflict with the country, be a city/county/country value in the state field, or require Salesforce metadata expansion. Client/source-data owner must confirm the intended address."
Needs Client Clarification,PersonMailingState,South Carolina,China,CN,,1,"State cannot be deterministically mapped for the current row. It may conflict with the country, be a city/county/country value in the state field, or require Salesforce metadata expansion. Client/source-data owner must confirm the intended address."
Needs Client Clarification,PersonMailingState,SOUTH COTABATO,Philippines,PH,,1,"State cannot be deterministically mapped for the current row. It may conflict with the country, be a city/county/country value in the state field, or require Salesforce metadata expansion. Client/source-data owner must confirm the intended address."
Needs Client Clarification,PersonMailingState,SOUTH EAST,Singapore,SG,,1,"State cannot be deterministically mapped for the current row. It may conflict with the country, be a city/county/country value in the state field, or require Salesforce metadata expansion. Client/source-data owner must confirm the intended address."
Needs Client Clarification,PersonMailingState,SOUTH GLAMORGAN,United Kingdom,GB,,1,"State cannot be deterministically mapped for the current row. It may conflict with the country, be a city/county/country value in the state field, or require Salesforce metadata expansion. Client/source-data owner must confirm the intended address."
Needs Client Clarification,PersonMailingState,SOUTH HOLAND,Netherlands,NL,,1,"State cannot be deterministically mapped for the current row. It may conflict with the country, be a city/county/country value in the state field, or require Salesforce metadata expansion. Client/source-data owner must confirm the intended address."
Needs Client Clarification,PersonMailingState,SOUTH YORKSHIRE ENGL,United Kingdom,GB,,1,"State cannot be deterministically mapped for the current row. It may conflict with the country, be a city/county/country value in the state field, or require Salesforce metadata expansion. Client/source-data owner must confirm the intended address."
Needs Client Clarification,PersonMailingState,SOUTH-WEST,Cameroon,CM,,1,"State cannot be deterministically mapped for the current row. It may conflict with the country, be a city/county/country value in the state field, or require Salesforce metadata expansion. Client/source-data owner must confirm the intended address."
Needs Client Clarification,PersonMailingState,SOUTHERN GOVERNORATE,Bahrain,BH,,1,"State cannot be deterministically mapped for the current row. It may conflict with the country, be a city/county/country value in the state field, or require Salesforce metadata expansion. Client/source-data owner must confirm the intended address."
Needs Client Clarification,PersonMailingState,SOUTHWEST FINLAND,Finland,FI,,1,"State cannot be deterministically mapped for the current row. It may conflict with the country, be a city/county/country value in the state field, or require Salesforce metadata expansion. Client/source-data owner must confirm the intended address."
Needs Client Clarification,PersonMailingState,SP / SP / BRAZIL,Brazil,BR,,1,"State cannot be deterministically mapped for the current row. It may conflict with the country, be a city/county/country value in the state field, or require Salesforce metadata expansion. Client/source-data owner must confirm the intended address."
Needs Client Clarification,PersonMailingState,"SP, BRAZIL",Brazil,BR,,1,"State cannot be deterministically mapped for the current row. It may conflict with the country, be a city/county/country value in the state field, or require Salesforce metadata expansion. Client/source-data owner must confirm the intended address."
Needs Client Clarification,PersonMailingState,SP/BRASIL,BRAZIL,BR,,1,"State cannot be deterministically mapped for the current row. It may conflict with the country, be a city/county/country value in the state field, or require Salesforce metadata expansion. Client/source-data owner must confirm the intended address."
Needs Client Clarification,PersonMailingState,SP/SP/SAO PAULO,Brazil,BR,,1,"State cannot be deterministically mapped for the current row. It may conflict with the country, be a city/county/country value in the state field, or require Salesforce metadata expansion. Client/source-data owner must confirm the intended address."
Needs Client Clarification,PersonMailingState,SPECIAL CAPITAL REGI,Indonesia,ID,,1,"State cannot be deterministically mapped for the current row. It may conflict with the country, be a city/county/country value in the state field, or require Salesforce metadata expansion. Client/source-data owner must confirm the intended address."
Needs Client Clarification,PersonMailingState,SPECIAL REGION OF YO,Indonesia,ID,,1,"State cannot be deterministically mapped for the current row. It may conflict with the country, be a city/county/country value in the state field, or require Salesforce metadata expansion. Client/source-data owner must confirm the intended address."
Needs Client Clarification,PersonMailingState,SP,Ireland,IE,,1,"State cannot be deterministically mapped for the current row. It may conflict with the country, be a city/county/country value in the state field, or require Salesforce metadata expansion. Client/source-data owner must confirm the intended address."
Fixable by Code Update,PersonMailingState,SP,Italy,IT,SP,1,Script can normalize state 'SP' with country 'Italy' to PersonMailingCountryCode 'IT' and PersonMailingStateCode 'SP'.
Needs Client Clarification,PersonMailingState,SP,United States,US,,1,"State cannot be deterministically mapped for the current row. It may conflict with the country, be a city/county/country value in the state field, or require Salesforce metadata expansion. Client/source-data owner must confirm the intended address."
Needs Client Clarification,PersonMailingState,SQRA,Saudi Arabia,SA,,1,"State cannot be deterministically mapped for the current row. It may conflict with the country, be a city/county/country value in the state field, or require Salesforce metadata expansion. Client/source-data owner must confirm the intended address."
Needs Client Clarification,PersonMailingState,ST,,,,1,"State cannot be deterministically mapped for the current row. It may conflict with the country, be a city/county/country value in the state field, or require Salesforce metadata expansion. Client/source-data owner must confirm the intended address."
Needs Client Clarification,PersonMailingState,ST AUGUSTINE,Trinidad and Tobago,TT,,1,"State cannot be deterministically mapped for the current row. It may conflict with the country, be a city/county/country value in the state field, or require Salesforce metadata expansion. Client/source-data owner must confirm the intended address."
Needs Client Clarification,PersonMailingState,ST GALLEN,Switzerland,CH,,1,"State cannot be deterministically mapped for the current row. It may conflict with the country, be a city/county/country value in the state field, or require Salesforce metadata expansion. Client/source-data owner must confirm the intended address."
Needs Client Clarification,PersonMailingState,ST GEORGE,Trinidad and Tobago,TT,,1,"State cannot be deterministically mapped for the current row. It may conflict with the country, be a city/county/country value in the state field, or require Salesforce metadata expansion. Client/source-data owner must confirm the intended address."
Needs Client Clarification,PersonMailingState,ST_JOSEPH,Barbados,BB,,1,"State cannot be deterministically mapped for the current row. It may conflict with the country, be a city/county/country value in the state field, or require Salesforce metadata expansion. Client/source-data owner must confirm the intended address."
Needs Client Clarification,PersonMailingState,ST. CATHERINE,Jamaica,JM,,1,"State cannot be deterministically mapped for the current row. It may conflict with the country, be a city/county/country value in the state field, or require Salesforce metadata expansion. Client/source-data owner must confirm the intended address."
Needs Client Clarification,PersonMailingState,ST. GALLEN,Switzerland,CH,,1,"State cannot be deterministically mapped for the current row. It may conflict with the country, be a city/county/country value in the state field, or require Salesforce metadata expansion. Client/source-data owner must confirm the intended address."
Needs Client Clarification,PersonMailingState,ST.ANDREW,Jamaica,JM,,1,"State cannot be deterministically mapped for the current row. It may conflict with the country, be a city/county/country value in the state field, or require Salesforce metadata expansion. Client/source-data owner must confirm the intended address."
Needs Client Clarification,PersonMailingState,STAFFORDSHIRE,United Kingdom,GB,,1,"State cannot be deterministically mapped for the current row. It may conflict with the country, be a city/county/country value in the state field, or require Salesforce metadata expansion. Client/source-data owner must confirm the intended address."
Needs Client Clarification,PersonMailingState,STANFORD,United States,US,,1,"State cannot be deterministically mapped for the current row. It may conflict with the country, be a city/county/country value in the state field, or require Salesforce metadata expansion. Client/source-data owner must confirm the intended address."
Needs Client Clarification,PersonMailingState,START TYPING,Egypt,EG,,1,"State cannot be deterministically mapped for the current row. It may conflict with the country, be a city/county/country value in the state field, or require Salesforce metadata expansion. Client/source-data owner must confirm the intended address."
Needs Client Clarification,PersonMailingState,STATE IS REQUIRED FO,India,IN,,1,"State cannot be deterministically mapped for the current row. It may conflict with the country, be a city/county/country value in the state field, or require Salesforce metadata expansion. Client/source-data owner must confirm the intended address."
Needs Client Clarification,PersonMailingState,STATE IS REQUIRED FO,Italy,IT,,1,"State cannot be deterministically mapped for the current row. It may conflict with the country, be a city/county/country value in the state field, or require Salesforce metadata expansion. Client/source-data owner must confirm the intended address."
Needs Client Clarification,PersonMailingState,STATE OF MEXICO,Mexico,MX,,1,"State cannot be deterministically mapped for the current row. It may conflict with the country, be a city/county/country value in the state field, or require Salesforce metadata expansion. Client/source-data owner must confirm the intended address."
Needs Client Clarification,PersonMailingState,STAVROPOL,United States,US,,1,"State cannot be deterministically mapped for the current row. It may conflict with the country, be a city/county/country value in the state field, or require Salesforce metadata expansion. Client/source-data owner must confirm the intended address."
Needs Client Clarification,PersonMailingState,STEOUNG TRENG,Cambodia,KH,,1,"State cannot be deterministically mapped for the current row. It may conflict with the country, be a city/county/country value in the state field, or require Salesforce metadata expansion. Client/source-data owner must confirm the intended address."
Needs Client Clarification,PersonMailingState,STERREBEEK,Belgium,BE,,1,"State cannot be deterministically mapped for the current row. It may conflict with the country, be a city/county/country value in the state field, or require Salesforce metadata expansion. Client/source-data owner must confirm the intended address."
Needs Client Clarification,PersonMailingState,STOCKHOLMS LAEN,Sweden,SE,,1,"State cannot be deterministically mapped for the current row. It may conflict with the country, be a city/county/country value in the state field, or require Salesforce metadata expansion. Client/source-data owner must confirm the intended address."
Needs Client Clarification,PersonMailingState,STOCKHOLMS,Sweden,SE,,1,"State cannot be deterministically mapped for the current row. It may conflict with the country, be a city/county/country value in the state field, or require Salesforce metadata expansion. Client/source-data owner must confirm the intended address."
Needs Client Clarification,PersonMailingState,STOCKHOLM,United States,US,,1,"State cannot be deterministically mapped for the current row. It may conflict with the country, be a city/county/country value in the state field, or require Salesforce metadata expansion. Client/source-data owner must confirm the intended address."
Needs Client Clarification,PersonMailingState,STO,Sweden,SE,,1,"State cannot be deterministically mapped for the current row. It may conflict with the country, be a city/county/country value in the state field, or require Salesforce metadata expansion. Client/source-data owner must confirm the intended address."
Needs Client Clarification,PersonMailingState,STUDENT,United Kingdom,GB,,1,"State cannot be deterministically mapped for the current row. It may conflict with the country, be a city/county/country value in the state field, or require Salesforce metadata expansion. Client/source-data owner must confirm the intended address."
Needs Client Clarification,PersonMailingState,STUTTGART,Germany,DE,,1,"State cannot be deterministically mapped for the current row. It may conflict with the country, be a city/county/country value in the state field, or require Salesforce metadata expansion. Client/source-data owner must confirm the intended address."
Needs Client Clarification,PersonMailingState,STYRIA,Austria,AT,,1,"State cannot be deterministically mapped for the current row. It may conflict with the country, be a city/county/country value in the state field, or require Salesforce metadata expansion. Client/source-data owner must confirm the intended address."
Needs Client Clarification,PersonMailingState,SUCRE,Colombia,CO,,1,"State cannot be deterministically mapped for the current row. It may conflict with the country, be a city/county/country value in the state field, or require Salesforce metadata expansion. Client/source-data owner must confirm the intended address."
Needs Client Clarification,PersonMailingState,SUDUR PASCHIM,Nepal,NP,,1,"State cannot be deterministically mapped for the current row. It may conflict with the country, be a city/county/country value in the state field, or require Salesforce metadata expansion. Client/source-data owner must confirm the intended address."
Needs Client Clarification,PersonMailingState,SUFFOLK,United Kingdom,GB,,1,"State cannot be deterministically mapped for the current row. It may conflict with the country, be a city/county/country value in the state field, or require Salesforce metadata expansion. Client/source-data owner must confirm the intended address."
Needs Client Clarification,PersonMailingState,SUMATERA UTARA,Indonesia,ID,,1,"State cannot be deterministically mapped for the current row. It may conflict with the country, be a city/county/country value in the state field, or require Salesforce metadata expansion. Client/source-data owner must confirm the intended address."
Needs Client Clarification,PersonMailingState,SUNNFJORD,Norway,NO,,1,"State cannot be deterministically mapped for the current row. It may conflict with the country, be a city/county/country value in the state field, or require Salesforce metadata expansion. Client/source-data owner must confirm the intended address."
Needs Client Clarification,PersonMailingState,SURBITON,United Kingdom,GB,,1,"State cannot be deterministically mapped for the current row. It may conflict with the country, be a city/county/country value in the state field, or require Salesforce metadata expansion. Client/source-data owner must confirm the intended address."
Needs Client Clarification,PersonMailingState,SURKHANDARYA,Uzbekistan,UZ,,1,"State cannot be deterministically mapped for the current row. It may conflict with the country, be a city/county/country value in the state field, or require Salesforce metadata expansion. Client/source-data owner must confirm the intended address."
Needs Client Clarification,PersonMailingState,SUZHOU,China,CN,,1,"State cannot be deterministically mapped for the current row. It may conflict with the country, be a city/county/country value in the state field, or require Salesforce metadata expansion. Client/source-data owner must confirm the intended address."
Needs Client Clarification,PersonMailingState,SVERIGE,Sweden,SE,,1,"State cannot be deterministically mapped for the current row. It may conflict with the country, be a city/county/country value in the state field, or require Salesforce metadata expansion. Client/source-data owner must confirm the intended address."
Needs Client Clarification,PersonMailingState,SX,China,CN,,1,"State cannot be deterministically mapped for the current row. It may conflict with the country, be a city/county/country value in the state field, or require Salesforce metadata expansion. Client/source-data owner must confirm the intended address."
Needs Client Clarification,PersonMailingState,SYDFYN,Denmark,DK,,1,"State cannot be deterministically mapped for the current row. It may conflict with the country, be a city/county/country value in the state field, or require Salesforce metadata expansion. Client/source-data owner must confirm the intended address."
Needs Client Clarification,PersonMailingState,SYDNEY,Australia,AU,,1,"State cannot be deterministically mapped for the current row. It may conflict with the country, be a city/county/country value in the state field, or require Salesforce metadata expansion. Client/source-data owner must confirm the intended address."
Needs Client Clarification,PersonMailingState,TABASCO VILLAHERMOSA,Mexico,MX,,1,"State cannot be deterministically mapped for the current row. It may conflict with the country, be a city/county/country value in the state field, or require Salesforce metadata expansion. Client/source-data owner must confirm the intended address."
Needs Client Clarification,PersonMailingState,TABUK,Saudi Arabia,SA,,1,"State cannot be deterministically mapped for the current row. It may conflict with the country, be a city/county/country value in the state field, or require Salesforce metadata expansion. Client/source-data owner must confirm the intended address."
Needs Client Clarification,PersonMailingState,TAHITI,French Polynesia,PF,,1,"State cannot be deterministically mapped for the current row. It may conflict with the country, be a city/county/country value in the state field, or require Salesforce metadata expansion. Client/source-data owner must confirm the intended address."
Needs Client Clarification,PersonMailingState,TAINAN,Taiwan,TW,,1,"State cannot be deterministically mapped for the current row. It may conflict with the country, be a city/county/country value in the state field, or require Salesforce metadata expansion. Client/source-data owner must confirm the intended address."
Needs Client Clarification,PersonMailingState,TAIPEI COUNTY,Taiwan,TW,,1,"State cannot be deterministically mapped for the current row. It may conflict with the country, be a city/county/country value in the state field, or require Salesforce metadata expansion. Client/source-data owner must confirm the intended address."
Needs Client Clarification,PersonMailingState,TAIPEI,TAIWAN,TW,,1,"State cannot be deterministically mapped for the current row. It may conflict with the country, be a city/county/country value in the state field, or require Salesforce metadata expansion. Client/source-data owner must confirm the intended address."
Needs Client Clarification,PersonMailingState,TAIWAN (R.O.C)/TAOYU,Taiwan,TW,,1,"State cannot be deterministically mapped for the current row. It may conflict with the country, be a city/county/country value in the state field, or require Salesforce metadata expansion. Client/source-data owner must confirm the intended address."
Needs Client Clarification,PersonMailingState,TAIWAN,Germany,DE,,1,"State cannot be deterministically mapped for the current row. It may conflict with the country, be a city/county/country value in the state field, or require Salesforce metadata expansion. Client/source-data owner must confirm the intended address."
Needs Client Clarification,PersonMailingState,TAIZ,Yemen,YE,,1,"State cannot be deterministically mapped for the current row. It may conflict with the country, be a city/county/country value in the state field, or require Salesforce metadata expansion. Client/source-data owner must confirm the intended address."
Needs Client Clarification,PersonMailingState,TAMILNADU (TN),India,IN,,1,"State cannot be deterministically mapped for the current row. It may conflict with the country, be a city/county/country value in the state field, or require Salesforce metadata expansion. Client/source-data owner must confirm the intended address."
Needs Client Clarification,PersonMailingState,TAMINLNADU,India,IN,,1,"State cannot be deterministically mapped for the current row. It may conflict with the country, be a city/county/country value in the state field, or require Salesforce metadata expansion. Client/source-data owner must confirm the intended address."
Needs Client Clarification,PersonMailingState,TAMPERE,Finland,FI,,1,"State cannot be deterministically mapped for the current row. It may conflict with the country, be a city/county/country value in the state field, or require Salesforce metadata expansion. Client/source-data owner must confirm the intended address."
Needs Client Clarification,PersonMailingState,TAMPINES,Singapore,SG,,1,"State cannot be deterministically mapped for the current row. It may conflict with the country, be a city/county/country value in the state field, or require Salesforce metadata expansion. Client/source-data owner must confirm the intended address."
Needs Client Clarification,PersonMailingState,TAMSUI,Taiwan,TW,,1,"State cannot be deterministically mapped for the current row. It may conflict with the country, be a city/county/country value in the state field, or require Salesforce metadata expansion. Client/source-data owner must confirm the intended address."
Needs Client Clarification,PersonMailingState,TARANAKI,New Zealand,NZ,,1,"State cannot be deterministically mapped for the current row. It may conflict with the country, be a city/county/country value in the state field, or require Salesforce metadata expansion. Client/source-data owner must confirm the intended address."
Needs Client Clarification,PersonMailingState,TARAPACA,Chile,CL,,1,"State cannot be deterministically mapped for the current row. It may conflict with the country, be a city/county/country value in the state field, or require Salesforce metadata expansion. Client/source-data owner must confirm the intended address."
Needs Client Clarification,PersonMailingState,TARN ET GARONNE,France,FR,,1,"State cannot be deterministically mapped for the current row. It may conflict with the country, be a city/county/country value in the state field, or require Salesforce metadata expansion. Client/source-data owner must confirm the intended address."
Needs Client Clarification,PersonMailingState,TARRAGONA,Spain,ES,,1,"State cannot be deterministically mapped for the current row. It may conflict with the country, be a city/county/country value in the state field, or require Salesforce metadata expansion. Client/source-data owner must confirm the intended address."
Needs Client Clarification,PersonMailingState,TARTUMAA,Estonia,EE,,1,"State cannot be deterministically mapped for the current row. It may conflict with the country, be a city/county/country value in the state field, or require Salesforce metadata expansion. Client/source-data owner must confirm the intended address."
Needs Client Clarification,PersonMailingState,TASHKENT REGION,Uzbekistan,UZ,,1,"State cannot be deterministically mapped for the current row. It may conflict with the country, be a city/county/country value in the state field, or require Salesforce metadata expansion. Client/source-data owner must confirm the intended address."
Needs Client Clarification,PersonMailingState,"TASHKENT, KARASUV, T",Uzbekistan,UZ,,1,"State cannot be deterministically mapped for the current row. It may conflict with the country, be a city/county/country value in the state field, or require Salesforce metadata expansion. Client/source-data owner must confirm the intended address."
Needs Client Clarification,PersonMailingState,TASMAN,New Zealand,NZ,,1,"State cannot be deterministically mapped for the current row. It may conflict with the country, be a city/county/country value in the state field, or require Salesforce metadata expansion. Client/source-data owner must confirm the intended address."
Needs Client Clarification,PersonMailingState,TBILISIU,Georgia,GE,,1,"State cannot be deterministically mapped for the current row. It may conflict with the country, be a city/county/country value in the state field, or require Salesforce metadata expansion. Client/source-data owner must confirm the intended address."
Needs Client Clarification,PersonMailingState,TBILISI,United States,US,,1,"State cannot be deterministically mapped for the current row. It may conflict with the country, be a city/county/country value in the state field, or require Salesforce metadata expansion. Client/source-data owner must confirm the intended address."
Needs Client Clarification,PersonMailingState,TE,,,,1,"State cannot be deterministically mapped for the current row. It may conflict with the country, be a city/county/country value in the state field, or require Salesforce metadata expansion. Client/source-data owner must confirm the intended address."
Needs Client Clarification,PersonMailingState,TEL-AVIV,Israel,IL,,1,"State cannot be deterministically mapped for the current row. It may conflict with the country, be a city/county/country value in the state field, or require Salesforce metadata expansion. Client/source-data owner must confirm the intended address."
Needs Client Clarification,PersonMailingState,TELANGANA,Iceland,IS,,1,"State cannot be deterministically mapped for the current row. It may conflict with the country, be a city/county/country value in the state field, or require Salesforce metadata expansion. Client/source-data owner must confirm the intended address."
Needs Client Clarification,PersonMailingState,TENNESSEE,Brazil,BR,,1,"State cannot be deterministically mapped for the current row. It may conflict with the country, be a city/county/country value in the state field, or require Salesforce metadata expansion. Client/source-data owner must confirm the intended address."
Needs Client Clarification,PersonMailingState,TERENGGANU,Malaysia,MY,,1,"State cannot be deterministically mapped for the current row. It may conflict with the country, be a city/county/country value in the state field, or require Salesforce metadata expansion. Client/source-data owner must confirm the intended address."
Needs Client Clarification,PersonMailingState,TEXAS (TX),United States,US,,1,"State cannot be deterministically mapped for the current row. It may conflict with the country, be a city/county/country value in the state field, or require Salesforce metadata expansion. Client/source-data owner must confirm the intended address."
Needs Client Clarification,PersonMailingState,Texas,India,IN,,1,"State cannot be deterministically mapped for the current row. It may conflict with the country, be a city/county/country value in the state field, or require Salesforce metadata expansion. Client/source-data owner must confirm the intended address."
Needs Client Clarification,PersonMailingState,Texas,Ukraine,UA,,1,"State cannot be deterministically mapped for the current row. It may conflict with the country, be a city/county/country value in the state field, or require Salesforce metadata expansion. Client/source-data owner must confirm the intended address."
Needs Client Clarification,PersonMailingState,TEXUS,United States,US,,1,"State cannot be deterministically mapped for the current row. It may conflict with the country, be a city/county/country value in the state field, or require Salesforce metadata expansion. Client/source-data owner must confirm the intended address."
Needs Client Clarification,PersonMailingState,TH,,,,1,"State cannot be deterministically mapped for the current row. It may conflict with the country, be a city/county/country value in the state field, or require Salesforce metadata expansion. Client/source-data owner must confirm the intended address."
Needs Client Clarification,PersonMailingState,THE HAGUE,Netherlands,NL,,1,"State cannot be deterministically mapped for the current row. It may conflict with the country, be a city/county/country value in the state field, or require Salesforce metadata expansion. Client/source-data owner must confirm the intended address."
Needs Client Clarification,PersonMailingState,THUWAL,Saudi Arabia,SA,,1,"State cannot be deterministically mapped for the current row. It may conflict with the country, be a city/county/country value in the state field, or require Salesforce metadata expansion. Client/source-data owner must confirm the intended address."
Needs Client Clarification,PersonMailingState,TINN,Norway,NO,,1,"State cannot be deterministically mapped for the current row. It may conflict with the country, be a city/county/country value in the state field, or require Salesforce metadata expansion. Client/source-data owner must confirm the intended address."
Needs Client Clarification,PersonMailingState,TIROL,Austria,AT,,1,"State cannot be deterministically mapped for the current row. It may conflict with the country, be a city/county/country value in the state field, or require Salesforce metadata expansion. Client/source-data owner must confirm the intended address."
Needs Client Clarification,PersonMailingState,TI,Switzerland,CH,,1,"State cannot be deterministically mapped for the current row. It may conflict with the country, be a city/county/country value in the state field, or require Salesforce metadata expansion. Client/source-data owner must confirm the intended address."
Needs Client Clarification,PersonMailingState,TLALNEPANTLA,Mexico,MX,,1,"State cannot be deterministically mapped for the current row. It may conflict with the country, be a city/county/country value in the state field, or require Salesforce metadata expansion. Client/source-data owner must confirm the intended address."
Needs Client Clarification,PersonMailingState,TN - TENNESSEE,United States,US,,1,"State cannot be deterministically mapped for the current row. It may conflict with the country, be a city/county/country value in the state field, or require Salesforce metadata expansion. Client/source-data owner must confirm the intended address."
Needs Client Clarification,PersonMailingState,"TN, IN",India,IN,,1,"State cannot be deterministically mapped for the current row. It may conflict with the country, be a city/county/country value in the state field, or require Salesforce metadata expansion. Client/source-data owner must confirm the intended address."
Needs Client Clarification,PersonMailingState,TO,,,,1,"State cannot be deterministically mapped for the current row. It may conflict with the country, be a city/county/country value in the state field, or require Salesforce metadata expansion. Client/source-data owner must confirm the intended address."
Needs Client Clarification,PersonMailingState,TOGO,Togo,TG,,1,"State cannot be deterministically mapped for the current row. It may conflict with the country, be a city/county/country value in the state field, or require Salesforce metadata expansion. Client/source-data owner must confirm the intended address."
Needs Client Clarification,PersonMailingState,TO,Japan,JP,,1,"State cannot be deterministically mapped for the current row. It may conflict with the country, be a city/county/country value in the state field, or require Salesforce metadata expansion. Client/source-data owner must confirm the intended address."
Needs Client Clarification,PersonMailingState,TOLIMA,Colombia,CO,,1,"State cannot be deterministically mapped for the current row. It may conflict with the country, be a city/county/country value in the state field, or require Salesforce metadata expansion. Client/source-data owner must confirm the intended address."
Needs Client Clarification,PersonMailingState,TORINO,Italy,IT,,1,"State cannot be deterministically mapped for the current row. It may conflict with the country, be a city/county/country value in the state field, or require Salesforce metadata expansion. Client/source-data owner must confirm the intended address."
Needs Client Clarification,PersonMailingState,TOWER HAMLETS,United Kingdom,GB,,1,"State cannot be deterministically mapped for the current row. It may conflict with the country, be a city/county/country value in the state field, or require Salesforce metadata expansion. Client/source-data owner must confirm the intended address."
Needs Client Clarification,PersonMailingState,TOYAMA PREFECTURE,Japan,JP,,1,"State cannot be deterministically mapped for the current row. It may conflict with the country, be a city/county/country value in the state field, or require Salesforce metadata expansion. Client/source-data owner must confirm the intended address."
Needs Client Clarification,PersonMailingState,TQ,United States,US,,1,"State cannot be deterministically mapped for the current row. It may conflict with the country, be a city/county/country value in the state field, or require Salesforce metadata expansion. Client/source-data owner must confirm the intended address."
Needs Client Clarification,PersonMailingState,TRENCIN,Slovakia,SK,,1,"State cannot be deterministically mapped for the current row. It may conflict with the country, be a city/county/country value in the state field, or require Salesforce metadata expansion. Client/source-data owner must confirm the intended address."
Needs Client Clarification,PersonMailingState,TROENDELAG,Norway,NO,,1,"State cannot be deterministically mapped for the current row. It may conflict with the country, be a city/county/country value in the state field, or require Salesforce metadata expansion. Client/source-data owner must confirm the intended address."
Needs Client Clarification,PersonMailingState,TROMS,Norway,NO,,1,"State cannot be deterministically mapped for the current row. It may conflict with the country, be a city/county/country value in the state field, or require Salesforce metadata expansion. Client/source-data owner must confirm the intended address."
Needs Client Clarification,PersonMailingState,TRONDELAG,Norway,NO,,1,"State cannot be deterministically mapped for the current row. It may conflict with the country, be a city/county/country value in the state field, or require Salesforce metadata expansion. Client/source-data owner must confirm the intended address."
Needs Client Clarification,PersonMailingState,TSADA,Cyprus,CY,,1,"State cannot be deterministically mapped for the current row. It may conflict with the country, be a city/county/country value in the state field, or require Salesforce metadata expansion. Client/source-data owner must confirm the intended address."
Needs Client Clarification,PersonMailingState,TUNAL,Colombia,CO,,1,"State cannot be deterministically mapped for the current row. It may conflict with the country, be a city/county/country value in the state field, or require Salesforce metadata expansion. Client/source-data owner must confirm the intended address."
Needs Client Clarification,PersonMailingState,TUNAPUNA,Trinidad and Tobago,TT,,1,"State cannot be deterministically mapped for the current row. It may conflict with the country, be a city/county/country value in the state field, or require Salesforce metadata expansion. Client/source-data owner must confirm the intended address."
Needs Client Clarification,PersonMailingState,TUNISIA,Tunisia,TN,,1,"State cannot be deterministically mapped for the current row. It may conflict with the country, be a city/county/country value in the state field, or require Salesforce metadata expansion. Client/source-data owner must confirm the intended address."
Needs Client Clarification,PersonMailingState,TURKESTAN,Kazakhstan,KZ,,1,"State cannot be deterministically mapped for the current row. It may conflict with the country, be a city/county/country value in the state field, or require Salesforce metadata expansion. Client/source-data owner must confirm the intended address."
Needs Client Clarification,PersonMailingState,TUV,Mongolia,MN,,1,"State cannot be deterministically mapped for the current row. It may conflict with the country, be a city/county/country value in the state field, or require Salesforce metadata expansion. Client/source-data owner must confirm the intended address."
Fixable by Code Update,PersonMailingState,TV,Italy,IT,TV,1,Script can normalize state 'TV' with country 'Italy' to PersonMailingCountryCode 'IT' and PersonMailingStateCode 'TV'.
Needs Client Clarification,PersonMailingState,TX - TEXAS,United States,US,,1,"State cannot be deterministically mapped for the current row. It may conflict with the country, be a city/county/country value in the state field, or require Salesforce metadata expansion. Client/source-data owner must confirm the intended address."
Needs Client Clarification,PersonMailingState,TX- TEXAS,United States,US,,1,"State cannot be deterministically mapped for the current row. It may conflict with the country, be a city/county/country value in the state field, or require Salesforce metadata expansion. Client/source-data owner must confirm the intended address."
Needs Client Clarification,PersonMailingState,TYNE AND WEAR,United kingdom,GB,,1,"State cannot be deterministically mapped for the current row. It may conflict with the country, be a city/county/country value in the state field, or require Salesforce metadata expansion. Client/source-data owner must confirm the intended address."
Needs Client Clarification,PersonMailingState,U.P.,India,IN,,1,"State cannot be deterministically mapped for the current row. It may conflict with the country, be a city/county/country value in the state field, or require Salesforce metadata expansion. Client/source-data owner must confirm the intended address."
Needs Client Clarification,PersonMailingState,U.P,India,IN,,1,"State cannot be deterministically mapped for the current row. It may conflict with the country, be a city/county/country value in the state field, or require Salesforce metadata expansion. Client/source-data owner must confirm the intended address."
Needs Client Clarification,PersonMailingState,U.S. Virgin Islands,Italy,IT,,1,"State cannot be deterministically mapped for the current row. It may conflict with the country, be a city/county/country value in the state field, or require Salesforce metadata expansion. Client/source-data owner must confirm the intended address."
Needs Client Clarification,PersonMailingState,UA,,,,1,"State cannot be deterministically mapped for the current row. It may conflict with the country, be a city/county/country value in the state field, or require Salesforce metadata expansion. Client/source-data owner must confirm the intended address."
Fixable by Code Update,PersonMailingState,UD,Italy,IT,UD,1,Script can normalize state 'UD' with country 'Italy' to PersonMailingCountryCode 'IT' and PersonMailingStateCode 'UD'.
Needs Client Clarification,PersonMailingState,UDONTHANI,Thailand,TH,,1,"State cannot be deterministically mapped for the current row. It may conflict with the country, be a city/county/country value in the state field, or require Salesforce metadata expansion. Client/source-data owner must confirm the intended address."
Needs Client Clarification,PersonMailingState,"UKRAINE, IVANO-FRANK",Ukraine,UA,,1,"State cannot be deterministically mapped for the current row. It may conflict with the country, be a city/county/country value in the state field, or require Salesforce metadata expansion. Client/source-data owner must confirm the intended address."
Needs Client Clarification,PersonMailingState,ULSAN,United States,US,,1,"State cannot be deterministically mapped for the current row. It may conflict with the country, be a city/county/country value in the state field, or require Salesforce metadata expansion. Client/source-data owner must confirm the intended address."
Needs Client Clarification,PersonMailingState,UM SALAL ALI,Qatar,QA,,1,"State cannot be deterministically mapped for the current row. It may conflict with the country, be a city/county/country value in the state field, or require Salesforce metadata expansion. Client/source-data owner must confirm the intended address."
Needs Client Clarification,PersonMailingState,UNAVAILABLE,,,,1,"State cannot be deterministically mapped for the current row. It may conflict with the country, be a city/county/country value in the state field, or require Salesforce metadata expansion. Client/source-data owner must confirm the intended address."
Needs Client Clarification,PersonMailingState,UNITED STATES - CALI,United States,US,,1,"State cannot be deterministically mapped for the current row. It may conflict with the country, be a city/county/country value in the state field, or require Salesforce metadata expansion. Client/source-data owner must confirm the intended address."
Needs Client Clarification,PersonMailingState,UP,,,,1,"State cannot be deterministically mapped for the current row. It may conflict with the country, be a city/county/country value in the state field, or require Salesforce metadata expansion. Client/source-data owner must confirm the intended address."
Fixable by Code Update,PersonMailingState,UP,india,IN,UP,1,Script can normalize state 'UP' with country 'india' to PersonMailingCountryCode 'IN' and PersonMailingStateCode 'UP'.
Fixable by Code Update,PersonMailingState,UP,INDIA,IN,UP,1,Script can normalize state 'UP' with country 'INDIA' to PersonMailingCountryCode 'IN' and PersonMailingStateCode 'UP'.
Needs Client Clarification,PersonMailingState,UPPSALA COUNTY,Sweden,SE,,1,"State cannot be deterministically mapped for the current row. It may conflict with the country, be a city/county/country value in the state field, or require Salesforce metadata expansion. Client/source-data owner must confirm the intended address."
Needs Client Clarification,PersonMailingState,URALSK,Kazakhstan,KZ,,1,"State cannot be deterministically mapped for the current row. It may conflict with the country, be a city/county/country value in the state field, or require Salesforce metadata expansion. Client/source-data owner must confirm the intended address."
Needs Client Clarification,PersonMailingState,URI,Switzerland,CH,,1,"State cannot be deterministically mapped for the current row. It may conflict with the country, be a city/county/country value in the state field, or require Salesforce metadata expansion. Client/source-data owner must confirm the intended address."
Needs Client Clarification,PersonMailingState,US-0-OH,United States,US,,1,"State cannot be deterministically mapped for the current row. It may conflict with the country, be a city/county/country value in the state field, or require Salesforce metadata expansion. Client/source-data owner must confirm the intended address."
Needs Client Clarification,PersonMailingState,US-0-PA,United States,US,,1,"State cannot be deterministically mapped for the current row. It may conflict with the country, be a city/county/country value in the state field, or require Salesforce metadata expansion. Client/source-data owner must confirm the intended address."
Needs Client Clarification,PersonMailingState,US0006,United States,US,,1,"State cannot be deterministically mapped for the current row. It may conflict with the country, be a city/county/country value in the state field, or require Salesforce metadata expansion. Client/source-data owner must confirm the intended address."
Needs Client Clarification,PersonMailingState,USIMAA,Finland,FI,,1,"State cannot be deterministically mapped for the current row. It may conflict with the country, be a city/county/country value in the state field, or require Salesforce metadata expansion. Client/source-data owner must confirm the intended address."
Needs Client Clarification,PersonMailingState,UTTAR PARDESH,India,IN,,1,"State cannot be deterministically mapped for the current row. It may conflict with the country, be a city/county/country value in the state field, or require Salesforce metadata expansion. Client/source-data owner must confirm the intended address."
Needs Client Clarification,PersonMailingState,UTTAR PRADESH,United States,US,,1,"State cannot be deterministically mapped for the current row. It may conflict with the country, be a city/county/country value in the state field, or require Salesforce metadata expansion. Client/source-data owner must confirm the intended address."
Needs Client Clarification,PersonMailingState,UTTARA,Bangladesh,BD,,1,"State cannot be deterministically mapped for the current row. It may conflict with the country, be a city/county/country value in the state field, or require Salesforce metadata expansion. Client/source-data owner must confirm the intended address."
Needs Client Clarification,PersonMailingState,UTTARAKHNAD,India,IN,,1,"State cannot be deterministically mapped for the current row. It may conflict with the country, be a city/county/country value in the state field, or require Salesforce metadata expansion. Client/source-data owner must confirm the intended address."
Needs Client Clarification,PersonMailingState,UTTARPRADESH,India,IN,,1,"State cannot be deterministically mapped for the current row. It may conflict with the country, be a city/county/country value in the state field, or require Salesforce metadata expansion. Client/source-data owner must confirm the intended address."
Needs Client Clarification,PersonMailingState,UTTER PRADESH,India,IN,,1,"State cannot be deterministically mapped for the current row. It may conflict with the country, be a city/county/country value in the state field, or require Salesforce metadata expansion. Client/source-data owner must confirm the intended address."
Needs Client Clarification,PersonMailingState,UTTRAKHAND,India,IN,,1,"State cannot be deterministically mapped for the current row. It may conflict with the country, be a city/county/country value in the state field, or require Salesforce metadata expansion. Client/source-data owner must confirm the intended address."
Needs Client Clarification,PersonMailingState,UVA,Sri Lanka,LK,,1,"State cannot be deterministically mapped for the current row. It may conflict with the country, be a city/county/country value in the state field, or require Salesforce metadata expansion. Client/source-data owner must confirm the intended address."
Needs Client Clarification,PersonMailingState,UY,Uruguay,UY,,1,"State cannot be deterministically mapped for the current row. It may conflict with the country, be a city/county/country value in the state field, or require Salesforce metadata expansion. Client/source-data owner must confirm the intended address."
Needs Client Clarification,PersonMailingState,UZB,Uzbekistan,UZ,,1,"State cannot be deterministically mapped for the current row. It may conflict with the country, be a city/county/country value in the state field, or require Salesforce metadata expansion. Client/source-data owner must confirm the intended address."
Fixable by Code Update,PersonMailingState,VA.,United States,US,VA,1,Script can normalize state 'VA.' with country 'United States' to PersonMailingCountryCode 'US' and PersonMailingStateCode 'VA'.
Needs Client Clarification,PersonMailingState,VAL D OISE,France,FR,,1,"State cannot be deterministically mapped for the current row. It may conflict with the country, be a city/county/country value in the state field, or require Salesforce metadata expansion. Client/source-data owner must confirm the intended address."
Needs Client Clarification,PersonMailingState,VAL DE MARNE,France,FR,,1,"State cannot be deterministically mapped for the current row. It may conflict with the country, be a city/county/country value in the state field, or require Salesforce metadata expansion. Client/source-data owner must confirm the intended address."
Needs Client Clarification,PersonMailingState,VAL-DE-MARNE,France,FR,,1,"State cannot be deterministically mapped for the current row. It may conflict with the country, be a city/county/country value in the state field, or require Salesforce metadata expansion. Client/source-data owner must confirm the intended address."
Needs Client Clarification,PersonMailingState,VALEDOISE,France,FR,,1,"State cannot be deterministically mapped for the current row. It may conflict with the country, be a city/county/country value in the state field, or require Salesforce metadata expansion. Client/source-data owner must confirm the intended address."
Needs Client Clarification,PersonMailingState,VANTAA,Finland,FI,,1,"State cannot be deterministically mapped for the current row. It may conflict with the country, be a city/county/country value in the state field, or require Salesforce metadata expansion. Client/source-data owner must confirm the intended address."
Needs Client Clarification,PersonMailingState,VARMLAND,Sweden,SE,,1,"State cannot be deterministically mapped for the current row. It may conflict with the country, be a city/county/country value in the state field, or require Salesforce metadata expansion. Client/source-data owner must confirm the intended address."
Needs Client Clarification,PersonMailingState,VASTRA FROLUNDA,Sweden,SE,,1,"State cannot be deterministically mapped for the current row. It may conflict with the country, be a city/county/country value in the state field, or require Salesforce metadata expansion. Client/source-data owner must confirm the intended address."
Needs Client Clarification,PersonMailingState,VASTRA NYLAND,Finland,FI,,1,"State cannot be deterministically mapped for the current row. It may conflict with the country, be a city/county/country value in the state field, or require Salesforce metadata expansion. Client/source-data owner must confirm the intended address."
Needs Client Clarification,PersonMailingState,VC,Australia,AU,,1,"State cannot be deterministically mapped for the current row. It may conflict with the country, be a city/county/country value in the state field, or require Salesforce metadata expansion. Client/source-data owner must confirm the intended address."
Needs Client Clarification,PersonMailingState,VENETO,Italy,IT,,1,"State cannot be deterministically mapped for the current row. It may conflict with the country, be a city/county/country value in the state field, or require Salesforce metadata expansion. Client/source-data owner must confirm the intended address."
Needs Client Clarification,PersonMailingState,VENEZIA,Italy,IT,,1,"State cannot be deterministically mapped for the current row. It may conflict with the country, be a city/county/country value in the state field, or require Salesforce metadata expansion. Client/source-data owner must confirm the intended address."
Needs Client Clarification,PersonMailingState,VER,Mexico,MX,,1,"State cannot be deterministically mapped for the current row. It may conflict with the country, be a city/county/country value in the state field, or require Salesforce metadata expansion. Client/source-data owner must confirm the intended address."
Needs Client Clarification,PersonMailingState,VERSAILLES,France,FR,,1,"State cannot be deterministically mapped for the current row. It may conflict with the country, be a city/county/country value in the state field, or require Salesforce metadata expansion. Client/source-data owner must confirm the intended address."
Needs Client Clarification,PersonMailingState,VEST AGDER,Norway,NO,,1,"State cannot be deterministically mapped for the current row. It may conflict with the country, be a city/county/country value in the state field, or require Salesforce metadata expansion. Client/source-data owner must confirm the intended address."
Needs Client Clarification,PersonMailingState,VESTFOLD,Norway,NO,,1,"State cannot be deterministically mapped for the current row. It may conflict with the country, be a city/county/country value in the state field, or require Salesforce metadata expansion. Client/source-data owner must confirm the intended address."
Needs Client Clarification,PersonMailingState,VI REGION,Chile,CL,,1,"State cannot be deterministically mapped for the current row. It may conflict with the country, be a city/county/country value in the state field, or require Salesforce metadata expansion. Client/source-data owner must confirm the intended address."
Needs Client Clarification,PersonMailingState,VIENNE,France,FR,,1,"State cannot be deterministically mapped for the current row. It may conflict with the country, be a city/county/country value in the state field, or require Salesforce metadata expansion. Client/source-data owner must confirm the intended address."
Needs Client Clarification,PersonMailingState,VIKEN,Norway,NO,,1,"State cannot be deterministically mapped for the current row. It may conflict with the country, be a city/county/country value in the state field, or require Salesforce metadata expansion. Client/source-data owner must confirm the intended address."
Needs Client Clarification,PersonMailingState,VILNIAUS APSKRITIS,Lithuania,LT,,1,"State cannot be deterministically mapped for the current row. It may conflict with the country, be a city/county/country value in the state field, or require Salesforce metadata expansion. Client/source-data owner must confirm the intended address."
Needs Client Clarification,PersonMailingState,VIRGINIA (VA),United States,US,,1,"State cannot be deterministically mapped for the current row. It may conflict with the country, be a city/county/country value in the state field, or require Salesforce metadata expansion. Client/source-data owner must confirm the intended address."
Needs Client Clarification,PersonMailingState,Virginia,Italy,IT,,1,"State cannot be deterministically mapped for the current row. It may conflict with the country, be a city/county/country value in the state field, or require Salesforce metadata expansion. Client/source-data owner must confirm the intended address."
Needs Client Clarification,PersonMailingState,VLC,Spain,ES,,1,"State cannot be deterministically mapped for the current row. It may conflict with the country, be a city/county/country value in the state field, or require Salesforce metadata expansion. Client/source-data owner must confirm the intended address."
Needs Client Clarification,PersonMailingState,VOJVODINA,Serbia,RS,,1,"State cannot be deterministically mapped for the current row. It may conflict with the country, be a city/county/country value in the state field, or require Salesforce metadata expansion. Client/source-data owner must confirm the intended address."
Needs Client Clarification,PersonMailingState,VRL,Austria,AT,,1,"State cannot be deterministically mapped for the current row. It may conflict with the country, be a city/county/country value in the state field, or require Salesforce metadata expansion. Client/source-data owner must confirm the intended address."
Needs Client Clarification,PersonMailingState,VTV,United States,US,,1,"State cannot be deterministically mapped for the current row. It may conflict with the country, be a city/county/country value in the state field, or require Salesforce metadata expansion. Client/source-data owner must confirm the intended address."
Needs Client Clarification,PersonMailingState,WALES,United Kingdom,GB,,1,"State cannot be deterministically mapped for the current row. It may conflict with the country, be a city/county/country value in the state field, or require Salesforce metadata expansion. Client/source-data owner must confirm the intended address."
Needs Client Clarification,PersonMailingState,WALFERDANGE,Luxembourg,LU,,1,"State cannot be deterministically mapped for the current row. It may conflict with the country, be a city/county/country value in the state field, or require Salesforce metadata expansion. Client/source-data owner must confirm the intended address."
Needs Client Clarification,PersonMailingState,WALLISELLEN,Switzerland,CH,,1,"State cannot be deterministically mapped for the current row. It may conflict with the country, be a city/county/country value in the state field, or require Salesforce metadata expansion. Client/source-data owner must confirm the intended address."
Needs Client Clarification,PersonMailingState,"WANGHUA, FUSHUN, LIA",China,CN,,1,"State cannot be deterministically mapped for the current row. It may conflict with the country, be a city/county/country value in the state field, or require Salesforce metadata expansion. Client/source-data owner must confirm the intended address."
Needs Client Clarification,PersonMailingState,WARSAW DISTRICT,Poland,PL,,1,"State cannot be deterministically mapped for the current row. It may conflict with the country, be a city/county/country value in the state field, or require Salesforce metadata expansion. Client/source-data owner must confirm the intended address."
Needs Client Clarification,PersonMailingState,WARWICKSHIRE,United Kingdom,GB,,1,"State cannot be deterministically mapped for the current row. It may conflict with the country, be a city/county/country value in the state field, or require Salesforce metadata expansion. Client/source-data owner must confirm the intended address."
Needs Client Clarification,PersonMailingState,WASHINGTON (WA),United States,US,,1,"State cannot be deterministically mapped for the current row. It may conflict with the country, be a city/county/country value in the state field, or require Salesforce metadata expansion. Client/source-data owner must confirm the intended address."
Needs Client Clarification,PersonMailingState,Washington,Canada,CA,,1,"State cannot be deterministically mapped for the current row. It may conflict with the country, be a city/county/country value in the state field, or require Salesforce metadata expansion. Client/source-data owner must confirm the intended address."
Needs Client Clarification,PersonMailingState,Washington,Nigeria,NG,,1,"State cannot be deterministically mapped for the current row. It may conflict with the country, be a city/county/country value in the state field, or require Salesforce metadata expansion. Client/source-data owner must confirm the intended address."
Needs Client Clarification,PersonMailingState,WATTANA,Thailand,TH,,1,"State cannot be deterministically mapped for the current row. It may conflict with the country, be a city/county/country value in the state field, or require Salesforce metadata expansion. Client/source-data owner must confirm the intended address."
Needs Client Clarification,PersonMailingState,WELLIGTON,New Zealand,NZ,,1,"State cannot be deterministically mapped for the current row. It may conflict with the country, be a city/county/country value in the state field, or require Salesforce metadata expansion. Client/source-data owner must confirm the intended address."
Needs Client Clarification,PersonMailingState,WEST AFRICA,Guinea,GN,,1,"State cannot be deterministically mapped for the current row. It may conflict with the country, be a city/county/country value in the state field, or require Salesforce metadata expansion. Client/source-data owner must confirm the intended address."
Needs Client Clarification,PersonMailingState,WEST AFRICA,Senegal,SN,,1,"State cannot be deterministically mapped for the current row. It may conflict with the country, be a city/county/country value in the state field, or require Salesforce metadata expansion. Client/source-data owner must confirm the intended address."
Needs Client Clarification,PersonMailingState,WEST AUSTRALIA,AUSTRALIA,AU,,1,"State cannot be deterministically mapped for the current row. It may conflict with the country, be a city/county/country value in the state field, or require Salesforce metadata expansion. Client/source-data owner must confirm the intended address."
Needs Client Clarification,PersonMailingState,WEST COAST REGION,Gambia,GM,,1,"State cannot be deterministically mapped for the current row. It may conflict with the country, be a city/county/country value in the state field, or require Salesforce metadata expansion. Client/source-data owner must confirm the intended address."
Needs Client Clarification,PersonMailingState,WEST COAST,Gambia,GM,,1,"State cannot be deterministically mapped for the current row. It may conflict with the country, be a city/county/country value in the state field, or require Salesforce metadata expansion. Client/source-data owner must confirm the intended address."
Needs Client Clarification,PersonMailingState,WEST INDIES,Jamaica,JM,,1,"State cannot be deterministically mapped for the current row. It may conflict with the country, be a city/county/country value in the state field, or require Salesforce metadata expansion. Client/source-data owner must confirm the intended address."
Needs Client Clarification,PersonMailingState,WEST LANCASHIRE,United Kingdom,GB,,1,"State cannot be deterministically mapped for the current row. It may conflict with the country, be a city/county/country value in the state field, or require Salesforce metadata expansion. Client/source-data owner must confirm the intended address."
Needs Client Clarification,PersonMailingState,WEST MIDS,United Kingdom,GB,,1,"State cannot be deterministically mapped for the current row. It may conflict with the country, be a city/county/country value in the state field, or require Salesforce metadata expansion. Client/source-data owner must confirm the intended address."
Needs Client Clarification,PersonMailingState,WESTERN AREA,Sierra Leone,SL,,1,"State cannot be deterministically mapped for the current row. It may conflict with the country, be a city/county/country value in the state field, or require Salesforce metadata expansion. Client/source-data owner must confirm the intended address."
Needs Client Clarification,PersonMailingState,WESTERN MINDANAO,United States,US,,1,"State cannot be deterministically mapped for the current row. It may conflict with the country, be a city/county/country value in the state field, or require Salesforce metadata expansion. Client/source-data owner must confirm the intended address."
Needs Client Clarification,PersonMailingState,WESTERN PROVINCE,Saudi Arabia,SA,,1,"State cannot be deterministically mapped for the current row. It may conflict with the country, be a city/county/country value in the state field, or require Salesforce metadata expansion. Client/source-data owner must confirm the intended address."
Needs Client Clarification,PersonMailingState,WESTERN REGION,Ghana,GH,,1,"State cannot be deterministically mapped for the current row. It may conflict with the country, be a city/county/country value in the state field, or require Salesforce metadata expansion. Client/source-data owner must confirm the intended address."
Needs Client Clarification,PersonMailingState,WESTERN REGION,Saudi Arabia,SA,,1,"State cannot be deterministically mapped for the current row. It may conflict with the country, be a city/county/country value in the state field, or require Salesforce metadata expansion. Client/source-data owner must confirm the intended address."
Needs Client Clarification,PersonMailingState,WESTERN,Ghana,GH,,1,"State cannot be deterministically mapped for the current row. It may conflict with the country, be a city/county/country value in the state field, or require Salesforce metadata expansion. Client/source-data owner must confirm the intended address."
Needs Client Clarification,PersonMailingState,WESTERN,Sierra Leone,SL,,1,"State cannot be deterministically mapped for the current row. It may conflict with the country, be a city/county/country value in the state field, or require Salesforce metadata expansion. Client/source-data owner must confirm the intended address."
Needs Client Clarification,PersonMailingState,WESTON MA,United States,US,,1,"State cannot be deterministically mapped for the current row. It may conflict with the country, be a city/county/country value in the state field, or require Salesforce metadata expansion. Client/source-data owner must confirm the intended address."
Needs Client Clarification,PersonMailingState,WIELKOPOLSKA,Poland,PL,,1,"State cannot be deterministically mapped for the current row. It may conflict with the country, be a city/county/country value in the state field, or require Salesforce metadata expansion. Client/source-data owner must confirm the intended address."
Needs Client Clarification,PersonMailingState,WINTER GARDEN,United States,US,,1,"State cannot be deterministically mapped for the current row. It may conflict with the country, be a city/county/country value in the state field, or require Salesforce metadata expansion. Client/source-data owner must confirm the intended address."
Needs Client Clarification,PersonMailingState,WIRRAL,United Kingdom,GB,,1,"State cannot be deterministically mapped for the current row. It may conflict with the country, be a city/county/country value in the state field, or require Salesforce metadata expansion. Client/source-data owner must confirm the intended address."
Needs Client Clarification,PersonMailingState,WN,,,,1,"State cannot be deterministically mapped for the current row. It may conflict with the country, be a city/county/country value in the state field, or require Salesforce metadata expansion. Client/source-data owner must confirm the intended address."
Needs Client Clarification,PersonMailingState,WOLA,Poland,PL,,1,"State cannot be deterministically mapped for the current row. It may conflict with the country, be a city/county/country value in the state field, or require Salesforce metadata expansion. Client/source-data owner must confirm the intended address."
Needs Client Clarification,PersonMailingState,WOQOOYI GALBEED,Somalia,SO,,1,"State cannot be deterministically mapped for the current row. It may conflict with the country, be a city/county/country value in the state field, or require Salesforce metadata expansion. Client/source-data owner must confirm the intended address."
Needs Client Clarification,PersonMailingState,WORCESTERSHIRE,United Kingdom,GB,,1,"State cannot be deterministically mapped for the current row. It may conflict with the country, be a city/county/country value in the state field, or require Salesforce metadata expansion. Client/source-data owner must confirm the intended address."
Needs Client Clarification,PersonMailingState,WORLD,Fiji,FJ,,1,"State cannot be deterministically mapped for the current row. It may conflict with the country, be a city/county/country value in the state field, or require Salesforce metadata expansion. Client/source-data owner must confirm the intended address."
Needs Client Clarification,PersonMailingState,WP KUALA LUMPUR,Malaysia,MY,,1,"State cannot be deterministically mapped for the current row. It may conflict with the country, be a city/county/country value in the state field, or require Salesforce metadata expansion. Client/source-data owner must confirm the intended address."
Needs Client Clarification,PersonMailingState,WP,Sri Lanka,LK,,1,"State cannot be deterministically mapped for the current row. It may conflict with the country, be a city/county/country value in the state field, or require Salesforce metadata expansion. Client/source-data owner must confirm the intended address."
Needs Client Clarification,PersonMailingState,WR,Saudi Arabia,SA,,1,"State cannot be deterministically mapped for the current row. It may conflict with the country, be a city/county/country value in the state field, or require Salesforce metadata expansion. Client/source-data owner must confirm the intended address."
Needs Client Clarification,PersonMailingState,WUHAN/WUHAN/CHINA,China,CN,,1,"State cannot be deterministically mapped for the current row. It may conflict with the country, be a city/county/country value in the state field, or require Salesforce metadata expansion. Client/source-data owner must confirm the intended address."
Needs Client Clarification,PersonMailingState,XICHENG,China,CN,,1,"State cannot be deterministically mapped for the current row. It may conflict with the country, be a city/county/country value in the state field, or require Salesforce metadata expansion. Client/source-data owner must confirm the intended address."
Needs Client Clarification,PersonMailingState,XJ,China,CN,,1,"State cannot be deterministically mapped for the current row. It may conflict with the country, be a city/county/country value in the state field, or require Salesforce metadata expansion. Client/source-data owner must confirm the intended address."
Needs Client Clarification,PersonMailingState,XX - NON US STATE OR,Pakistan,PK,,1,"State cannot be deterministically mapped for the current row. It may conflict with the country, be a city/county/country value in the state field, or require Salesforce metadata expansion. Client/source-data owner must confirm the intended address."
Needs Client Clarification,PersonMailingState,XX,Panama,PA,,1,"State cannot be deterministically mapped for the current row. It may conflict with the country, be a city/county/country value in the state field, or require Salesforce metadata expansion. Client/source-data owner must confirm the intended address."
Needs Client Clarification,PersonMailingState,YANGPU,China,CN,,1,"State cannot be deterministically mapped for the current row. It may conflict with the country, be a city/county/country value in the state field, or require Salesforce metadata expansion. Client/source-data owner must confirm the intended address."
Needs Client Clarification,PersonMailingState,YANPU DISTRICT OF SH,China,CN,,1,"State cannot be deterministically mapped for the current row. It may conflict with the country, be a city/county/country value in the state field, or require Salesforce metadata expansion. Client/source-data owner must confirm the intended address."
Needs Client Clarification,PersonMailingState,YASAMAL,Azerbaijan,AZ,,1,"State cannot be deterministically mapped for the current row. It may conflict with the country, be a city/county/country value in the state field, or require Salesforce metadata expansion. Client/source-data owner must confirm the intended address."
Needs Client Clarification,PersonMailingState,YI LAN,Taiwan,TW,,1,"State cannot be deterministically mapped for the current row. It may conflict with the country, be a city/county/country value in the state field, or require Salesforce metadata expansion. Client/source-data owner must confirm the intended address."
Needs Client Clarification,PersonMailingState,YOLA,Nigeria,NG,,1,"State cannot be deterministically mapped for the current row. It may conflict with the country, be a city/county/country value in the state field, or require Salesforce metadata expansion. Client/source-data owner must confirm the intended address."
Needs Client Clarification,PersonMailingState,YORKSHIRE,United Kingdom,GB,,1,"State cannot be deterministically mapped for the current row. It may conflict with the country, be a city/county/country value in the state field, or require Salesforce metadata expansion. Client/source-data owner must confirm the intended address."
Needs Client Clarification,PersonMailingState,YORK,United Kingdom,GB,,1,"State cannot be deterministically mapped for the current row. It may conflict with the country, be a city/county/country value in the state field, or require Salesforce metadata expansion. Client/source-data owner must confirm the intended address."
Fixable by Code Update,PersonMailingState,YUCATAN,Mexico,MX,YU,1,Script can normalize state 'YUCATAN' with country 'Mexico' to PersonMailingCountryCode 'MX' and PersonMailingStateCode 'YU'.
Needs Client Clarification,PersonMailingState,YUC,Mexico,MX,,1,"State cannot be deterministically mapped for the current row. It may conflict with the country, be a city/county/country value in the state field, or require Salesforce metadata expansion. Client/source-data owner must confirm the intended address."
Needs Client Clarification,PersonMailingState,YUHANG,China,CN,,1,"State cannot be deterministically mapped for the current row. It may conflict with the country, be a city/county/country value in the state field, or require Salesforce metadata expansion. Client/source-data owner must confirm the intended address."
Needs Client Clarification,PersonMailingState,ZACHODNIOPOMORSKIE,Poland,PL,,1,"State cannot be deterministically mapped for the current row. It may conflict with the country, be a city/county/country value in the state field, or require Salesforce metadata expansion. Client/source-data owner must confirm the intended address."
Needs Client Clarification,PersonMailingState,ZAMBALES,Philippines,PH,,1,"State cannot be deterministically mapped for the current row. It may conflict with the country, be a city/county/country value in the state field, or require Salesforce metadata expansion. Client/source-data owner must confirm the intended address."
Needs Client Clarification,PersonMailingState,ZAMBOANGA DEL SUR,Philippines,PH,,1,"State cannot be deterministically mapped for the current row. It may conflict with the country, be a city/county/country value in the state field, or require Salesforce metadata expansion. Client/source-data owner must confirm the intended address."
Needs Client Clarification,PersonMailingState,ZAPOPAN,Mexico,MX,,1,"State cannot be deterministically mapped for the current row. It may conflict with the country, be a city/county/country value in the state field, or require Salesforce metadata expansion. Client/source-data owner must confirm the intended address."
Needs Client Clarification,PersonMailingState,ZARAGOZA,Spain,ES,,1,"State cannot be deterministically mapped for the current row. It may conflict with the country, be a city/county/country value in the state field, or require Salesforce metadata expansion. Client/source-data owner must confirm the intended address."
Needs Client Clarification,PersonMailingState,ZDK,Bosnia and Herzegovina,BA,,1,"State cannot be deterministically mapped for the current row. It may conflict with the country, be a city/county/country value in the state field, or require Salesforce metadata expansion. Client/source-data owner must confirm the intended address."
Needs Client Clarification,PersonMailingState,ZEALAND,Denmark,DK,,1,"State cannot be deterministically mapped for the current row. It may conflict with the country, be a city/county/country value in the state field, or require Salesforce metadata expansion. Client/source-data owner must confirm the intended address."
Needs Client Clarification,PersonMailingState,ZEALLAND,Denmark,DK,,1,"State cannot be deterministically mapped for the current row. It may conflict with the country, be a city/county/country value in the state field, or require Salesforce metadata expansion. Client/source-data owner must confirm the intended address."
Needs Client Clarification,PersonMailingState,ZH,,,,1,"State cannot be deterministically mapped for the current row. It may conflict with the country, be a city/county/country value in the state field, or require Salesforce metadata expansion. Client/source-data owner must confirm the intended address."
Needs Client Clarification,PersonMailingState,ZHEJIANG PROVINCE,China,CN,,1,"State cannot be deterministically mapped for the current row. It may conflict with the country, be a city/county/country value in the state field, or require Salesforce metadata expansion. Client/source-data owner must confirm the intended address."
Needs Client Clarification,PersonMailingState,ZHEJING,China,CN,,1,"State cannot be deterministically mapped for the current row. It may conflict with the country, be a city/county/country value in the state field, or require Salesforce metadata expansion. Client/source-data owner must confirm the intended address."
Needs Client Clarification,PersonMailingState,ZHENGZHOU,China,CN,,1,"State cannot be deterministically mapped for the current row. It may conflict with the country, be a city/county/country value in the state field, or require Salesforce metadata expansion. Client/source-data owner must confirm the intended address."
Needs Client Clarification,PersonMailingState,ZH,Netherlands,NL,,1,"State cannot be deterministically mapped for the current row. It may conflict with the country, be a city/county/country value in the state field, or require Salesforce metadata expansion. Client/source-data owner must confirm the intended address."
Needs Client Clarification,PersonMailingState,ZT,Ukraine,UA,,1,"State cannot be deterministically mapped for the current row. It may conflict with the country, be a city/county/country value in the state field, or require Salesforce metadata expansion. Client/source-data owner must confirm the intended address."
Needs Client Clarification,PersonMailingState,ZUG (SWITZERLAND),Switzerland,CH,,1,"State cannot be deterministically mapped for the current row. It may conflict with the country, be a city/county/country value in the state field, or require Salesforce metadata expansion. Client/source-data owner must confirm the intended address."
Needs Client Clarification,PersonMailingState,ZUID HOLAND,Netherlands,NL,,1,"State cannot be deterministically mapped for the current row. It may conflict with the country, be a city/county/country value in the state field, or require Salesforce metadata expansion. Client/source-data owner must confirm the intended address."
Fixable by Code Update,PersonMailingState,АЛМАТИНСКАЯ ОБЛАСТЬ,Kazakhstan,KZ,,1,State is blank/NA. Script should omit/null PersonMailingStateCode instead of sending a literal placeholder.
Fixable by Code Update,PersonMailingState,МІСТО КИІВ,Ukraine,UA,,1,State is blank/NA. Script should omit/null PersonMailingStateCode instead of sending a literal placeholder.
Fixable by Code Update,PersonMailingState,القاهرة,Egypt,EG,,1,State is blank/NA. Script should omit/null PersonMailingStateCode instead of sending a literal placeholder.
Needs Client Clarification,PersonMailingState,서울 — SEOUL,United States,US,,1,"State cannot be deterministically mapped for the current row. It may conflict with the country, be a city/county/country value in the state field, or require Salesforce metadata expansion. Client/source-data owner must confirm the intended address."
Fixable by Code Update,PersonMailingState,上海,United States,US,,1,State is blank/NA. Script should omit/null PersonMailingStateCode instead of sending a literal placeholder.
Needs Client Clarification,PersonMailingState,中国 (+86),China,CN,,1,"State cannot be deterministically mapped for the current row. It may conflict with the country, be a city/county/country value in the state field, or require Salesforce metadata expansion. Client/source-data owner must confirm the intended address."
Fixable by Code Update,PersonMailingState,中国/安徽/马鞍山,China,CN,,1,State is blank/NA. Script should omit/null PersonMailingStateCode instead of sending a literal placeholder.
Fixable by Code Update,PersonMailingState,中国,China,CN,,1,State is blank/NA. Script should omit/null PersonMailingStateCode instead of sending a literal placeholder.
Fixable by Code Update,PersonMailingState,中国天津,China,CN,,1,State is blank/NA. Script should omit/null PersonMailingStateCode instead of sending a literal placeholder.
Fixable by Code Update,PersonMailingState,付新宇,China,CN,,1,State is blank/NA. Script should omit/null PersonMailingStateCode instead of sending a literal placeholder.
Fixable by Code Update,PersonMailingState,全国,Zimbabwe,ZW,,1,State is blank/NA. Script should omit/null PersonMailingStateCode instead of sending a literal placeholder.
Fixable by Code Update,PersonMailingState,加利福尼亚州,United States,US,,1,State is blank/NA. Script should omit/null PersonMailingStateCode instead of sending a literal placeholder.
Fixable by Code Update,PersonMailingState,吉林,China,CN,,1,State is blank/NA. Script should omit/null PersonMailingStateCode instead of sending a literal placeholder.
Fixable by Code Update,PersonMailingState,大分県,Japan,JP,,1,State is blank/NA. Script should omit/null PersonMailingStateCode instead of sending a literal placeholder.
Fixable by Code Update,PersonMailingState,天津,China,CN,,1,State is blank/NA. Script should omit/null PersonMailingStateCode instead of sending a literal placeholder.
Fixable by Code Update,PersonMailingState,天津市,China,CN,,1,State is blank/NA. Script should omit/null PersonMailingStateCode instead of sending a literal placeholder.
Fixable by Code Update,PersonMailingState,天津市南开区,China,CN,,1,State is blank/NA. Script should omit/null PersonMailingStateCode instead of sending a literal placeholder.
Fixable by Code Update,PersonMailingState,安徽省/芜湖市,China,CN,,1,State is blank/NA. Script should omit/null PersonMailingStateCode instead of sending a literal placeholder.
Fixable by Code Update,PersonMailingState,安徽省,China,CN,,1,State is blank/NA. Script should omit/null PersonMailingStateCode instead of sending a literal placeholder.
Fixable by Code Update,PersonMailingState,山东省,United States,US,,1,State is blank/NA. Script should omit/null PersonMailingStateCode instead of sending a literal placeholder.
Fixable by Code Update,PersonMailingState,广东,United States,US,,1,State is blank/NA. Script should omit/null PersonMailingStateCode instead of sending a literal placeholder.
Fixable by Code Update,PersonMailingState,广东省广州市海珠区,China,CN,,1,State is blank/NA. Script should omit/null PersonMailingStateCode instead of sending a literal placeholder.
Fixable by Code Update,PersonMailingState,广东省广州市番禺区,China,CN,,1,State is blank/NA. Script should omit/null PersonMailingStateCode instead of sending a literal placeholder.
Fixable by Code Update,PersonMailingState,广东省深圳市南山区深圳大学城清华大学深圳,China,CN,,1,State is blank/NA. Script should omit/null PersonMailingStateCode instead of sending a literal placeholder.
Fixable by Code Update,PersonMailingState,广州,China,CN,,1,State is blank/NA. Script should omit/null PersonMailingStateCode instead of sending a literal placeholder.
Fixable by Code Update,PersonMailingState,广��省,China,CN,,1,State is blank/NA. Script should omit/null PersonMailingStateCode instead of sending a literal placeholder.
Fixable by Code Update,PersonMailingState,成都市/四川省/中国,China,CN,,1,State is blank/NA. Script should omit/null PersonMailingStateCode instead of sending a literal placeholder.
Fixable by Code Update,PersonMailingState,文山區,Taiwan,TW,,1,State is blank/NA. Script should omit/null PersonMailingStateCode instead of sending a literal placeholder.
Fixable by Code Update,PersonMailingState,杨浦区,China,CN,,1,State is blank/NA. Script should omit/null PersonMailingStateCode instead of sending a literal placeholder.
Fixable by Code Update,PersonMailingState,江苏省,China,CN,,1,State is blank/NA. Script should omit/null PersonMailingStateCode instead of sending a literal placeholder.
Fixable by Code Update,PersonMailingState,江苏苏州,China,CN,,1,State is blank/NA. Script should omit/null PersonMailingStateCode instead of sending a literal placeholder.
Fixable by Code Update,PersonMailingState,江西省,China,CN,,1,State is blank/NA. Script should omit/null PersonMailingStateCode instead of sending a literal placeholder.
Fixable by Code Update,PersonMailingState,河北,China,CN,,1,State is blank/NA. Script should omit/null PersonMailingStateCode instead of sending a literal placeholder.
Fixable by Code Update,PersonMailingState,河南省,United States,US,,1,State is blank/NA. Script should omit/null PersonMailingStateCode instead of sending a literal placeholder.
Fixable by Code Update,PersonMailingState,浙江省,China,CN,,1,State is blank/NA. Script should omit/null PersonMailingStateCode instead of sending a literal placeholder.
Fixable by Code Update,PersonMailingState,深圳市龙华区,China,CN,,1,State is blank/NA. Script should omit/null PersonMailingStateCode instead of sending a literal placeholder.
Fixable by Code Update,PersonMailingState,湖北/武汉/武昌区,China,CN,,1,State is blank/NA. Script should omit/null PersonMailingStateCode instead of sending a literal placeholder.
Fixable by Code Update,PersonMailingState,湖南省/长沙市/岳麓区,China,CN,,1,State is blank/NA. Script should omit/null PersonMailingStateCode instead of sending a literal placeholder.
Fixable by Code Update,PersonMailingState,湖南省/长沙市,China,CN,,1,State is blank/NA. Script should omit/null PersonMailingStateCode instead of sending a literal placeholder.
Fixable by Code Update,PersonMailingState,湖南省,China,CN,,1,State is blank/NA. Script should omit/null PersonMailingStateCode instead of sending a literal placeholder.
Fixable by Code Update,PersonMailingState,石景山区,China,CN,,1,State is blank/NA. Script should omit/null PersonMailingStateCode instead of sending a literal placeholder.
Fixable by Code Update,PersonMailingState,福建,China,CN,,1,State is blank/NA. Script should omit/null PersonMailingStateCode instead of sending a literal placeholder.
Fixable by Code Update,PersonMailingState,福建省,China,CN,,1,State is blank/NA. Script should omit/null PersonMailingStateCode instead of sending a literal placeholder.
Fixable by Code Update,PersonMailingState,辽宁,China,CN,,1,State is blank/NA. Script should omit/null PersonMailingStateCode instead of sending a literal placeholder.
Fixable by Code Update,PersonMailingState,辽宁省沈阳市,China,CN,,1,State is blank/NA. Script should omit/null PersonMailingStateCode instead of sending a literal placeholder.
Fixable by Code Update,PersonMailingState,重庆市,China,CN,,1,State is blank/NA. Script should omit/null PersonMailingStateCode instead of sending a literal placeholder.
Fixable by Code Update,PersonMailingState,重庆市南岸区,China,CN,,1,State is blank/NA. Script should omit/null PersonMailingStateCode instead of sending a literal placeholder.
Fixable by Code Update,PersonMailingState,陕西,China,CN,,1,State is blank/NA. Script should omit/null PersonMailingStateCode instead of sending a literal placeholder.
Fixable by Code Update,PersonMailingState,高雄市,Taiwan,TW,,1,State is blank/NA. Script should omit/null PersonMailingStateCode instead of sending a literal placeholder.
Fixable by Code Update,PersonMailingState,鹿児島県,Japan,JP,,1,State is blank/NA. Script should omit/null PersonMailingStateCode instead of sending a literal placeholder.
Fixable by Code Update,PersonMailingState,黑龙江,United States,US,,1,State is blank/NA. Script should omit/null PersonMailingStateCode instead of sending a literal placeholder.
Fixable by Code Update,PersonMailingState,黑龙江省,China,CN,,1,State is blank/NA. Script should omit/null PersonMailingStateCode instead of sending a literal placeholder.